# girl — SDF round-trip @ 64^3, smooth=12 (scripts/sdf-roundtrip.js, req_2604)
# source cart/editor/data/models/props/import_nude_girl/mesh/nude_girl.glb  src_tris 13260
v -0.1704 1.0294 -0.4742
v -0.1363 1.0233 -0.4840
v -0.1146 1.0272 -0.4796
v 0.1200 1.0341 -0.4762
v 0.1282 1.0270 -0.4799
v -0.1774 1.0621 -0.4828
v -0.1479 1.0512 -0.4895
v -0.1174 1.0527 -0.4795
v 0.1129 1.0677 -0.4749
v 0.1259 1.0497 -0.4817
v -0.1735 1.0879 -0.4775
v -0.1496 1.0863 -0.4783
v -0.1263 1.0767 -0.4813
v 0.1127 1.0846 -0.4759
v 0.1228 1.0728 -0.4834
v -0.0590 1.2027 -0.4783
v -0.0522 1.2049 -0.4820
v -0.0560 1.2089 -0.4820
v -0.0526 1.2079 -0.4841
v -0.1778 1.0201 -0.4281
v -0.1480 1.0251 -0.4475
v -0.1234 1.0202 -0.4736
v 0.1180 1.0297 -0.4715
v 0.1252 1.0213 -0.4772
v -0.1768 1.0520 -0.4467
v -0.1389 1.0633 -0.4258
v -0.1105 1.0526 -0.4465
v 0.0653 1.0884 -0.4186
v 0.1006 1.0631 -0.4492
v 0.1231 1.0385 -0.4744
v -0.1810 1.0793 -0.4714
v -0.1453 1.1113 -0.4462
v -0.1114 1.1061 -0.4513
v 0.0518 1.1294 -0.4257
v 0.0831 1.1026 -0.4439
v 0.1160 1.0722 -0.4732
v -0.1209 1.1542 -0.4290
v -0.0890 1.1729 -0.4551
v -0.0596 1.1987 -0.4748
v 0.0487 1.1489 -0.4227
v 0.0570 1.1401 -0.4290
v -0.0635 1.2027 -0.4748
v -0.0582 1.2035 -0.4775
v -0.1778 1.0178 -0.3763
v -0.1443 1.0225 -0.3884
v -0.1099 1.0313 -0.3642
v 0.0644 1.0310 -0.3559
v 0.1066 1.0290 -0.3639
v 0.1286 1.0301 -0.3602
v -0.1798 1.0316 -0.3926
v -0.1483 1.0522 -0.3973
v -0.0920 1.0575 -0.3804
v -0.0490 1.0747 -0.3549
v 0.0612 1.0646 -0.3782
v 0.0903 1.0619 -0.3821
v 0.1231 1.0527 -0.3644
v -0.1255 1.1068 -0.3945
v -0.0878 1.0999 -0.3913
v -0.0595 1.0871 -0.3678
v 0.0539 1.1137 -0.4095
v 0.0872 1.0923 -0.3957
v 0.1128 1.0774 -0.3726
v -0.1290 1.1417 -0.4158
v -0.1091 1.1430 -0.4172
v 0.0465 1.1422 -0.4183
v 0.0591 1.1349 -0.4189
v -0.0044 1.3199 -0.3523
v 0.0147 1.3211 -0.3521
v -0.0117 1.3686 -0.3629
v 0.0142 1.3561 -0.3601
v -0.0106 1.4227 -0.3646
v 0.0094 1.4080 -0.3647
v -0.0025 1.4533 -0.3594
v 0.0042 1.4385 -0.3680
v -0.1728 1.0248 -0.3509
v -0.1475 1.0249 -0.3537
v -0.1227 1.0239 -0.3568
v 0.0012 1.0249 -0.3026
v 0.0363 1.0235 -0.3220
v 0.0916 1.0249 -0.3493
v 0.1205 1.0227 -0.3568
v -0.1807 1.0269 -0.3604
v -0.1491 1.0479 -0.3535
v -0.0964 1.0502 -0.3464
v -0.0303 1.0477 -0.3273
v 0.0279 1.0332 -0.3306
v 0.0838 1.0494 -0.3509
v 0.1218 1.0404 -0.3537
v -0.1326 1.0808 -0.3627
v -0.1031 1.0876 -0.3545
v -0.0596 1.0832 -0.3509
v 0.1002 1.0766 -0.3662
v 0.1160 1.0728 -0.3609
v -0.0014 1.2598 -0.3039
v 0.0062 1.2548 -0.3040
v -0.0116 1.2999 -0.3191
v 0.0077 1.2920 -0.3229
v -0.0225 1.3514 -0.3303
v 0.0227 1.3495 -0.3295
v -0.0245 1.4129 -0.3300
v 0.0241 1.4103 -0.3291
v -0.0111 1.4757 -0.3242
v 0.0112 1.4660 -0.3331
v -0.0039 1.5143 -0.3009
v 0.0025 1.5043 -0.3148
v -0.0039 1.0210 -0.2888
v 0.0049 1.0191 -0.2951
v -0.0093 1.0279 -0.2960
v 0.0020 1.0254 -0.3018
v -0.3029 1.2579 -0.2312
v -0.2903 1.2613 -0.2357
v -0.0004 1.2545 -0.2929
v 0.0034 1.2465 -0.2960
v 0.2403 1.2575 -0.2378
v 0.2504 1.2555 -0.2355
v -0.2967 1.2738 -0.2350
v -0.2686 1.2985 -0.2455
v -0.2322 1.3227 -0.2431
v -0.0040 1.2868 -0.2961
v 0.0058 1.2695 -0.2972
v 0.2375 1.2657 -0.2372
v 0.2409 1.2580 -0.2444
v -0.2912 1.3849 -0.2331
v -0.2624 1.3583 -0.2494
v -0.2330 1.3480 -0.2443
v -0.0093 1.3444 -0.2997
v 0.0097 1.3244 -0.3006
v 0.2419 1.3858 -0.2360
v 0.2593 1.3855 -0.2353
v -0.2999 1.4294 -0.2357
v -0.2720 1.4084 -0.2396
v -0.2416 1.3777 -0.2474
v -0.0133 1.4092 -0.2950
v 0.0132 1.3912 -0.2976
v 0.2388 1.4264 -0.2469
v 0.2719 1.4178 -0.2428
v 0.3020 1.4362 -0.2353
v -0.3011 1.4495 -0.2344
v -0.2934 1.4412 -0.2420
v -0.0130 1.4765 -0.2645
v 0.0112 1.4680 -0.2757
v 0.2428 1.4485 -0.2434
v 0.2679 1.4463 -0.2437
v 0.2928 1.4437 -0.2439
v -0.0069 1.5128 -0.2694
v 0.0076 1.5110 -0.2854
v -0.3073 1.2553 -0.1938
v -0.2929 1.2530 -0.2038
v 0.2476 1.2630 -0.2230
v 0.2762 1.2556 -0.2037
v 0.3041 1.2527 -0.1831
v -0.3078 1.2909 -0.2111
v -0.2780 1.2909 -0.2185
v -0.2427 1.3106 -0.2364
v -0.1223 1.3197 -0.1741
v -0.1062 1.3151 -0.1795
v 0.2356 1.2945 -0.2047
v 0.2621 1.2768 -0.2111
v 0.2939 1.2583 -0.1915
v -0.3023 1.3545 -0.2059
v -0.2738 1.3431 -0.2206
v -0.2075 1.3525 -0.2033
v -0.1427 1.3523 -0.1837
v -0.1133 1.3285 -0.1877
v 0.2280 1.3627 -0.1974
v 0.2690 1.3577 -0.2078
v 0.3077 1.3850 -0.1878
v -0.3005 1.4206 -0.1997
v -0.2769 1.4101 -0.2015
v -0.2228 1.3845 -0.2112
v -0.1776 1.3757 -0.1944
v 0.2372 1.4138 -0.2094
v 0.2679 1.4136 -0.2067
v 0.3014 1.4152 -0.2076
v -0.3025 1.4469 -0.2084
v -0.2894 1.4438 -0.2190
v -0.0122 1.4942 -0.1971
v 0.0081 1.4975 -0.2136
v 0.2349 1.4403 -0.2360
v 0.2640 1.4471 -0.2140
v 0.2982 1.4483 -0.2228
v -0.0077 1.5162 -0.2152
v 0.0089 1.5166 -0.2325
v -0.1233 -0.9116 -0.1208
v -0.1064 -0.9074 -0.1246
v 0.1158 -0.9120 -0.1234
v 0.1329 -0.9067 -0.1195
v -0.1201 -0.8933 -0.1193
v -0.1116 -0.8997 -0.1267
v 0.1202 -0.8934 -0.1199
v 0.1278 -0.8989 -0.1233
v -0.2990 1.2589 -0.1679
v -0.2615 1.2533 -0.1439
v -0.1882 1.2518 -0.1265
v -0.1343 1.2550 -0.1268
v -0.1103 1.2583 -0.1236
v 0.1746 1.2633 -0.1191
v 0.1874 1.2596 -0.1193
v 0.2942 1.2579 -0.1789
v 0.3035 1.2519 -0.1794
v -0.3101 1.2818 -0.1801
v -0.2763 1.2716 -0.1571
v -0.2114 1.2656 -0.1292
v -0.1505 1.2912 -0.1370
v -0.1101 1.2934 -0.1441
v 0.1205 1.3207 -0.1174
v 0.1616 1.3014 -0.1299
v 0.2070 1.2940 -0.1416
v 0.2665 1.2803 -0.1808
v 0.2975 1.2603 -0.1806
v -0.3137 1.3121 -0.1897
v -0.2978 1.3112 -0.1898
v -0.1814 1.3770 -0.1356
v -0.1439 1.3521 -0.1491
v -0.1109 1.3307 -0.1641
v 0.1084 1.3663 -0.1194
v 0.1521 1.3497 -0.1342
v 0.2089 1.3491 -0.1479
v 0.2662 1.3436 -0.1694
v 0.2995 1.3709 -0.1787
v -0.2943 1.4415 -0.1676
v -0.2591 1.4351 -0.1424
v -0.2060 1.4095 -0.1406
v -0.1679 1.3867 -0.1626
v -0.0614 1.4386 -0.1220
v -0.0125 1.4304 -0.1327
v 0.0436 1.4289 -0.1285
v 0.0958 1.4170 -0.1181
v 0.1466 1.3909 -0.1211
v 0.2177 1.4093 -0.1406
v 0.2603 1.4165 -0.1548
v 0.3036 1.4001 -0.1720
v -0.3035 1.4448 -0.1823
v -0.2768 1.4475 -0.1595
v -0.2439 1.4412 -0.1304
v -0.0706 1.4888 -0.1343
v -0.0314 1.4720 -0.1558
v 0.0197 1.4795 -0.1602
v 0.0726 1.4735 -0.1299
v 0.2426 1.4484 -0.1214
v 0.2622 1.4435 -0.1552
v 0.2946 1.4399 -0.1814
v -0.0693 1.5467 -0.1321
v -0.0248 1.5293 -0.1632
v 0.0228 1.5325 -0.1720
v 0.0667 1.5307 -0.1335
v -0.0658 1.5815 -0.1262
v -0.0297 1.5934 -0.1332
v 0.0285 1.5911 -0.1314
v 0.0586 1.5666 -0.1332
v -0.0065 1.6268 -0.1188
v 0.0057 1.6181 -0.1260
v -0.1255 -1.2064 -0.0631
v -0.0970 -1.2088 -0.0678
v 0.1116 -1.2084 -0.0642
v 0.1420 -1.2018 -0.0607
v -0.1363 -1.1615 -0.0758
v -0.0852 -1.1694 -0.0720
v -0.0516 -1.1421 -0.0571
v 0.0587 -1.1487 -0.0642
v 0.1004 -1.1651 -0.0788
v 0.1399 -1.1729 -0.0725
v -0.1827 -1.0909 -0.0661
v -0.1428 -1.1086 -0.0869
v -0.0938 -1.1139 -0.0870
v -0.0537 -1.1087 -0.0658
v 0.0539 -1.0954 -0.0703
v 0.0968 -1.1119 -0.0896
v 0.1536 -1.1147 -0.0775
v 0.1890 -1.0822 -0.0583
v -0.1854 -1.0359 -0.0716
v -0.1450 -1.0531 -0.0953
v -0.0950 -1.0554 -0.0951
v -0.0535 -1.0526 -0.0714
v 0.0525 -1.0381 -0.0737
v 0.0949 -1.0550 -0.0972
v 0.1461 -1.0553 -0.0934
v 0.1866 -1.0475 -0.0672
v -0.1850 -0.9782 -0.0726
v -0.1462 -0.9961 -0.1008
v -0.0946 -0.9954 -0.1008
v -0.0514 -0.9916 -0.0742
v 0.0511 -0.9789 -0.0762
v 0.0932 -0.9963 -0.1014
v 0.1442 -0.9954 -0.0980
v 0.1852 -0.9902 -0.0703
v -0.1815 -0.9200 -0.0692
v -0.1501 -0.9418 -0.1019
v -0.0995 -0.9316 -0.1094
v -0.0512 -0.9305 -0.0760
v 0.0517 -0.9183 -0.0768
v 0.0883 -0.9419 -0.1068
v 0.1380 -0.9338 -0.1052
v 0.1804 -0.9340 -0.0712
v -0.1797 -0.8862 -0.0654
v -0.1455 -0.8752 -0.0884
v -0.0961 -0.8790 -0.1066
v -0.0554 -0.8740 -0.0768
v 0.0553 -0.8576 -0.0714
v 0.0970 -0.8805 -0.1017
v 0.1483 -0.8745 -0.0883
v 0.1717 -0.9011 -0.0768
v -0.1335 -0.8008 -0.0672
v -0.0916 -0.8135 -0.0732
v -0.0642 -0.8403 -0.0772
v 0.0581 -0.8230 -0.0667
v 0.0897 -0.8108 -0.0763
v 0.1305 -0.8153 -0.0730
v -0.1220 -0.7714 -0.0615
v -0.1114 -0.7837 -0.0704
v 0.1127 -0.7724 -0.0625
v 0.1216 -0.7830 -0.0689
v -0.1306 0.1772 -0.0616
v -0.1005 0.1786 -0.0607
v 0.1167 0.1777 -0.0613
v 0.1476 0.1755 -0.0651
v -0.1804 0.2303 -0.0610
v -0.1412 0.2182 -0.0722
v -0.0875 0.2149 -0.0684
v -0.0477 0.2412 -0.0624
v 0.0535 0.2357 -0.0656
v 0.1019 0.2209 -0.0716
v 0.1563 0.2096 -0.0677
v 0.1859 0.2305 -0.0576
v -0.1807 0.2574 -0.0617
v -0.1473 0.2709 -0.0672
v -0.0980 0.2620 -0.0730
v -0.0554 0.2698 -0.0649
v 0.0541 0.2841 -0.0651
v 0.0913 0.2675 -0.0734
v 0.1472 0.2661 -0.0642
v 0.1756 0.2425 -0.0636
v -0.1234 0.3117 -0.0579
v -0.0927 0.3034 -0.0641
v -0.0662 0.2943 -0.0658
v 0.0642 0.3148 -0.0586
v 0.0925 0.3070 -0.0626
v 0.1199 0.2947 -0.0656
v -1.6205 0.8997 -0.0515
v -1.6033 0.9097 -0.0559
v -1.6135 0.9159 -0.0551
v -1.5792 0.9388 -0.0587
v -1.5481 0.9582 -0.0485
v -0.0740 0.9520 -0.0641
v -0.0442 0.9595 -0.0628
v 0.0591 0.9548 -0.0641
v 0.0875 0.9494 -0.0668
v -1.5614 0.9616 -0.0580
v -1.5569 0.9613 -0.0576
v -0.1290 1.0111 -0.0673
v -0.0885 0.9935 -0.0699
v -0.0519 0.9902 -0.0667
v 0.0558 1.0071 -0.0674
v 0.1001 0.9912 -0.0695
v 0.1358 1.0165 -0.0677
v -0.1322 1.0593 -0.0648
v -0.0908 1.0496 -0.0665
v -0.0650 1.0191 -0.0691
v 0.0574 1.0432 -0.0676
v 0.0900 1.0545 -0.0661
v 0.1277 1.0478 -0.0656
v -0.1246 1.0863 -0.0574
v -0.1128 1.0771 -0.0634
v 0.1140 1.0887 -0.0560
v 0.1211 1.0754 -0.0632
v -0.2437 1.2594 -0.1108
v -0.2059 1.2531 -0.1140
v -0.1500 1.2516 -0.1122
v -0.1193 1.2490 -0.1148
v 0.1717 1.2575 -0.1096
v 0.1804 1.2506 -0.1125
v -0.3521 1.3215 -0.0619
v -0.3140 1.3137 -0.0628
v -0.2729 1.2882 -0.0888
v -0.2272 1.2674 -0.1127
v -0.1587 1.2838 -0.1105
v -0.1144 1.2742 -0.1126
v 0.1197 1.3221 -0.1009
v 0.1519 1.2927 -0.1088
v 0.1815 1.2726 -0.1125
v 0.3074 1.3204 -0.0570
v 0.3448 1.3188 -0.0663
v 0.3605 1.3184 -0.0660
v -0.3572 1.3271 -0.0623
v -0.3311 1.3247 -0.0615
v -0.3022 1.3158 -0.0662
v -0.1735 1.3863 -0.1081
v -0.1488 1.3483 -0.1153
v -0.0931 1.3438 -0.0978
v -0.0159 1.3608 -0.0796
v 0.0460 1.3650 -0.0759
v 0.0994 1.3586 -0.0880
v 0.1443 1.3504 -0.0952
v 0.1823 1.3267 -0.1123
v 0.3044 1.3289 -0.0593
v 0.3324 1.3263 -0.0666
v 0.3548 1.3223 -0.0685
v -0.2410 1.4394 -0.1102
v -0.2080 1.4156 -0.1124
v -0.1487 1.4110 -0.0928
v -0.0919 1.4068 -0.0925
v -0.0428 1.3954 -0.1049
v 0.0155 1.3952 -0.1055
v 0.0891 1.4043 -0.0939
v 0.1329 1.4089 -0.0844
v 0.1962 1.4014 -0.1094
v 0.2359 1.4289 -0.1198
v -0.2546 1.4477 -0.1198
v -0.2375 1.4404 -0.1168
v -0.1368 1.4847 -0.0721
v -0.1038 1.4561 -0.1029
v 0.1042 1.4704 -0.1037
v 0.1323 1.4714 -0.0703
v 0.2291 1.4392 -0.1121
v 0.2445 1.4441 -0.1170
v -0.1311 1.5455 -0.0700
v -0.1044 1.5150 -0.1046
v 0.1027 1.5291 -0.1045
v 0.1314 1.5299 -0.0720
v -0.1258 1.5804 -0.0685
v -0.0909 1.5891 -0.0935
v -0.0570 1.6010 -0.1185
v 0.0580 1.6192 -0.1037
v 0.0914 1.5943 -0.0894
v 0.1223 1.5650 -0.0772
v -0.0650 1.6404 -0.0727
v -0.0292 1.6339 -0.0963
v 0.0321 1.6373 -0.0962
v 0.0713 1.6318 -0.0824
v -0.1148 -1.6770 -0.0049
v -0.0807 -1.6817 -0.0136
v -0.0626 -1.6759 -0.0064
v 0.0707 -1.6753 -0.0063
v 0.1028 -1.6820 -0.0096
v 0.1246 -1.6761 -0.0011
v -0.1228 -1.6349 -0.0108
v -0.0896 -1.6481 -0.0225
v -0.0616 -1.6464 -0.0067
v 0.0616 -1.6329 -0.0088
v 0.0920 -1.6477 -0.0233
v 0.1221 -1.6474 -0.0085
v -0.1192 -1.5807 -0.0047
v -0.0922 -1.5979 -0.0197
v -0.0634 -1.5949 -0.0078
v 0.0626 -1.5797 -0.0033
v 0.0888 -1.5977 -0.0191
v 0.1176 -1.5960 -0.0096
v -0.1104 -1.5469 0.0014
v -0.0895 -1.5538 -0.0056
v -0.0697 -1.5638 -0.0087
v 0.0700 -1.5464 0.0023
v 0.0908 -1.5536 -0.0045
v 0.1105 -1.5644 -0.0087
v -0.1127 -1.4487 0.0056
v -0.0792 -1.4528 0.0004
v -0.0577 -1.4396 0.0088
v 0.0668 -1.4500 0.0048
v 0.1002 -1.4525 0.0005
v 0.1226 -1.4379 0.0098
v -0.1204 -1.3981 -0.0007
v -0.0880 -1.4121 -0.0108
v -0.0597 -1.4074 0.0027
v 0.0608 -1.3989 -0.0010
v 0.0923 -1.4128 -0.0112
v 0.1220 -1.4067 0.0029
v -0.1249 -1.3397 -0.0058
v -0.0901 -1.3558 -0.0177
v -0.0600 -1.3526 -0.0022
v 0.0591 -1.3397 -0.0052
v 0.0917 -1.3570 -0.0184
v 0.1240 -1.3537 -0.0029
v -0.1330 -1.2795 -0.0140
v -0.0912 -1.2950 -0.0256
v -0.0572 -1.2915 -0.0062
v 0.0561 -1.2798 -0.0101
v 0.0935 -1.2974 -0.0273
v 0.1317 -1.2931 -0.0099
v -0.1808 -1.2036 -0.0079
v -0.1498 -1.2316 -0.0301
v -0.0971 -1.2338 -0.0453
v -0.0556 -1.2306 -0.0134
v 0.0492 -1.2223 -0.0159
v 0.0848 -1.2457 -0.0414
v 0.1479 -1.2265 -0.0298
v 0.1832 -1.1991 -0.0082
v -0.1906 -1.1606 -0.0167
v -0.1667 -1.1911 -0.0466
v -0.0804 -1.2003 -0.0611
v -0.0534 -1.1703 -0.0322
v 0.0408 -1.1667 -0.0215
v 0.0688 -1.1991 -0.0550
v 0.1659 -1.1746 -0.0499
v 0.1851 -1.1693 -0.0140
v -0.1983 -1.1082 -0.0215
v -0.1766 -1.1430 -0.0574
v -0.0356 -1.1040 -0.0259
v 0.0343 -1.1117 -0.0255
v 0.1660 -1.1453 -0.0632
v 0.1887 -1.1118 -0.0325
v -0.2041 -1.0522 -0.0263
v -0.0319 -1.0472 -0.0273
v 0.0310 -1.0548 -0.0274
v 0.2033 -1.0435 -0.0261
v -0.2051 -0.9929 -0.0270
v -0.0298 -0.9869 -0.0284
v 0.0298 -0.9952 -0.0284
v 0.2055 -0.9853 -0.0257
v -0.2003 -0.9307 -0.0253
v -0.0284 -0.9261 -0.0284
v 0.0295 -0.9344 -0.0295
v 0.2020 -0.9261 -0.0251
v -0.1912 -0.8693 -0.0287
v -0.1772 -0.8637 -0.0576
v -0.0310 -0.8664 -0.0285
v 0.0325 -0.8730 -0.0297
v 0.1788 -0.8435 -0.0431
v 0.1891 -0.8724 -0.0350
v -0.1885 -0.8292 -0.0051
v -0.1704 -0.8172 -0.0306
v -0.0653 -0.7799 -0.0459
v -0.0454 -0.8072 -0.0339
v 0.0467 -0.8069 -0.0320
v 0.0665 -0.8017 -0.0605
v 0.1699 -0.8077 -0.0238
v 0.1875 -0.8337 -0.0215
v -0.1377 -0.7467 -0.0268
v -0.0912 -0.7566 -0.0456
v -0.0527 -0.7489 -0.0148
v 0.0570 -0.7379 -0.0090
v 0.0902 -0.7584 -0.0430
v 0.1398 -0.7540 -0.0328
v -0.1332 -0.6761 -0.0036
v -0.0894 -0.6930 -0.0119
v -0.0665 -0.7217 -0.0139
v 0.0612 -0.7045 -0.0021
v 0.0878 -0.6876 -0.0132
v 0.1299 -0.6919 -0.0092
v -0.1337 -0.6169 -0.0002
v -0.1024 -0.6334 -0.0081
v 0.1009 -0.6173 -0.0069
v 0.1308 -0.6311 -0.0000
v -0.1353 -0.5586 -0.0037
v -0.1036 -0.5728 -0.0069
v 0.1042 -0.5565 -0.0072
v 0.1356 -0.5713 -0.0029
v -0.1390 -0.5029 -0.0105
v -0.1024 -0.5123 -0.0086
v 0.1054 -0.4981 -0.0102
v 0.1398 -0.5159 -0.0099
v -0.1842 -0.4308 -0.0033
v -0.1415 -0.4486 -0.0172
v -0.1006 -0.4577 -0.0134
v 0.1023 -0.4423 -0.0155
v 0.1554 -0.4533 -0.0117
v 0.1912 -0.4253 0.0017
v -0.1896 -0.3752 -0.0076
v -0.1434 -0.3917 -0.0228
v -0.0859 -0.3949 -0.0143
v -0.0510 -0.3635 0.0020
v 0.0569 -0.3717 -0.0042
v 0.0960 -0.3882 -0.0213
v 0.1459 -0.3932 -0.0219
v 0.1898 -0.3908 -0.0050
v -0.1934 -0.3181 -0.0127
v -0.1456 -0.3322 -0.0262
v -0.0946 -0.3347 -0.0238
v -0.0553 -0.3291 -0.0038
v 0.0558 -0.3165 -0.0053
v 0.0937 -0.3327 -0.0248
v 0.1443 -0.3345 -0.0265
v 0.1915 -0.3338 -0.0117
v -0.1980 -0.2627 -0.0187
v -0.1466 -0.2722 -0.0262
v -0.0959 -0.2773 -0.0239
v -0.0593 -0.2754 -0.0062
v 0.0580 -0.2591 -0.0027
v 0.0943 -0.2739 -0.0243
v 0.1480 -0.2753 -0.0292
v 0.1961 -0.2770 -0.0185
v -0.2432 -0.1909 -0.0056
v -0.2029 -0.2085 -0.0244
v -0.1506 -0.2133 -0.0272
v -0.0893 -0.2124 -0.0117
v -0.0661 -0.2413 -0.0092
v 0.0595 -0.2260 -0.0004
v 0.0898 -0.2089 -0.0160
v 0.1502 -0.2146 -0.0303
v 0.2136 -0.2133 -0.0180
v 0.2501 -0.1832 -0.0001
v -0.2461 -0.1353 -0.0079
v -0.2051 -0.1528 -0.0281
v -0.1542 -0.1546 -0.0299
v -0.1037 -0.1523 -0.0157
v 0.1031 -0.1380 -0.0158
v 0.1514 -0.1519 -0.0303
v 0.2057 -0.1530 -0.0276
v 0.2470 -0.1486 -0.0068
v -0.2467 -0.0768 -0.0072
v -0.2052 -0.0946 -0.0282
v -0.1546 -0.0945 -0.0302
v -0.1062 -0.0909 -0.0157
v 0.1058 -0.0774 -0.0146
v 0.1536 -0.0904 -0.0297
v 0.2054 -0.0923 -0.0283
v 0.2466 -0.0912 -0.0083
v -0.2464 -0.0161 -0.0056
v -0.2056 -0.0343 -0.0257
v -0.1562 -0.0337 -0.0274
v -0.1085 -0.0284 -0.0107
v 0.1088 -0.0156 -0.0093
v 0.1545 -0.0310 -0.0277
v 0.2058 -0.0320 -0.0271
v 0.2476 -0.0297 -0.0074
v -0.2445 0.0446 -0.0038
v -0.2064 0.0283 -0.0230
v -0.1582 0.0269 -0.0248
v -0.1139 0.0318 -0.0057
v 0.1142 0.0465 -0.0029
v 0.1574 0.0289 -0.0227
v 0.2055 0.0245 -0.0246
v 0.2449 0.0276 -0.0080
v -0.2426 0.0794 -0.0031
v -0.2132 0.0943 -0.0191
v -0.1578 0.0875 -0.0283
v -0.1134 0.0873 -0.0082
v 0.1118 0.1031 -0.0086
v 0.1577 0.0891 -0.0230
v 0.2141 0.0888 -0.0134
v 0.2369 0.0614 -0.0111
v -0.2058 0.1587 -0.0269
v -0.1638 0.1408 -0.0416
v -0.0918 0.1509 -0.0298
v -0.0143 0.1716 -0.0131
v 0.0408 0.1647 -0.0148
v 0.0913 0.1488 -0.0292
v 0.1494 0.1498 -0.0430
v 0.2001 0.1474 -0.0217
v -0.2068 0.2122 -0.0323
v -0.1754 0.1853 -0.0557
v -0.0808 0.1863 -0.0574
v -0.0385 0.2117 -0.0509
v 0.0180 0.2049 -0.0446
v 0.0664 0.1894 -0.0524
v 0.1651 0.1822 -0.0598
v 0.1943 0.2070 -0.0381
v -0.1960 0.2729 -0.0333
v -0.1746 0.2786 -0.0554
v -0.0189 0.2725 -0.0554
v 0.0155 0.2561 -0.0564
v 0.1745 0.2956 -0.0443
v 0.1944 0.2696 -0.0363
v -0.1903 0.3193 -0.0143
v -0.1518 0.3279 -0.0316
v -0.0889 0.3386 -0.0422
v -0.0339 0.3229 -0.0472
v 0.0355 0.3204 -0.0455
v 0.0920 0.3389 -0.0421
v 0.1511 0.3299 -0.0303
v 0.1884 0.3095 -0.0245
v -0.1263 0.3744 -0.0045
v -0.0900 0.3723 -0.0135
v -0.0308 0.3732 -0.0152
v 0.0313 0.3716 -0.0144
v 0.0894 0.3710 -0.0135
v 0.1240 0.3638 -0.0175
v -1.6771 0.8425 0.0037
v -1.6599 0.8360 0.0035
v -0.1290 0.8278 -0.0115
v -0.0735 0.8231 -0.0166
v -0.0131 0.8223 -0.0176
v 0.0484 0.8226 -0.0181
v 0.1089 0.8266 -0.0146
v 0.1442 0.8318 -0.0098
v 1.6709 0.8418 0.0069
v 1.6819 0.8374 0.0065
v -1.6764 0.8817 -0.0044
v -1.6452 0.8674 -0.0146
v -1.6135 0.8951 -0.0283
v -0.1813 0.8924 -0.0034
v -0.1429 0.8742 -0.0263
v -0.0906 0.8690 -0.0351
v -0.0308 0.8681 -0.0365
v 0.0308 0.8675 -0.0373
v 0.0936 0.8690 -0.0344
v 0.1536 0.8701 -0.0160
v 0.1862 0.8967 0.0025
v 1.6221 0.8982 -0.0036
v 1.6510 0.8756 0.0016
v 1.6750 0.8474 -0.0005
v -1.6705 0.9088 0.0025
v -1.6407 0.9047 -0.0238
v -1.5892 0.9278 -0.0417
v -1.5225 0.9559 -0.0186
v -1.4934 0.9606 0.0016
v -0.7852 0.9607 0.0005
v -0.7364 0.9531 -0.0029
v -0.6796 0.9524 -0.0031
v -0.6194 0.9529 -0.0034
v -0.5586 0.9528 -0.0040
v -0.4972 0.9534 -0.0043
v -0.4359 0.9552 -0.0046
v -0.3797 0.9570 -0.0023
v -0.3463 0.9580 0.0066
v -0.1935 0.9425 -0.0142
v -0.1533 0.9231 -0.0384
v -0.1049 0.9138 -0.0505
v -0.0407 0.9268 -0.0544
v 0.0193 0.9163 -0.0526
v 0.0861 0.9238 -0.0558
v 0.1479 0.9244 -0.0394
v 0.1904 0.9267 -0.0082
v 0.3511 0.9596 0.0031
v 0.4025 0.9560 -0.0032
v 0.4608 0.9547 -0.0041
v 0.5212 0.9535 -0.0041
v 0.5817 0.9531 -0.0043
v 0.6428 0.9529 -0.0041
v 0.7032 0.9524 -0.0036
v 0.7572 0.9560 -0.0028
v 0.7886 0.9657 -0.0013
v 1.6166 0.9088 -0.0031
v 1.6259 0.9012 -0.0040
v -1.5679 0.9538 -0.0541
v -1.5355 0.9622 -0.0329
v -1.5025 0.9633 -0.0077
v -0.7887 1.0021 -0.0053
v -0.7491 0.9909 -0.0150
v -0.6953 0.9882 -0.0166
v -0.6353 0.9889 -0.0172
v -0.5744 0.9891 -0.0181
v -0.5140 0.9889 -0.0188
v -0.4543 0.9902 -0.0196
v -0.3938 0.9933 -0.0203
v -0.3268 0.9895 -0.0109
v -0.2592 1.0010 -0.0181
v -0.2082 0.9932 -0.0318
v -0.1637 0.9759 -0.0497
v -0.1197 0.9586 -0.0616
v -0.0186 0.9888 -0.0616
v 0.0168 0.9715 -0.0607
v 0.1060 0.9563 -0.0662
v 0.1474 0.9851 -0.0582
v 0.2172 0.9842 -0.0232
v 0.2839 1.0025 -0.0128
v 0.3356 0.9974 -0.0138
v 0.3880 0.9911 -0.0179
v 0.4454 0.9900 -0.0188
v 0.5054 0.9895 -0.0185
v 0.5660 0.9890 -0.0183
v 0.6273 0.9892 -0.0177
v 0.6882 0.9892 -0.0166
v 0.7411 0.9884 -0.0148
v 0.7817 0.9914 -0.0057
v -0.7758 1.0277 0.0051
v -0.7442 1.0243 -0.0008
v -0.6918 1.0222 -0.0027
v -0.6315 1.0234 -0.0027
v -0.5702 1.0246 -0.0032
v -0.5099 1.0253 -0.0040
v -0.4518 1.0277 -0.0044
v -0.3965 1.0353 -0.0067
v -0.3314 1.0554 -0.0126
v -0.2729 1.0486 -0.0311
v -0.2146 1.0465 -0.0410
v -0.1685 1.0322 -0.0553
v -0.0618 1.0809 -0.0580
v -0.0314 1.0500 -0.0622
v 0.0323 1.0450 -0.0596
v 0.0660 1.0657 -0.0608
v 0.1668 1.0508 -0.0543
v 0.2154 1.0477 -0.0413
v 0.2702 1.0488 -0.0293
v 0.3325 1.0533 -0.0062
v 0.3916 1.0315 -0.0057
v 0.4495 1.0258 -0.0052
v 0.5097 1.0247 -0.0042
v 0.5702 1.0238 -0.0039
v 0.6306 1.0235 -0.0036
v 0.6910 1.0239 -0.0026
v 0.7457 1.0214 -0.0028
v 0.7732 1.0138 -0.0056
v -0.2982 1.0936 0.0017
v -0.2679 1.0911 -0.0100
v -0.2118 1.0906 -0.0191
v -0.1511 1.0891 -0.0349
v -0.0882 1.1149 -0.0367
v -0.0268 1.1154 -0.0482
v 0.0282 1.1126 -0.0450
v 0.0909 1.1102 -0.0295
v 0.1525 1.0929 -0.0343
v 0.2179 1.0923 -0.0185
v 0.2699 1.0893 -0.0156
v 0.3017 1.0814 -0.0166
v -0.0643 1.1864 -0.0074
v -0.0278 1.1715 -0.0286
v 0.0235 1.1683 -0.0301
v 0.0633 1.1712 -0.0144
v -0.0599 1.2177 0.0001
v -0.0304 1.2323 -0.0122
v 0.0306 1.2272 -0.0103
v 0.0525 1.2030 -0.0101
v 0.2368 1.2670 0.0013
v 0.2482 1.2656 -0.0042
v -0.3567 1.3213 -0.0565
v -0.3256 1.3183 -0.0502
v -0.2646 1.3144 -0.0244
v -0.2327 1.3232 0.0030
v -0.0668 1.3102 -0.0071
v -0.0244 1.2916 -0.0212
v 0.0363 1.2867 -0.0135
v 0.0774 1.3126 -0.0028
v 0.2365 1.3086 -0.0050
v 0.2691 1.3002 -0.0252
v 0.3279 1.3163 -0.0563
v 0.3546 1.3164 -0.0628
v -0.3633 1.3247 -0.0596
v -0.3431 1.3253 -0.0548
v -0.2816 1.3225 -0.0355
v -0.2422 1.3258 -0.0057
v -0.1262 1.3765 -0.0027
v -0.0884 1.3494 -0.0294
v -0.0428 1.3319 -0.0459
v 0.0147 1.3306 -0.0455
v 0.0883 1.3496 -0.0285
v 0.1362 1.3818 -0.0011
v 0.2337 1.3280 -0.0030
v 0.2693 1.3220 -0.0333
v 0.3120 1.3235 -0.0539
v 0.3493 1.3219 -0.0632
v -0.2321 1.4391 0.0024
v -0.2201 1.4446 0.0080
v -0.1468 1.4164 -0.0224
v -0.1124 1.3874 -0.0521
v 0.1011 1.3795 -0.0615
v 0.1333 1.4078 -0.0336
v 0.2313 1.4426 0.0044
v 0.2458 1.4366 -0.0037
v -0.2327 1.4495 -0.0000
v -0.2024 1.4735 -0.0039
v -0.1624 1.4608 -0.0339
v 0.1681 1.4676 -0.0252
v 0.2113 1.4729 -0.0009
v 0.2392 1.4462 -0.0051
v -0.1864 1.5193 -0.0048
v -0.1651 1.5259 -0.0267
v 0.1638 1.5350 -0.0202
v 0.1847 1.5056 -0.0085
v -0.1389 1.5961 -0.0306
v -0.1183 1.6032 -0.0610
v 0.1193 1.6217 -0.0433
v 0.1384 1.5920 -0.0350
v -0.1272 1.6412 -0.0056
v -0.0913 1.6521 -0.0322
v -0.0289 1.6705 -0.0501
v 0.0283 1.6704 -0.0517
v 0.0911 1.6532 -0.0314
v 0.1282 1.6302 -0.0216
v -0.0624 1.6929 -0.0022
v -0.0292 1.6937 -0.0111
v 0.0252 1.6942 -0.0145
v 0.0610 1.6855 -0.0180
v -0.1279 -1.6817 0.0430
v -0.0885 -1.6836 0.0256
v -0.0697 -1.6839 -0.0003
v 0.0641 -1.6817 0.0123
v 0.0902 -1.6882 0.0311
v 0.1244 -1.6808 0.0302
v -0.1385 -1.6483 0.0294
v -0.0668 -1.6642 0.0533
v -0.0582 -1.6513 0.0282
v 0.0543 -1.6505 0.0329
v 0.0656 -1.6785 0.0293
v 0.1364 -1.6462 0.0310
v -0.1351 -1.5929 0.0272
v -0.0503 -1.5896 0.0292
v 0.0496 -1.5909 0.0286
v 0.1337 -1.5912 0.0280
v -0.1223 -1.5286 0.0241
v -0.0905 -1.5190 0.0106
v -0.0604 -1.5321 0.0207
v 0.0582 -1.5283 0.0238
v 0.0892 -1.5186 0.0112
v 0.1197 -1.5325 0.0207
v -0.1247 -1.4660 0.0331
v -0.1009 -1.4871 0.0131
v -0.0641 -1.4679 0.0242
v 0.0549 -1.4673 0.0314
v 0.0783 -1.4874 0.0128
v 0.1154 -1.4668 0.0253
v -0.1314 -1.4124 0.0322
v -0.0513 -1.4071 0.0299
v 0.0500 -1.4135 0.0306
v 0.1307 -1.4058 0.0315
v -0.1371 -1.3551 0.0310
v -0.0490 -1.3490 0.0296
v 0.0472 -1.3550 0.0299
v 0.1361 -1.3492 0.0309
v -0.1439 -1.2942 0.0297
v -0.0461 -1.2874 0.0294
v 0.0450 -1.2941 0.0297
v 0.1432 -1.2891 0.0297
v -0.1833 -1.1999 0.0192
v -0.1613 -1.2286 0.0243
v -0.0423 -1.2263 0.0294
v 0.0420 -1.2332 0.0291
v 0.1615 -1.2207 0.0257
v 0.1786 -1.2089 0.0002
v -0.1895 -1.1704 0.0186
v -0.1731 -1.1735 0.0452
v -0.0396 -1.1664 0.0272
v 0.0384 -1.1731 0.0276
v 0.1745 -1.1523 0.0504
v 0.1878 -1.1784 0.0149
v -0.1908 -1.1136 0.0338
v -0.1815 -1.1442 0.0450
v -0.0354 -1.1062 0.0259
v 0.0346 -1.1141 0.0260
v 0.1807 -1.1158 0.0591
v 0.1928 -1.1140 0.0306
v -0.2018 -1.0547 0.0251
v -0.0315 -1.0461 0.0263
v 0.0317 -1.0552 0.0253
v 0.2010 -1.0481 0.0242
v -0.2049 -0.9939 0.0247
v -0.0302 -0.9864 0.0259
v 0.0306 -0.9951 0.0253
v 0.2053 -0.9860 0.0258
v -0.2034 -0.9339 0.0257
v -0.0296 -0.9265 0.0260
v 0.0304 -0.9342 0.0252
v 0.2043 -0.9270 0.0271
v -0.1910 -0.8693 0.0324
v -0.1718 -0.8350 0.0684
v -0.0299 -0.8673 0.0270
v 0.0307 -0.8744 0.0258
v 0.1793 -0.8372 0.0622
v 0.1984 -0.8732 0.0231
v -0.1928 -0.8391 0.0089
v -0.1789 -0.8087 0.0369
v -0.0327 -0.8069 0.0299
v 0.0334 -0.8145 0.0287
v 0.1741 -0.7923 0.0463
v 0.1894 -0.8308 0.0112
v -0.1671 -0.7515 0.0304
v -0.0366 -0.7460 0.0332
v 0.0377 -0.7528 0.0326
v 0.1669 -0.7432 0.0328
v -0.1585 -0.6924 0.0329
v -0.0625 -0.6626 0.0122
v -0.0485 -0.6884 0.0274
v 0.0468 -0.6880 0.0290
v 0.0650 -0.6854 0.0012
v 0.1581 -0.6869 0.0325
v -0.1568 -0.6344 0.0351
v -0.0705 -0.6298 0.0087
v -0.0467 -0.6240 0.0429
v 0.0476 -0.6177 0.0424
v 0.0696 -0.6497 0.0064
v 0.1564 -0.6292 0.0363
v -0.1828 -0.5455 0.0544
v -0.1604 -0.5822 0.0262
v -0.0732 -0.5733 0.0090
v -0.0477 -0.5674 0.0441
v 0.0471 -0.5566 0.0442
v 0.0727 -0.5901 0.0100
v 0.1674 -0.5677 0.0334
v 0.1870 -0.5388 0.0563
v -0.1930 -0.5006 0.0431
v -0.1674 -0.5334 0.0126
v -0.0709 -0.5123 0.0087
v -0.0462 -0.5073 0.0437
v 0.0450 -0.4977 0.0425
v 0.0714 -0.5310 0.0093
v 0.1679 -0.5187 0.0096
v 0.1900 -0.5086 0.0473
v -0.2046 -0.4486 0.0363
v -0.1761 -0.4831 0.0028
v -0.0691 -0.4567 0.0040
v -0.0445 -0.4483 0.0403
v 0.0420 -0.4417 0.0392
v 0.0676 -0.4751 0.0060
v 0.1667 -0.4860 -0.0025
v 0.1932 -0.4538 0.0264
v -0.2150 -0.3954 0.0310
v -0.0717 -0.4245 -0.0041
v -0.0474 -0.3913 0.0253
v 0.0384 -0.3880 0.0354
v 0.0618 -0.4232 0.0006
v 0.2132 -0.3915 0.0319
v -0.2464 -0.3077 0.0544
v -0.2233 -0.3438 0.0215
v -0.0365 -0.3263 0.0339
v 0.0359 -0.3328 0.0337
v 0.2289 -0.3301 0.0316
v 0.2497 -0.2994 0.0596
v -0.2553 -0.2605 0.0422
v -0.2302 -0.2934 0.0101
v -0.0379 -0.2692 0.0342
v 0.0376 -0.2737 0.0344
v 0.2295 -0.2770 0.0062
v 0.2523 -0.2693 0.0459
v -0.2642 -0.2085 0.0348
v -0.2371 -0.2431 0.0006
v -0.0605 -0.1807 0.0140
v -0.0487 -0.2096 0.0274
v 0.0460 -0.2088 0.0306
v 0.0621 -0.2061 0.0029
v 0.2286 -0.2427 -0.0055
v 0.2549 -0.2123 0.0252
v -0.2716 -0.1527 0.0327
v -0.0674 -0.1463 0.0113
v -0.0478 -0.1445 0.0449
v 0.0476 -0.1381 0.0447
v 0.0665 -0.1703 0.0076
v 0.2713 -0.1477 0.0329
v -0.2748 -0.0943 0.0324
v -0.0706 -0.0886 0.0115
v -0.0497 -0.0866 0.0479
v 0.0498 -0.0765 0.0474
v 0.0698 -0.1112 0.0111
v 0.2743 -0.0900 0.0329
v -0.2753 -0.0355 0.0308
v -0.0726 -0.0292 0.0149
v -0.0521 -0.0283 0.0474
v 0.0538 -0.0147 0.0511
v 0.0722 -0.0496 0.0148
v 0.2757 -0.0285 0.0315
v -0.2731 0.0262 0.0324
v -0.0740 0.0367 0.0373
v -0.0574 0.0078 0.0436
v 0.0568 0.0228 0.0555
v 0.0747 0.0236 0.0337
v 0.2741 0.0322 0.0317
v -0.2613 0.0948 0.0286
v -0.2400 0.0994 -0.0007
v -0.0849 0.0869 0.0352
v 0.0844 0.0838 0.0357
v 0.2445 0.1208 0.0090
v 0.2600 0.0925 0.0248
v -0.2598 0.1651 0.0423
v -0.2365 0.1337 0.0026
v -0.0708 0.1250 0.0324
v -0.0277 0.1467 0.0347
v 0.0255 0.1469 0.0351
v 0.0701 0.1278 0.0182
v 0.2370 0.1537 0.0064
v 0.2612 0.1562 0.0409
v -0.2570 0.2249 0.0458
v -0.2344 0.1901 0.0039
v 0.2333 0.2094 0.0061
v 0.2583 0.2123 0.0463
v -0.2499 0.2837 0.0504
v -0.2303 0.2502 0.0065
v 0.2287 0.2675 0.0087
v 0.2535 0.2687 0.0495
v -0.2443 0.3179 0.0556
v -0.2136 0.3283 0.0261
v -0.1816 0.3434 -0.0019
v 0.1816 0.3608 0.0130
v 0.2137 0.3326 0.0275
v 0.2438 0.3036 0.0459
v -0.1936 0.3791 0.0487
v -0.1541 0.3889 0.0276
v -0.0907 0.4022 0.0164
v -0.0314 0.4056 0.0143
v 0.0311 0.4070 0.0160
v 0.0898 0.4046 0.0180
v 0.1536 0.3931 0.0296
v 0.1943 0.3729 0.0389
v -0.1246 0.4336 0.0574
v -0.0899 0.4316 0.0459
v -0.0317 0.4352 0.0424
v 0.0306 0.4370 0.0442
v 0.0895 0.4344 0.0482
v 0.1253 0.4246 0.0458
v -0.0650 0.6605 0.0616
v -0.0388 0.6595 0.0591
v 0.0536 0.6604 0.0589
v 0.0808 0.6620 0.0605
v -0.1259 0.7115 0.0542
v -0.0762 0.7015 0.0457
v -0.0216 0.6899 0.0461
v 0.0412 0.6976 0.0426
v 0.0987 0.6959 0.0520
v 0.1398 0.7133 0.0581
v -0.1799 0.7729 0.0546
v -0.1414 0.7536 0.0352
v -0.0897 0.7452 0.0265
v -0.0320 0.7411 0.0235
v 0.0285 0.7405 0.0227
v 0.0907 0.7444 0.0261
v 0.1517 0.7506 0.0457
v 0.1869 0.7785 0.0623
v -1.6829 0.8352 0.0406
v -1.6665 0.8289 0.0302
v -0.1894 0.8220 0.0442
v -0.1576 0.7960 0.0177
v -0.1088 0.7857 0.0066
v -0.0504 0.7828 0.0032
v 0.0106 0.7824 0.0021
v 0.0734 0.7853 0.0026
v 0.1417 0.8048 0.0110
v 0.1841 0.8120 0.0488
v 1.6695 0.8384 0.0410
v 1.6811 0.8359 0.0317
v -1.6878 0.8704 0.0345
v -1.6383 0.8516 0.0330
v -1.6157 0.8847 0.0267
v -0.1965 0.8752 0.0396
v -0.1712 0.8425 0.0050
v 0.1610 0.8410 -0.0016
v 0.1846 0.8683 0.0275
v 1.6239 0.9008 0.0062
v 1.6515 0.8791 0.0269
v 1.6764 0.8658 0.0289
v -1.6769 0.9072 0.0352
v -1.6473 0.9189 0.0302
v -1.6167 0.9100 0.0063
v -1.4972 0.9606 0.0058
v -1.4935 0.9592 0.0058
v -0.9713 0.9603 0.0580
v -0.9164 0.9516 0.0502
v -0.8581 0.9468 0.0445
v -0.8035 0.9419 0.0396
v -0.7504 0.9372 0.0356
v -0.6943 0.9352 0.0334
v -0.6350 0.9362 0.0336
v -0.5746 0.9368 0.0332
v -0.5134 0.9376 0.0325
v -0.4516 0.9400 0.0316
v -0.3961 0.9433 0.0299
v -0.3531 0.9529 0.0332
v -0.2077 0.9270 0.0352
v 0.2052 0.9295 0.0361
v 0.3466 0.9534 0.0451
v 0.3887 0.9433 0.0343
v 0.4449 0.9401 0.0324
v 0.5053 0.9381 0.0331
v 0.5656 0.9369 0.0328
v 0.6251 0.9363 0.0325
v 0.6853 0.9344 0.0345
v 0.7454 0.9328 0.0345
v 0.8115 0.9463 0.0297
v 0.8855 0.9480 0.0476
v 0.9447 0.9548 0.0543
v 0.9799 0.9660 0.0593
v 1.6154 0.9081 0.0000
v 1.6390 0.9038 0.0226
v 1.6658 0.8948 0.0386
v -1.5063 0.9633 -0.0035
v -1.4955 0.9634 0.0028
v -0.9758 1.0026 0.0526
v -0.9322 0.9921 0.0379
v -0.8757 0.9865 0.0274
v -0.8269 0.9753 0.0125
v -0.3160 0.9699 0.0361
v -0.2734 0.9788 0.0317
v -0.2309 0.9663 0.0149
v 0.2293 0.9666 0.0334
v 0.2697 0.9797 0.0273
v 0.3107 0.9709 0.0167
v 0.8209 0.9917 0.0127
v 0.8723 0.9878 0.0291
v 0.9275 0.9870 0.0384
v 0.9721 0.9905 0.0522
v -0.9613 1.0290 0.0637
v -0.9277 1.0276 0.0556
v -0.8727 1.0254 0.0479
v -0.8086 1.0226 0.0291
v -0.7455 1.0363 0.0323
v -0.6890 1.0365 0.0318
v -0.6278 1.0376 0.0325
v -0.5660 1.0395 0.0331
v -0.5056 1.0408 0.0329
v -0.4470 1.0435 0.0332
v -0.3914 1.0520 0.0341
v -0.3458 1.0705 0.0304
v 0.3515 1.0707 0.0462
v 0.3968 1.0525 0.0329
v 0.4535 1.0431 0.0312
v 0.5139 1.0403 0.0324
v 0.5745 1.0391 0.0328
v 0.6344 1.0382 0.0324
v 0.6937 1.0387 0.0329
v 0.7528 1.0388 0.0350
v 0.8081 1.0285 0.0285
v 0.8766 1.0275 0.0461
v 0.9322 1.0231 0.0515
v 0.9621 1.0144 0.0503
v -0.3085 1.0923 0.0303
v -0.2654 1.1039 0.0329
v -0.2114 1.1072 0.0298
v -0.1530 1.1123 0.0264
v -0.1064 1.1323 0.0226
v 0.1081 1.1335 0.0418
v 0.1547 1.1136 0.0270
v 0.2137 1.1079 0.0291
v 0.2715 1.1051 0.0288
v 0.3144 1.0928 0.0158
v -0.1788 1.1995 0.0613
v -0.1764 1.1986 0.0606
v -0.0825 1.1757 0.0269
v 0.0826 1.1757 0.0268
v 0.1782 1.1976 0.0617
v 0.1831 1.1988 0.0590
v -0.1796 1.2025 0.0606
v -0.1775 1.2012 0.0595
v -0.0751 1.2318 0.0271
v -0.0577 1.2346 0.0030
v 0.0611 1.2550 0.0091
v 0.0723 1.2305 0.0237
v 0.1800 1.2028 0.0590
v 0.2066 1.2295 0.0347
v 0.2356 1.2509 0.0084
v -0.2364 1.3232 0.0071
v -0.2330 1.3217 0.0067
v -0.1244 1.3179 0.0583
v -0.0887 1.2891 0.0298
v -0.0576 1.2640 0.0030
v 0.0533 1.2653 0.0012
v 0.0914 1.2931 0.0292
v 0.1341 1.3239 0.0626
v 0.2262 1.2887 0.0114
v 0.2398 1.2722 0.0046
v -0.2459 1.3258 -0.0015
v -0.2084 1.3517 0.0302
v -0.1480 1.3548 0.0359
v -0.1065 1.3343 0.0160
v 0.1001 1.3265 0.0077
v 0.1476 1.3565 0.0345
v 0.2065 1.3514 0.0325
v 0.2395 1.3139 -0.0017
v -0.2332 1.4363 0.0107
v -0.2093 1.4246 0.0296
v -0.1675 1.3968 0.0163
v 0.1689 1.4132 0.0130
v 0.2084 1.4200 0.0343
v 0.2380 1.4315 0.0057
v -0.2401 1.4413 0.0033
v -0.2182 1.4609 0.0226
v -0.1826 1.4410 0.0034
v 0.1709 1.4421 -0.0018
v 0.2049 1.4647 0.0246
v 0.2323 1.4434 0.0052
v -0.1946 1.5340 0.0300
v -0.1797 1.5428 0.0013
v 0.1787 1.5601 0.0156
v 0.1927 1.5293 0.0251
v -0.1840 1.5804 0.0542
v -0.1681 1.5880 0.0253
v 0.1661 1.5944 0.0334
v 0.1837 1.5678 0.0354
v -0.1411 1.6401 0.0257
v -0.1146 1.6702 0.0258
v 0.1124 1.6729 0.0440
v 0.1353 1.6368 0.0142
v -0.0759 1.6950 0.0295
v -0.0273 1.7094 0.0331
v 0.0280 1.7068 0.0319
v 0.0733 1.6917 0.0179
v -0.1297 -1.6800 0.1060
v -0.1011 -1.6821 0.0878
v 0.1034 -1.6831 0.1046
v 0.1291 -1.6797 0.0898
v -0.1423 -1.6501 0.0872
v -0.0736 -1.6661 0.0897
v -0.0571 -1.6402 0.0883
v 0.0564 -1.6367 0.1023
v 0.0714 -1.6691 0.0694
v 0.1399 -1.6482 0.0877
v -0.1240 -1.5921 0.0877
v -0.0797 -1.5713 0.1054
v -0.0543 -1.5954 0.0786
v 0.0620 -1.5896 0.0878
v 0.1038 -1.5725 0.1072
v 0.1336 -1.5985 0.0805
v -0.1203 -1.5296 0.0629
v -0.0894 -1.5243 0.0827
v -0.0591 -1.5403 0.0680
v 0.0607 -1.5286 0.0622
v 0.0907 -1.5238 0.0823
v 0.1220 -1.5417 0.0679
v -0.1173 -1.4689 0.0597
v -0.0902 -1.4675 0.0730
v -0.0637 -1.4842 0.0597
v 0.0623 -1.4694 0.0587
v 0.0890 -1.4672 0.0731
v 0.1154 -1.4839 0.0602
v -0.1190 -1.4097 0.0615
v -0.0899 -1.4078 0.0722
v -0.0630 -1.4255 0.0585
v 0.0616 -1.4105 0.0602
v 0.0904 -1.4079 0.0728
v 0.1172 -1.4247 0.0601
v -0.1224 -1.3509 0.0632
v -0.0908 -1.3471 0.0741
v -0.0612 -1.3645 0.0598
v 0.0604 -1.3511 0.0616
v 0.0916 -1.3473 0.0748
v 0.1218 -1.3642 0.0619
v -0.1257 -1.2909 0.0662
v -0.0913 -1.2865 0.0775
v -0.0602 -1.3028 0.0616
v 0.0589 -1.2910 0.0640
v 0.0923 -1.2874 0.0779
v 0.1254 -1.3039 0.0639
v -0.1304 -1.2296 0.0689
v -0.0913 -1.2263 0.0822
v -0.0579 -1.2418 0.0647
v 0.0569 -1.2312 0.0664
v 0.0924 -1.2288 0.0818
v 0.1303 -1.2442 0.0664
v -0.1371 -1.1687 0.0733
v -0.0916 -1.1661 0.0863
v -0.0553 -1.1817 0.0680
v 0.0553 -1.1713 0.0680
v 0.0940 -1.1688 0.0854
v 0.1369 -1.1829 0.0725
v -0.1752 -1.0826 0.0713
v -0.1525 -1.1103 0.0742
v -0.0938 -1.1064 0.0885
v -0.0536 -1.1221 0.0699
v 0.0542 -1.1112 0.0689
v 0.0949 -1.1070 0.0894
v 0.1516 -1.1118 0.0788
v 0.1829 -1.0957 0.0629
v -0.1817 -1.0489 0.0680
v -0.1448 -1.0446 0.0898
v -0.0952 -1.0468 0.0914
v -0.0525 -1.0627 0.0709
v 0.0533 -1.0512 0.0698
v 0.0944 -1.0463 0.0933
v 0.1450 -1.0466 0.0900
v 0.1830 -1.0622 0.0651
v -0.1841 -0.9911 0.0698
v -0.1448 -0.9870 0.0958
v -0.0952 -0.9867 0.0957
v -0.0523 -1.0034 0.0713
v 0.0534 -0.9907 0.0718
v 0.0947 -0.9859 0.0976
v 0.1445 -0.9857 0.0954
v 0.1848 -1.0032 0.0686
v -0.1854 -0.9320 0.0701
v -0.1440 -0.9259 0.1076
v -0.0988 -0.9208 0.1061
v -0.0529 -0.9435 0.0726
v 0.0547 -0.9305 0.0730
v 0.0970 -0.9258 0.1088
v 0.1414 -0.9209 0.1047
v 0.1849 -0.9437 0.0717
v -0.1889 -0.8959 0.0616
v -0.1490 -0.8687 0.0952
v -0.0909 -0.8614 0.1036
v -0.0527 -0.8838 0.0742
v 0.0543 -0.8702 0.0741
v 0.1019 -0.8721 0.1059
v 0.1499 -0.8654 0.0988
v 0.1834 -0.8874 0.0705
v -0.1436 -0.7984 0.1003
v -0.0939 -0.7996 0.1104
v -0.0524 -0.8238 0.0777
v 0.0495 -0.8148 0.0782
v 0.0921 -0.8042 0.1112
v 0.1424 -0.8050 0.0991
v -0.1573 -0.7487 0.0900
v -0.0699 -0.7584 0.1205
v -0.0490 -0.7534 0.0937
v 0.0488 -0.7519 0.0956
v 0.0678 -0.7786 0.1095
v 0.1572 -0.7453 0.0908
v -0.1585 -0.6914 0.0893
v -0.0394 -0.6873 0.0880
v 0.0386 -0.6928 0.0874
v 0.1583 -0.6873 0.0894
v -0.1590 -0.6332 0.0892
v -0.0390 -0.6260 0.0886
v 0.0381 -0.6316 0.0873
v 0.1584 -0.6283 0.0898
v -0.1869 -0.5466 0.0837
v -0.1698 -0.5736 0.0845
v -0.0382 -0.5658 0.0905
v 0.0379 -0.5709 0.0891
v 0.1704 -0.5629 0.0902
v 0.1831 -0.5495 0.0660
v -0.1897 -0.5095 0.0971
v -0.1806 -0.5396 0.1021
v -0.0368 -0.5066 0.0904
v 0.0371 -0.5110 0.0888
v 0.1802 -0.5201 0.1156
v 0.1918 -0.5118 0.0911
v -0.2055 -0.4542 0.0906
v -0.0353 -0.4477 0.0897
v 0.0360 -0.4510 0.0877
v 0.2036 -0.4517 0.0900
v -0.2200 -0.3979 0.0874
v -0.0348 -0.3878 0.0886
v 0.0348 -0.3917 0.0884
v 0.2179 -0.3918 0.0891
v -0.2491 -0.3096 0.1077
v -0.2350 -0.3501 0.0729
v -0.0324 -0.3262 0.0889
v 0.0320 -0.3332 0.0891
v 0.2341 -0.3446 0.0847
v 0.2480 -0.3080 0.0886
v -0.2611 -0.2678 0.0954
v -0.0302 -0.2657 0.0903
v 0.0305 -0.2746 0.0889
v 0.2602 -0.2647 0.0950
v -0.2728 -0.2138 0.0881
v -0.0336 -0.2072 0.0894
v 0.0344 -0.2141 0.0897
v 0.2722 -0.2084 0.0903
v -0.3015 -0.1241 0.1152
v -0.2849 -0.1596 0.0820
v -0.0386 -0.1487 0.0892
v 0.0385 -0.1521 0.0896
v 0.2905 -0.1458 0.0908
v 0.3058 -0.1232 0.1134
v -0.3039 -0.1059 0.1192
v -0.2930 -0.0995 0.0925
v -0.0413 -0.0890 0.0905
v 0.0404 -0.0904 0.0892
v 0.2932 -0.0914 0.0957
v 0.3035 -0.1159 0.1071
v -0.3027 0.0016 0.1126
v -0.2921 -0.0407 0.0805
v -0.0437 -0.0280 0.0897
v 0.0444 -0.0273 0.0894
v 0.2959 -0.0222 0.0897
v 0.3061 0.0044 0.1135
v -0.3051 0.0415 0.1089
v -0.2940 0.0120 0.0754
v -0.0595 0.0642 0.0763
v -0.0517 0.0324 0.0815
v 0.0525 0.0372 0.0900
v 0.0604 0.0444 0.0650
v 0.2948 0.0287 0.0763
v 0.3056 0.0276 0.1083
v -0.3028 0.0668 0.1186
v -0.2898 0.0788 0.0931
v -0.0668 0.0907 0.0935
v -0.0559 0.0708 0.0950
v 0.0591 0.0750 0.1168
v 0.0660 0.0807 0.0904
v 0.2897 0.0890 0.0945
v 0.3033 0.0568 0.1032
v -0.2770 0.1501 0.0915
v -0.0603 0.1237 0.0900
v -0.0250 0.1396 0.0927
v 0.0220 0.1401 0.0924
v 0.0587 0.1213 0.0741
v 0.2774 0.1554 0.0905
v -0.2722 0.2118 0.0938
v 0.2726 0.2158 0.0940
v -0.2662 0.2711 0.0946
v 0.2671 0.2746 0.0968
v -0.2515 0.3313 0.0947
v -0.2365 0.3401 0.0641
v 0.2366 0.3576 0.0820
v 0.2524 0.3289 0.0898
v -0.2407 0.3724 0.1216
v -0.2123 0.3901 0.0908
v -0.1808 0.4035 0.0618
v 0.1805 0.4193 0.0788
v 0.2130 0.3923 0.0930
v 0.2435 0.3650 0.1049
v -0.1870 0.4393 0.1138
v -0.1523 0.4507 0.0901
v -0.0891 0.4667 0.0735
v -0.0310 0.4691 0.0669
v 0.0312 0.4708 0.0695
v 0.0897 0.4665 0.0764
v 0.1515 0.4520 0.0923
v 0.1892 0.4306 0.1034
v -0.1308 0.4990 0.1145
v -0.0946 0.5162 0.0989
v -0.0304 0.5144 0.0833
v 0.0322 0.5144 0.0852
v 0.0968 0.5118 0.1032
v 0.1254 0.4872 0.1049
v -0.1232 0.5941 0.1177
v -0.0826 0.5775 0.0966
v -0.0307 0.5698 0.0853
v 0.0301 0.5686 0.0846
v 0.0962 0.5688 0.1042
v 0.1348 0.5970 0.1255
v -0.1360 0.6400 0.1045
v -0.0929 0.6253 0.0854
v -0.0378 0.6288 0.0719
v 0.0197 0.6204 0.0725
v 0.0832 0.6321 0.0782
v 0.1337 0.6280 0.1094
v -0.1835 0.7108 0.1124
v -0.1520 0.6847 0.0879
v -0.1103 0.6681 0.0712
v -0.0239 0.6601 0.0591
v 0.0054 0.6600 0.0584
v 0.1003 0.6678 0.0662
v 0.1462 0.6876 0.0882
v 0.1858 0.7200 0.1180
v -0.1948 0.7593 0.0999
v -0.1671 0.7282 0.0703
v 0.1592 0.7246 0.0657
v 0.1857 0.7529 0.0920
v -1.6751 0.8371 0.0659
v -1.6723 0.8269 0.0527
v -0.2014 0.8122 0.0930
v 0.2013 0.8143 0.0945
v 1.6731 0.8417 0.0671
v 1.6789 0.8330 0.0550
v -1.6771 0.8714 0.0959
v -1.6496 0.8532 0.0814
v -1.6117 0.8846 0.0867
v -0.2020 0.8701 0.0915
v 0.2013 0.8711 0.0905
v 1.6232 0.9009 0.1198
v 1.6583 0.8721 0.0904
v 1.6801 0.8658 0.0823
v -1.6765 0.9050 0.0898
v -1.6444 0.9231 0.0897
v -1.6141 0.9129 0.0712
v -1.3825 0.9587 0.1269
v -1.3374 0.9560 0.1183
v -1.2750 0.9555 0.1201
v -1.2109 0.9566 0.1233
v -1.1509 0.9583 0.1217
v -1.0939 0.9609 0.1161
v -1.0405 0.9575 0.1067
v -0.9885 0.9462 0.0957
v -0.9315 0.9376 0.0900
v -0.8711 0.9344 0.0877
v -0.8141 0.9346 0.0862
v -0.7526 0.9505 0.0900
v -0.6902 0.9493 0.0750
v -0.6305 0.9501 0.0731
v -0.5703 0.9512 0.0729
v -0.5099 0.9518 0.0719
v -0.4490 0.9534 0.0705
v -0.3921 0.9543 0.0663
v -0.3623 0.9521 0.0570
v -0.2044 0.9281 0.0895
v 0.2038 0.9297 0.0885
v 0.3600 0.9642 0.0733
v 0.3933 0.9577 0.0707
v 0.4482 0.9546 0.0702
v 0.5093 0.9528 0.0721
v 0.5700 0.9515 0.0728
v 0.6289 0.9509 0.0725
v 0.6877 0.9500 0.0764
v 0.7511 0.9439 0.0929
v 0.8052 0.9313 0.0851
v 0.8675 0.9312 0.0866
v 0.9314 0.9363 0.0892
v 1.0004 0.9546 0.0903
v 1.0695 0.9586 0.1098
v 1.1259 0.9577 0.1164
v 1.1836 0.9573 0.1197
v 1.2465 0.9563 0.1201
v 1.3127 0.9557 0.1219
v 1.3672 0.9568 0.1247
v 1.3913 0.9593 0.1286
v 1.6187 0.9139 0.1238
v 1.6470 0.9038 0.0916
v 1.6716 0.8992 0.0714
v -1.6767 1.0225 0.1241
v -1.6651 1.0233 0.1162
v -1.5603 1.0166 0.1247
v -1.5427 1.0125 0.1221
v -1.3825 0.9655 0.1266
v -1.3509 0.9662 0.1202
v -1.2927 0.9662 0.1195
v -1.2299 0.9648 0.1212
v -1.1709 0.9643 0.1207
v -1.1122 0.9709 0.1175
v -1.0502 0.9914 0.1053
v -1.0132 0.9768 0.0767
v -0.7794 1.0134 0.1169
v -0.7358 0.9986 0.1046
v -0.6860 0.9885 0.0929
v -0.6264 0.9873 0.0894
v -0.5658 0.9886 0.0896
v -0.5058 0.9893 0.0891
v -0.4460 0.9906 0.0883
v -0.3858 0.9937 0.0870
v -0.3292 0.9871 0.0765
v -0.2665 1.0003 0.0815
v -0.2224 0.9815 0.0832
v 0.2245 0.9933 0.0935
v 0.2760 1.0022 0.0762
v 0.3301 0.9879 0.0673
v 0.3928 0.9916 0.0827
v 0.4512 0.9903 0.0857
v 0.5131 0.9894 0.0881
v 0.5744 0.9886 0.0894
v 0.6339 0.9882 0.0892
v 0.6920 0.9888 0.0912
v 0.7577 0.9905 0.1077
v 0.8010 1.0152 0.1212
v 1.0082 0.9909 0.0768
v 1.0508 0.9842 0.1083
v 1.1086 0.9674 0.1162
v 1.1672 0.9657 0.1202
v 1.2295 0.9669 0.1211
v 1.2943 0.9659 0.1213
v 1.3519 0.9631 0.1209
v 1.3817 0.9610 0.1201
v 1.6714 1.0213 0.1215
v 1.6857 1.0204 0.1222
v -1.6753 1.0375 0.1173
v -1.6434 1.0532 0.1145
v -1.5850 1.0512 0.1161
v -1.5515 1.0259 0.1126
v -1.0193 1.0225 0.1102
v -0.9902 1.0205 0.0897
v -0.9284 1.0369 0.0897
v -0.8710 1.0393 0.0882
v -0.8140 1.0362 0.0831
v -0.7590 1.0307 0.0769
v -0.7032 1.0257 0.0728
v -0.6435 1.0236 0.0711
v -0.5818 1.0249 0.0717
v -0.5212 1.0262 0.0721
v -0.4617 1.0276 0.0720
v -0.4024 1.0329 0.0733
v -0.3340 1.0519 0.0769
v -0.2675 1.0494 0.0963
v -0.2020 1.0479 0.1095
v -0.1357 1.0744 0.1168
v -0.1016 1.0831 0.1186
v -0.0027 1.0866 0.1240
v 0.0170 1.0871 0.1222
v 0.1183 1.0772 0.1155
v 0.1700 1.0686 0.1132
v 0.2214 1.0575 0.1076
v 0.2743 1.0504 0.0964
v 0.3262 1.0439 0.0818
v 0.3787 1.0347 0.0713
v 0.4363 1.0291 0.0695
v 0.4973 1.0264 0.0709
v 0.5588 1.0254 0.0721
v 0.6190 1.0246 0.0718
v 0.6776 1.0247 0.0716
v 0.7371 1.0268 0.0762
v 0.8068 1.0327 0.0924
v 0.8748 1.0409 0.0879
v 0.9375 1.0398 0.0900
v 0.9906 1.0246 0.0832
v 1.0286 1.0135 0.0977
v 1.5620 1.0779 0.1204
v 1.6043 1.0701 0.1136
v 1.6534 1.0547 0.1155
v 1.6796 1.0297 0.1134
v -1.6300 1.0855 0.1202
v -1.6162 1.0783 0.1117
v -0.3156 1.0862 0.0601
v -0.2822 1.0889 0.0722
v -0.2264 1.0912 0.0787
v -0.1651 1.0976 0.0803
v -0.0900 1.1170 0.0920
v -0.0187 1.1225 0.1156
v 0.0329 1.1198 0.1101
v 0.0918 1.1142 0.0896
v 0.1436 1.1035 0.0797
v 0.1981 1.0957 0.0789
v 0.2557 1.0917 0.0777
v 0.3089 1.0860 0.0663
v 1.5618 1.0921 0.1181
v 1.5912 1.0901 0.1159
v 1.6231 1.0816 0.1116
v -0.1796 1.1986 0.0637
v -0.1775 1.1973 0.0626
v -0.0751 1.1713 0.0747
v -0.0459 1.1661 0.1106
v 0.0459 1.1806 0.1092
v 0.0724 1.1600 0.0745
v 0.1726 1.1925 0.0681
v 0.1757 1.1918 0.0664
v -0.1806 1.2012 0.0626
v -0.1782 1.2003 0.0619
v -0.0772 1.2216 0.0916
v -0.0559 1.1961 0.1057
v 0.0608 1.2139 0.1218
v 0.0788 1.2203 0.0871
v 0.1726 1.1958 0.0664
v 0.1789 1.1984 0.0624
v -0.1372 1.3088 0.1050
v -0.1031 1.2737 0.0734
v 0.1040 1.2700 0.0840
v 0.1344 1.3119 0.0944
v -0.1820 1.3728 0.1023
v -0.1611 1.3426 0.0800
v 0.1594 1.3461 0.0926
v 0.1799 1.3722 0.0870
v -0.1986 1.4123 0.0901
v 0.2009 1.4140 0.0913
v -0.2322 1.4934 0.1173
v -0.2144 1.4622 0.0838
v 0.2229 1.4732 0.0952
v 0.2419 1.4943 0.1165
v -0.2365 1.5116 0.1196
v -0.2172 1.5206 0.0940
v 0.2163 1.5249 0.0967
v 0.2368 1.5024 0.1105
v -0.1925 1.5781 0.0929
v -0.1724 1.6149 0.0907
v 0.1729 1.6149 0.1091
v 0.1912 1.5736 0.0745
v -0.1422 1.6589 0.0879
v -0.1272 1.6712 0.0578
v 0.1182 1.6798 0.0810
v 0.1423 1.6568 0.0860
v -0.1171 1.6908 0.1195
v -0.0944 1.6958 0.0887
v -0.0303 1.7142 0.0895
v 0.0299 1.7147 0.0905
v 0.0916 1.6994 0.0856
v 0.1246 1.6864 0.1029
v -0.1259 -1.6819 0.1730
v -0.0866 -1.6836 0.1575
v -0.0560 -1.6785 0.1839
v 0.0686 -1.6774 0.1880
v 0.1027 -1.6871 0.1673
v 0.1332 -1.6809 0.1544
v -0.1424 -1.6528 0.1465
v -0.0793 -1.6493 0.1542
v -0.0607 -1.6576 0.1463
v 0.0642 -1.6429 0.1626
v 0.0798 -1.6535 0.1468
v 0.1417 -1.6520 0.1480
v -0.1325 -1.6207 0.1415
v -0.0994 -1.6057 0.1413
v -0.0659 -1.6144 0.1262
v 0.0583 -1.6166 0.1262
v 0.0871 -1.6117 0.1467
v 0.1269 -1.6133 0.1344
v -0.1262 -0.9060 0.1256
v -0.1189 -0.9106 0.1227
v 0.1141 -0.9054 0.1247
v 0.1214 -0.9100 0.1214
v -0.1335 -0.8972 0.1198
v -0.1171 -0.8926 0.1199
v 0.1094 -0.8976 0.1212
v 0.1252 -0.8931 0.1194
v -0.1217 -0.7745 0.1249
v -0.1144 -0.7850 0.1211
v 0.1112 -0.7720 0.1282
v 0.1221 -0.7836 0.1212
v -0.1259 -0.7440 0.1269
v -0.0908 -0.7493 0.1311
v -0.0616 -0.7373 0.1244
v 0.0668 -0.7182 0.1324
v 0.0918 -0.7457 0.1293
v 0.1301 -0.7572 0.1232
v -0.1306 -0.6874 0.1310
v -0.0906 -0.6884 0.1418
v -0.0582 -0.7033 0.1260
v 0.0578 -0.6850 0.1301
v 0.0932 -0.6851 0.1433
v 0.1315 -0.7057 0.1275
v -0.1327 -0.6272 0.1337
v -0.0912 -0.6262 0.1473
v -0.0553 -0.6434 0.1292
v 0.0540 -0.6298 0.1291
v 0.0916 -0.6287 0.1465
v 0.1323 -0.6458 0.1319
v -0.1366 -0.5690 0.1338
v -0.0914 -0.5660 0.1496
v -0.0542 -0.5824 0.1311
v 0.0535 -0.5719 0.1299
v 0.0934 -0.5698 0.1483
v 0.1361 -0.5854 0.1333
v -0.1763 -0.4856 0.1377
v -0.1524 -0.5119 0.1361
v -0.0934 -0.5082 0.1520
v -0.0529 -0.5233 0.1322
v 0.0528 -0.5134 0.1325
v 0.0946 -0.5100 0.1557
v 0.1522 -0.5157 0.1405
v 0.1840 -0.4992 0.1247
v -0.1892 -0.4555 0.1380
v -0.1509 -0.4488 0.1693
v -0.0958 -0.4422 0.1664
v -0.0520 -0.4648 0.1340
v 0.0494 -0.4535 0.1340
v 0.0925 -0.4471 0.1709
v 0.1485 -0.4440 0.1698
v 0.1862 -0.4653 0.1327
v -0.1983 -0.3946 0.1538
v -0.1767 -0.4239 0.1679
v -0.0712 -0.3716 0.1738
v -0.0485 -0.4028 0.1375
v 0.0448 -0.3952 0.1357
v 0.0706 -0.3941 0.1696
v 0.1737 -0.4002 0.1808
v 0.1975 -0.3955 0.1529
v -0.2464 -0.3065 0.1407
v -0.2287 -0.3340 0.1411
v -0.0631 -0.3326 0.1788
v -0.0450 -0.3298 0.1507
v 0.0470 -0.3295 0.1521
v 0.0594 -0.3587 0.1667
v 0.2285 -0.3239 0.1497
v 0.2445 -0.3130 0.1208
v -0.2509 -0.2704 0.1542
v -0.2393 -0.2988 0.1598
v -0.0370 -0.2660 0.1459
v 0.0372 -0.2709 0.1449
v 0.2390 -0.2783 0.1769
v 0.2519 -0.2711 0.1485
v -0.2665 -0.2148 0.1452
v -0.0366 -0.2089 0.1452
v 0.0372 -0.2158 0.1440
v 0.2665 -0.2092 0.1473
v -0.3019 -0.1197 0.1330
v -0.2830 -0.1477 0.1396
v -0.0626 -0.1212 0.1772
v -0.0406 -0.1549 0.1409
v 0.0486 -0.1528 0.1505
v 0.0711 -0.1228 0.1821
v 0.2841 -0.1406 0.1435
v 0.3019 -0.1281 0.1214
v -0.3062 -0.1107 0.1277
v -0.2909 -0.0916 0.1453
v -0.0665 -0.0677 0.1716
v -0.0451 -0.1003 0.1354
v 0.0462 -0.0930 0.1339
v 0.0678 -0.0882 0.1729
v 0.2854 -0.0815 0.1532
v 0.3020 -0.1108 0.1250
v -0.3016 0.0050 0.1366
v -0.2893 -0.0258 0.1424
v -0.0689 -0.0097 0.1692
v -0.0478 -0.0425 0.1326
v 0.0483 -0.0313 0.1312
v 0.0682 -0.0303 0.1688
v 0.2894 -0.0192 0.1448
v 0.3028 -0.0056 0.1206
v -0.3045 0.0334 0.1314
v -0.2877 0.0331 0.1602
v -0.0732 0.0482 0.1648
v -0.0515 0.0165 0.1298
v 0.0527 0.0295 0.1285
v 0.0710 0.0322 0.1663
v 0.2868 0.0458 0.1610
v 0.3039 0.0200 0.1305
v -0.3060 0.0563 0.1259
v -0.2898 0.0829 0.1464
v -0.0758 0.0982 0.1545
v -0.0585 0.0661 0.1224
v 0.0554 0.0637 0.1247
v 0.0693 0.0875 0.1490
v 0.2828 0.0994 0.1555
v 0.3016 0.0609 0.1269
v -0.2771 0.1487 0.1451
v -0.0615 0.1326 0.1464
v -0.0236 0.1482 0.1472
v 0.0264 0.1473 0.1484
v 0.0594 0.1262 0.1326
v 0.2766 0.1549 0.1472
v -0.2707 0.2102 0.1451
v 0.2716 0.2154 0.1453
v -0.2664 0.2695 0.1451
v 0.2676 0.2743 0.1464
v -0.2601 0.3227 0.1443
v 0.2607 0.3273 0.1451
v -0.2473 0.3646 0.1513
v -0.2244 0.4037 0.1554
v 0.2264 0.4066 0.1665
v 0.2465 0.3685 0.1357
v -0.1937 0.4538 0.1512
v -0.1746 0.4633 0.1255
v 0.1751 0.4772 0.1399
v 0.1959 0.4498 0.1465
v -0.1793 0.4893 0.1753
v -0.1551 0.5082 0.1477
v -0.1240 0.5180 0.1211
v 0.1265 0.5343 0.1278
v 0.1525 0.5117 0.1496
v 0.1818 0.4843 0.1601
v -0.1469 0.5758 0.1576
v -0.1206 0.5465 0.1229
v 0.1147 0.5450 0.1181
v 0.1398 0.5727 0.1478
v -0.1805 0.6559 0.1743
v -0.1567 0.6227 0.1467
v 0.1649 0.6338 0.1527
v 0.1850 0.6619 0.1755
v -0.1916 0.6996 0.1615
v -0.1703 0.6652 0.1284
v 0.1622 0.6594 0.1239
v 0.1850 0.6926 0.1529
v -0.2015 0.7528 0.1531
v 0.2013 0.7557 0.1544
v -0.2071 0.8099 0.1498
v 0.2067 0.8124 0.1514
v -1.6749 0.8909 0.1752
v -1.6484 0.8916 0.1510
v -1.6177 0.8873 0.1236
v -0.2042 0.8678 0.1500
v 0.2052 0.8705 0.1498
v 1.6189 0.9062 0.1395
v 1.6490 0.8902 0.1597
v 1.6759 0.8877 0.1509
v -1.6761 0.9066 0.1528
v -1.6518 0.9173 0.1425
v -1.5892 0.9353 0.1502
v -1.5459 0.9596 0.1793
v -1.3893 0.9569 0.1631
v -1.3518 0.9522 0.1557
v -1.2932 0.9505 0.1567
v -1.2323 0.9519 0.1538
v -1.1733 0.9581 0.1467
v -1.1111 0.9610 0.1304
v -1.0509 0.9617 0.1292
v -0.9907 0.9574 0.1291
v -0.9300 0.9529 0.1267
v -0.8696 0.9504 0.1246
v -0.8158 0.9472 0.1215
v -0.7833 0.9440 0.1150
v -0.1861 0.9339 0.1537
v -0.1617 0.9603 0.1795
v 0.1725 0.9582 0.1772
v 0.1975 0.9250 0.1434
v 0.7818 0.9590 0.1254
v 0.8130 0.9542 0.1251
v 0.8709 0.9500 0.1274
v 0.9321 0.9505 0.1288
v 0.9922 0.9543 0.1252
v 1.0504 0.9573 0.1222
v 1.1079 0.9576 0.1279
v 1.1719 0.9566 0.1543
v 1.2288 0.9522 0.1582
v 1.2938 0.9508 0.1555
v 1.3541 0.9519 0.1530
v 1.3899 0.9569 0.1517
v 1.5559 0.9618 0.1784
v 1.5924 0.9340 0.1553
v 1.6399 0.9120 0.1504
v 1.6734 0.9047 0.1314
v -1.6797 1.0174 0.1626
v -1.6425 1.0090 0.1481
v -1.5825 0.9922 0.1528
v -1.5476 0.9929 0.1575
v -1.3907 0.9632 0.1516
v -1.3535 0.9690 0.1544
v -1.2940 0.9720 0.1567
v -1.2333 0.9710 0.1526
v -1.1823 0.9669 0.1420
v -1.1307 0.9678 0.1314
v -1.0582 0.9865 0.1284
v -0.9917 0.9897 0.1386
v -0.9291 0.9888 0.1407
v -0.8685 0.9879 0.1392
v -0.8143 0.9834 0.1355
v -0.7730 0.9712 0.1246
v -0.1888 0.9851 0.1291
v -0.1448 0.9913 0.1619
v -0.0763 1.0085 0.1666
v -0.0136 1.0109 0.1675
v 0.0474 1.0102 0.1669
v 0.1054 1.0065 0.1650
v 0.1549 0.9980 0.1575
v 0.1914 0.9756 0.1351
v 0.7712 0.9678 0.1219
v 0.8098 0.9916 0.1321
v 0.8723 0.9899 0.1401
v 0.9349 0.9894 0.1439
v 0.9924 0.9880 0.1417
v 1.0408 0.9800 0.1322
v 1.0900 0.9695 0.1272
v 1.1608 0.9659 0.1474
v 1.2286 0.9714 0.1575
v 1.2925 0.9723 0.1562
v 1.3511 0.9686 0.1511
v 1.3872 0.9631 0.1399
v 1.5488 1.0069 0.1694
v 1.5934 0.9937 0.1671
v 1.6551 1.0080 0.1623
v 1.6827 1.0175 0.1551
v -1.6823 1.0496 0.1491
v -1.6572 1.0406 0.1261
v -1.5937 1.0442 0.1487
v -1.5517 1.0292 0.1368
v -1.0315 1.0145 0.1198
v -1.0023 1.0190 0.1238
v -0.9476 1.0215 0.1242
v -0.8861 1.0242 0.1246
v -0.8292 1.0223 0.1226
v -0.1940 1.0177 0.1227
v -0.1615 1.0330 0.1352
v -0.0974 1.0546 0.1374
v -0.0345 1.0515 0.1427
v 0.0225 1.0572 0.1380
v 0.0844 1.0458 0.1412
v 0.1380 1.0384 0.1385
v 0.1846 1.0245 0.1288
v 0.8227 1.0232 0.1246
v 0.8577 1.0248 0.1249
v 0.9192 1.0264 0.1275
v 0.9785 1.0236 0.1268
v 1.0252 1.0128 0.1215
v 1.5545 1.0551 0.1537
v 1.5794 1.0525 0.1499
v 1.6420 1.0446 0.1346
v 1.6809 1.0449 0.1442
v -1.6752 1.0802 0.1713
v -1.6477 1.0797 0.1499
v -1.6092 1.0826 0.1371
v -0.0805 1.0892 0.1194
v -0.0334 1.1042 0.1234
v 0.0153 1.1026 0.1219
v 0.0635 1.0854 0.1198
v 1.5535 1.0838 0.1276
v 1.5858 1.0867 0.1453
v 1.6409 1.0838 0.1423
v 1.6712 1.0711 0.1533
v -0.0130 1.1621 0.1287
v 0.0134 1.1485 0.1241
v -0.1247 1.2571 0.1760
v -0.0813 1.2319 0.1565
v -0.0315 1.2036 0.1445
v 0.0347 1.2012 0.1490
v 0.0978 1.2401 0.1517
v 0.1342 1.2636 0.1792
v -0.1448 1.3027 0.1568
v -0.1132 1.2660 0.1243
v 0.1048 1.2587 0.1182
v 0.1348 1.2922 0.1489
v -0.1785 1.3833 0.1354
v -0.1661 1.3568 0.1432
v 0.1673 1.3592 0.1485
v 0.1766 1.3677 0.1184
v -0.1866 1.4106 0.1357
v -0.1783 1.4084 0.1663
v 0.1831 1.4237 0.1740
v 0.1867 1.3990 0.1314
v -0.2336 1.4967 0.1356
v -0.2047 1.4708 0.1498
v -0.1864 1.4371 0.1670
v 0.1867 1.4565 0.1826
v 0.2054 1.4671 0.1491
v 0.2340 1.4864 0.1249
v -0.2415 1.5057 0.1285
v -0.2221 1.5260 0.1466
v 0.2128 1.5331 0.1545
v 0.2325 1.5040 0.1279
v -0.2354 1.6186 0.1796
v -0.2084 1.5885 0.1586
v -0.1740 1.6162 0.1525
v -0.0004 1.6236 0.1809
v 0.0027 1.6226 0.1799
v 0.1752 1.6157 0.1703
v 0.2154 1.6004 0.1536
v 0.2475 1.6202 0.1766
v -0.3526 1.6827 0.1732
v -0.3125 1.6713 0.1709
v -0.2663 1.6529 0.1773
v -0.2321 1.6214 0.1749
v -0.1514 1.6542 0.1469
v -0.0013 1.6270 0.1799
v 0.0013 1.6255 0.1785
v 0.1537 1.6572 0.1512
v 0.2303 1.6641 0.1733
v 0.2788 1.6539 0.1726
v 0.3416 1.6772 0.1726
v 0.3625 1.6838 0.1758
v -0.3595 1.7280 0.1672
v -0.3312 1.7099 0.1607
v -0.2962 1.7048 0.1717
v -0.1248 1.6843 0.1507
v -0.0845 1.7031 0.1546
v -0.0296 1.7130 0.1512
v 0.0307 1.7153 0.1519
v 0.0891 1.7104 0.1495
v 0.1519 1.7088 0.1519
v 0.2141 1.7125 0.1773
v 0.2718 1.6881 0.1759
v 0.3340 1.7123 0.1754
v 0.3609 1.7105 0.1758
v -0.3621 1.7756 0.1670
v -0.3327 1.7647 0.1739
v -0.3070 1.7378 0.1678
v 0.1769 1.7479 0.1771
v 0.2142 1.7758 0.1775
v 0.2472 1.8000 0.1792
v 0.3573 1.7507 0.1852
v 0.3606 1.7377 0.1764
v -0.3581 1.8011 0.1741
v -0.3514 1.7948 0.1718
v 0.2327 1.8128 0.1787
v 0.2374 1.8050 0.1714
v -0.1241 -1.6861 0.2305
v -0.0919 -1.6955 0.2159
v -0.0602 -1.6883 0.2154
v 0.0629 -1.6877 0.2342
v 0.0954 -1.6951 0.2188
v 0.1280 -1.6879 0.2111
v -0.1287 -1.6574 0.2080
v -0.0884 -1.6540 0.2178
v -0.0576 -1.6676 0.2023
v 0.0615 -1.6691 0.2185
v 0.0970 -1.6496 0.2069
v 0.1357 -1.6613 0.2009
v -0.1364 -1.6316 0.1748
v -0.1131 -1.6279 0.1812
v 0.0988 -1.6280 0.1786
v 0.1218 -1.6287 0.1804
v -0.1312 -0.4222 0.1894
v -0.1192 -0.4323 0.1850
v 0.1179 -0.4194 0.1895
v 0.1265 -0.4304 0.1854
v -0.1766 -0.3618 0.1915
v -0.1496 -0.3905 0.1890
v -0.1075 -0.4004 0.1890
v 0.1099 -0.3869 0.1914
v 0.1512 -0.3922 0.1923
v 0.1826 -0.3789 0.1846
v -0.1902 -0.3278 0.1899
v -0.1442 -0.3247 0.2048
v -0.0913 -0.3319 0.1941
v -0.0600 -0.3122 0.1814
v 0.0650 -0.2982 0.1889
v 0.0897 -0.3280 0.1919
v 0.1510 -0.3299 0.2027
v 0.1910 -0.3443 0.1870
v -0.2370 -0.2454 0.1927
v -0.2117 -0.2727 0.1916
v -0.1483 -0.2675 0.2119
v -0.0950 -0.2672 0.2063
v -0.0584 -0.2802 0.1838
v 0.0581 -0.2654 0.1865
v 0.0955 -0.2643 0.2076
v 0.1505 -0.2667 0.2131
v 0.2115 -0.2739 0.1975
v 0.2429 -0.2571 0.1852
v -0.2444 -0.2113 0.1911
v -0.2062 -0.2090 0.2129
v -0.1510 -0.2095 0.2174
v -0.0952 -0.2099 0.2101
v -0.0563 -0.2248 0.1867
v 0.0547 -0.2146 0.1838
v 0.0939 -0.2101 0.2100
v 0.1500 -0.2071 0.2215
v 0.2073 -0.2082 0.2135
v 0.2452 -0.2240 0.1885
v -0.2492 -0.1525 0.1923
v -0.2067 -0.1504 0.2195
v -0.1525 -0.1506 0.2218
v -0.0976 -0.1562 0.2081
v -0.0578 -0.1720 0.1842
v 0.0513 -0.1816 0.1761
v 0.0864 -0.1514 0.1999
v 0.1488 -0.1476 0.2246
v 0.2068 -0.1478 0.2196
v 0.2509 -0.1649 0.1919
v -0.2537 -0.0899 0.1946
v -0.2058 -0.0831 0.2304
v -0.1565 -0.0815 0.2296
v -0.1018 -0.1015 0.2051
v 0.1009 -0.0867 0.2043
v 0.1519 -0.0826 0.2320
v 0.2036 -0.0794 0.2287
v 0.2537 -0.1042 0.1949
v -0.2564 -0.0290 0.1959
v -0.2188 -0.0275 0.2299
v -0.1402 -0.0131 0.2295
v -0.1026 -0.0423 0.2035
v 0.1016 -0.0292 0.2020
v 0.1405 -0.0281 0.2296
v 0.2201 -0.0114 0.2294
v 0.2552 -0.0432 0.1963
v -0.2548 0.0309 0.1971
v -0.2195 0.0281 0.2299
v -0.1418 0.0454 0.2266
v -0.1032 0.0188 0.2012
v 0.1051 0.0323 0.2011
v 0.1410 0.0282 0.2283
v 0.2202 0.0469 0.2291
v 0.2566 0.0186 0.1977
v -0.2542 0.0902 0.1931
v -0.2031 0.0873 0.2250
v -0.1475 0.0981 0.2207
v -0.1056 0.0783 0.1964
v 0.1066 0.0938 0.1961
v 0.1600 0.0893 0.2256
v 0.2139 0.0995 0.2235
v 0.2547 0.0787 0.1979
v -0.2527 0.1513 0.1869
v -0.2075 0.1524 0.2122
v -0.1512 0.1530 0.2180
v -0.0890 0.1453 0.1978
v -0.0279 0.1680 0.1915
v 0.0295 0.1725 0.1932
v 0.0880 0.1531 0.1906
v 0.1549 0.1554 0.2135
v 0.2083 0.1545 0.2144
v 0.2516 0.1374 0.1927
v -0.2492 0.2118 0.1862
v -0.2079 0.2118 0.2109
v -0.1556 0.2086 0.2209
v -0.0905 0.2128 0.2272
v -0.0312 0.1999 0.2228
v 0.0250 0.2031 0.2231
v 0.0905 0.2206 0.2263
v 0.1531 0.2160 0.2172
v 0.2074 0.2145 0.2094
v 0.2492 0.1974 0.1876
v -0.2468 0.2713 0.1883
v -0.2112 0.2673 0.2150
v -0.1555 0.2673 0.2324
v -0.1208 0.2416 0.2304
v 0.1160 0.2602 0.2398
v 0.1562 0.2787 0.2336
v 0.2078 0.2740 0.2125
v 0.2477 0.2572 0.1862
v -0.2467 0.3267 0.1860
v -0.2078 0.3298 0.2254
v -0.1833 0.2999 0.2326
v 0.1792 0.3214 0.2405
v 0.2087 0.3370 0.2230
v 0.2458 0.3136 0.1874
v -0.2487 0.3556 0.1767
v -0.2233 0.3838 0.2032
v 0.2168 0.3975 0.2139
v 0.2415 0.3641 0.1834
v -0.1933 0.4490 0.2076
v -0.1662 0.4805 0.2338
v 0.1753 0.4769 0.2302
v 0.2040 0.4452 0.2021
v -0.1877 0.4776 0.1882
v -0.1659 0.5084 0.2099
v 0.1601 0.5220 0.2152
v 0.1837 0.4855 0.1881
v -0.1523 0.5697 0.2082
v 0.1515 0.5735 0.2078
v -0.1831 0.6550 0.2028
v -0.1659 0.6292 0.2058
v 0.1669 0.6385 0.2110
v 0.1809 0.6508 0.1875
v -0.1881 0.6925 0.2171
v -0.1794 0.6619 0.2219
v 0.1796 0.6798 0.2366
v 0.1883 0.6872 0.2106
v -0.1992 0.7497 0.2111
v 0.1994 0.7498 0.2113
v -1.6744 0.8490 0.2416
v -1.6706 0.8437 0.2416
v -0.2035 0.8103 0.2119
v 0.2059 0.8121 0.2132
v 1.6745 0.8467 0.2397
v 1.6839 0.8420 0.2412
v -1.6785 0.8817 0.2249
v -1.6697 0.8748 0.2175
v -0.2025 0.8652 0.2083
v 0.2029 0.8676 0.2085
v 1.6169 0.8977 0.2394
v 1.6545 0.8771 0.2190
v 1.6771 0.8723 0.2151
v -1.6783 0.9044 0.2093
v -1.6673 0.9055 0.1923
v -1.5584 0.9597 0.1949
v -1.5490 0.9521 0.1883
v -1.3858 0.9592 0.1851
v -1.3533 0.9575 0.1907
v -1.2903 0.9553 0.2226
v -1.2386 0.9567 0.2096
v -1.2014 0.9555 0.1790
v -0.1875 0.9087 0.2072
v -0.1456 0.9423 0.2097
v -0.0777 0.9444 0.2234
v -0.0148 0.9422 0.2237
v 0.0461 0.9424 0.2238
v 0.1052 0.9441 0.2243
v 0.1558 0.9388 0.2189
v 0.1901 0.9160 0.1964
v 1.2020 0.9601 0.1936
v 1.2348 0.9570 0.2228
v 1.2871 0.9570 0.2125
v 1.3507 0.9549 0.1866
v 1.3835 0.9545 0.1763
v 1.5556 0.9613 0.1933
v 1.5872 0.9304 0.2103
v 1.6432 0.9048 0.2095
v 1.6732 0.9036 0.1910
v -1.6745 1.0245 0.1902
v -1.6432 1.0168 0.1920
v -1.5806 0.9976 0.2079
v -1.5441 0.9890 0.2099
v -1.3947 0.9609 0.1758
v -1.3689 0.9639 0.1837
v -1.2999 0.9657 0.2111
v -1.2426 0.9683 0.2021
v -1.1995 0.9639 0.1793
v -0.1446 0.9677 0.1871
v -0.1079 0.9721 0.1918
v -0.0465 0.9747 0.1948
v 0.0149 0.9745 0.1948
v 0.0747 0.9741 0.1940
v 0.1296 0.9711 0.1903
v 1.1880 0.9628 0.1783
v 1.2288 0.9654 0.2094
v 1.2816 0.9686 0.2044
v 1.3374 0.9658 0.1902
v 1.3831 0.9614 0.1755
v 1.5489 0.9917 0.1874
v 1.5875 0.9855 0.1952
v 1.6500 1.0077 0.2179
v 1.6776 1.0129 0.2087
v -1.6813 1.0479 0.1845
v -1.6461 1.0522 0.2045
v -1.5861 1.0555 0.2183
v -1.5496 1.0441 0.2055
v -0.1191 1.0797 0.2323
v -0.1113 1.0762 0.2327
v 0.1137 1.0806 0.2378
v 0.1322 1.0775 0.2374
v 1.5464 1.0219 0.1793
v 1.5835 1.0430 0.1883
v 1.6509 1.0411 0.2195
v 1.6839 1.0385 0.2001
v -1.6832 1.0714 0.1796
v -1.6601 1.0790 0.1899
v -1.5989 1.0830 0.2041
v -1.5618 1.0789 0.2296
v -0.1283 1.1229 0.2338
v -0.1126 1.1053 0.2332
v 0.1147 1.1230 0.2329
v 0.1298 1.1098 0.2298
v 1.5971 1.0766 0.1746
v 1.6302 1.0811 0.1856
v 1.6727 1.0722 0.1831
v -0.2412 1.1949 0.2309
v -0.1935 1.1931 0.2312
v -0.1442 1.1762 0.2367
v -0.1204 1.1372 0.2315
v -0.0081 1.1972 0.2408
v 0.0193 1.1978 0.2434
v 0.1249 1.1541 0.2392
v 0.1504 1.1757 0.2304
v 0.1796 1.1990 0.2350
v -0.2422 1.2060 0.2364
v -0.2088 1.2115 0.2358
v -0.1500 1.2319 0.2275
v -0.0921 1.2266 0.2116
v -0.0403 1.2109 0.2017
v 0.0257 1.2087 0.2130
v 0.0911 1.2260 0.2090
v 0.1449 1.2383 0.2189
v 0.1729 1.2081 0.2305
v -0.3044 1.3135 0.2332
v -0.2960 1.3181 0.2374
v -0.1496 1.2945 0.2119
v -0.0609 1.3161 0.2434
v -0.0099 1.3136 0.2330
v 0.0437 1.3095 0.2361
v 0.0713 1.3143 0.2445
v 0.1492 1.2949 0.2126
v 0.2970 1.3199 0.2388
v 0.3034 1.3145 0.2340
v -0.3002 1.3220 0.2374
v -0.2974 1.3207 0.2361
v -0.1592 1.3498 0.2068
v -0.0631 1.3323 0.2441
v -0.0284 1.3550 0.2351
v 0.0261 1.3446 0.2382
v 0.0589 1.3222 0.2369
v 0.1593 1.3490 0.2085
v 0.2945 1.3252 0.2399
v 0.3014 1.3179 0.2335
v -0.2983 1.4402 0.2383
v -0.2929 1.4377 0.2394
v -0.1711 1.4065 0.2070
v -0.0150 1.4274 0.2357
v 0.0132 1.4084 0.2383
v 0.1718 1.4101 0.2107
v 0.2968 1.4406 0.2383
v 0.3038 1.4435 0.2352
v -0.3034 1.4466 0.2335
v -0.2998 1.4446 0.2329
v -0.1873 1.4982 0.1992
v -0.1791 1.4668 0.2074
v -0.0587 1.4960 0.2468
v -0.0174 1.4787 0.2301
v 0.0332 1.4705 0.2342
v 0.0715 1.4978 0.2449
v 0.1785 1.4753 0.2135
v 0.1886 1.4758 0.1870
v 0.2995 1.4474 0.2352
v 0.3033 1.4470 0.2335
v -0.1946 1.5326 0.1917
v -0.1718 1.5341 0.2283
v -0.0634 1.5133 0.2435
v -0.0284 1.5056 0.2333
v 0.0284 1.5053 0.2330
v 0.0630 1.5064 0.2360
v 0.1755 1.5467 0.2271
v 0.1934 1.5135 0.1908
v -0.2362 1.6168 0.1864
v -0.2124 1.5852 0.1839
v -0.1723 1.5925 0.2094
v -0.0013 1.6226 0.1841
v 0.0013 1.6211 0.1827
v 0.1648 1.6012 0.2198
v 0.2064 1.5876 0.1894
v 0.2335 1.6080 0.1816
v -0.3549 1.6808 0.1882
v -0.3276 1.6710 0.1851
v -0.2729 1.6460 0.1829
v -0.2344 1.6194 0.1804
v -0.1347 1.6532 0.2115
v -0.1001 1.6826 0.2457
v -0.0027 1.6255 0.1827
v 0.0004 1.6245 0.1817
v 0.1157 1.6739 0.2355
v 0.1480 1.6482 0.2051
v 0.2266 1.6457 0.1832
v 0.2643 1.6441 0.1878
v 0.3266 1.6705 0.1833
v 0.3557 1.6748 0.1795
v -0.3577 1.7140 0.1869
v -0.3285 1.7104 0.1972
v -0.2949 1.6905 0.1873
v -0.1304 1.6761 0.1820
v -0.0923 1.6949 0.2131
v -0.0320 1.7060 0.2095
v 0.0283 1.7053 0.2075
v 0.0838 1.7021 0.2034
v 0.1443 1.7026 0.1888
v 0.2003 1.6989 0.1832
v 0.2514 1.6841 0.1860
v 0.3215 1.7052 0.1902
v 0.3583 1.6985 0.1857
v -0.3576 1.7660 0.1833
v -0.3172 1.7793 0.2139
v -0.2779 1.7635 0.2072
v -0.2319 1.7898 0.2347
v 0.1639 1.7341 0.1818
v 0.2071 1.7641 0.2052
v 0.2773 1.7942 0.2094
v 0.3444 1.7729 0.2118
v 0.3631 1.7570 0.2037
v -0.3603 1.7939 0.1781
v -0.3275 1.8186 0.2086
v -0.2779 1.8227 0.2311
v -0.2448 1.8032 0.2269
v 0.2311 1.8304 0.2096
v 0.2650 1.8273 0.1979
v 0.3234 1.8234 0.2323
v 0.3580 1.7961 0.2265
v -0.3023 1.8603 0.2412
v -0.2956 1.8531 0.2325
v 0.2444 1.8641 0.2366
v 0.2678 1.8605 0.2315
v 0.2960 1.8527 0.2285
v -0.1208 -1.6847 0.2571
v -0.0946 -1.6899 0.2532
v -0.0681 -1.6938 0.2445
v 0.0645 -1.6855 0.2571
v 0.0906 -1.6895 0.2528
v 0.1178 -1.6931 0.2430
v -0.1300 -1.6764 0.2462
v -0.1064 -1.6726 0.2513
v -0.0686 -1.6784 0.2450
v 0.0561 -1.6806 0.2480
v 0.0789 -1.6746 0.2502
v 0.1181 -1.6766 0.2421
v -0.1854 -0.0551 0.2454
v -0.1789 -0.0667 0.2425
v 0.1752 -0.0554 0.2457
v 0.1817 -0.0663 0.2426
v -0.1893 -0.0261 0.2452
v -0.1697 -0.0381 0.2445
v 0.1714 -0.0265 0.2451
v 0.1911 -0.0375 0.2446
v -0.1930 0.0237 0.2453
v -0.1688 0.0128 0.2443
v 0.1684 0.0234 0.2441
v 0.1927 0.0134 0.2451
v -0.1965 0.0569 0.2425
v -0.1761 0.0600 0.2404
v 0.1658 0.0573 0.2411
v 0.1868 0.0609 0.2416
v -0.0593 0.2452 0.2447
v -0.0261 0.2369 0.2440
v 0.0253 0.2338 0.2428
v 0.0592 0.2300 0.2389
v -0.1230 0.2984 0.2503
v -0.0878 0.2727 0.2483
v -0.0256 0.2764 0.2596
v 0.0306 0.2760 0.2595
v 0.0878 0.2686 0.2491
v 0.1283 0.2823 0.2450
v -0.1790 0.3585 0.2498
v -0.1506 0.3313 0.2513
v -0.0885 0.3316 0.2658
v -0.0302 0.3283 0.2725
v 0.0315 0.3300 0.2738
v 0.0923 0.3308 0.2661
v 0.1496 0.3253 0.2512
v 0.1869 0.3425 0.2432
v -0.1889 0.3894 0.2438
v -0.1474 0.3923 0.2621
v -0.0927 0.3885 0.2737
v -0.0310 0.3887 0.2813
v 0.0315 0.3906 0.2816
v 0.0928 0.3923 0.2744
v 0.1480 0.3882 0.2608
v 0.1894 0.3750 0.2432
v -0.1940 0.4203 0.2338
v -0.1546 0.4506 0.2524
v -0.0930 0.4499 0.2748
v -0.0308 0.4506 0.2832
v 0.0316 0.4528 0.2828
v 0.0910 0.4530 0.2741
v 0.1442 0.4459 0.2596
v 0.1867 0.4278 0.2399
v -0.1357 0.5145 0.2516
v -0.0904 0.5108 0.2727
v -0.0300 0.5116 0.2830
v 0.0320 0.5141 0.2827
v 0.0888 0.5130 0.2717
v 0.1368 0.5007 0.2525
v -0.1309 0.5680 0.2522
v -0.0871 0.5658 0.2755
v -0.0295 0.5664 0.2863
v 0.0325 0.5700 0.2876
v 0.0888 0.5724 0.2768
v 0.1315 0.5573 0.2501
v -0.1340 0.6323 0.2691
v -0.0879 0.6128 0.2863
v -0.0303 0.6110 0.2953
v 0.0321 0.6149 0.2977
v 0.0873 0.6205 0.2914
v 0.1347 0.6288 0.2663
v -0.1818 0.7169 0.2584
v -0.1640 0.6880 0.2626
v 0.1652 0.6983 0.2688
v 0.1838 0.7008 0.2458
v -0.1893 0.7488 0.2589
v -0.1702 0.7495 0.2880
v 0.1743 0.7679 0.2929
v 0.1881 0.7371 0.2543
v -1.6743 0.8431 0.2519
v -1.6721 0.8358 0.2492
v -0.1892 0.8088 0.2760
v -0.1796 0.7815 0.2904
v -0.0035 0.8390 0.3011
v 0.0261 0.8386 0.3003
v 0.1818 0.8043 0.3029
v 0.1938 0.8053 0.2735
v 1.6757 0.8418 0.2506
v 1.6826 0.8342 0.2485
v -1.6769 0.8686 0.2476
v -1.6719 0.8549 0.2473
v -1.5586 0.9032 0.2998
v -1.5478 0.9017 0.2918
v -0.1834 0.8667 0.2686
v -0.1344 0.8885 0.2900
v -0.0775 0.8866 0.2892
v -0.0204 0.8773 0.2827
v 0.0413 0.8704 0.2874
v 0.1096 0.8883 0.2898
v 0.1620 0.8870 0.2859
v 0.1937 0.8611 0.2620
v 1.5601 0.9021 0.2978
v 1.5971 0.8987 0.2799
v 1.6516 0.8732 0.2485
v 1.6797 0.8537 0.2463
v -1.6796 0.8944 0.2384
v -1.6742 0.8909 0.2355
v -1.5586 0.9064 0.2977
v -1.5491 0.9043 0.2904
v -1.2638 0.9582 0.2863
v -1.2559 0.9577 0.2713
v -0.1894 0.8961 0.2414
v -0.1614 0.9102 0.2528
v -0.1071 0.9178 0.2579
v -0.0457 0.9133 0.2558
v 0.0150 0.9092 0.2540
v 0.0775 0.9137 0.2570
v 0.1359 0.9173 0.2578
v 0.1792 0.9042 0.2452
v 1.2563 0.9584 0.2860
v 1.2643 0.9579 0.2713
v 1.5556 0.9063 0.2966
v 1.5818 0.9076 0.2694
v 1.6233 0.9041 0.2460
v 1.6676 0.8902 0.2347
v -1.5572 1.0227 0.2518
v -1.5521 1.0083 0.2423
v -1.2675 0.9607 0.2715
v -1.2530 0.9624 0.2556
v 1.2531 0.9608 0.2707
v 1.2677 0.9622 0.2554
v 1.6746 1.0150 0.2504
v 1.6765 1.0113 0.2415
v -1.5613 1.0512 0.2503
v -1.5455 1.0365 0.2483
v -0.1176 1.0775 0.2440
v -0.1137 1.0694 0.2360
v 0.0545 1.0735 0.2893
v 0.0929 1.0764 0.2732
v 0.1515 1.0735 0.2799
v 0.1840 1.0739 0.2961
v 1.6696 1.0235 0.2461
v 1.6797 1.0245 0.2416
v -1.5692 1.0800 0.2432
v -1.5547 1.0763 0.2445
v -0.1269 1.1111 0.2724
v -0.1063 1.1029 0.2630
v 0.0578 1.0849 0.2949
v 0.0932 1.1013 0.2653
v 0.1397 1.0918 0.2665
v 0.1731 1.0783 0.2825
v -0.2421 1.1999 0.2416
v -0.2082 1.1989 0.2454
v -0.1475 1.1790 0.2622
v -0.1094 1.1646 0.2634
v -0.0128 1.1992 0.2804
v 0.0127 1.1981 0.2711
v 0.1101 1.1735 0.2750
v 0.1385 1.1668 0.2604
v 0.1709 1.1911 0.2411
v -0.2497 1.2024 0.2390
v -0.2056 1.2357 0.2711
v -0.1523 1.2313 0.2672
v -0.0970 1.2285 0.2691
v -0.0476 1.2110 0.2528
v 0.0457 1.2122 0.2691
v 0.0962 1.2374 0.2712
v 0.1472 1.2333 0.2689
v 0.1784 1.2302 0.2632
v -0.3002 1.3181 0.2412
v -0.2974 1.3168 0.2400
v -0.1880 1.3112 0.2877
v -0.1521 1.2898 0.2673
v -0.0878 1.2974 0.2706
v -0.0300 1.3119 0.2484
v 0.0304 1.3123 0.2482
v 0.0867 1.3048 0.2671
v 0.1511 1.2931 0.2706
v 0.1863 1.2897 0.2870
v 0.2945 1.3213 0.2437
v 0.3014 1.3140 0.2373
v -0.3016 1.3207 0.2400
v -0.2720 1.3480 0.2644
v -0.1996 1.3602 0.2793
v -0.1513 1.3477 0.2700
v -0.0931 1.3414 0.2729
v -0.0383 1.3455 0.2566
v 0.0180 1.3401 0.2544
v 0.0805 1.3470 0.2665
v 0.1509 1.3489 0.2687
v 0.2141 1.3486 0.2828
v 0.2757 1.3492 0.2650
v 0.2979 1.3207 0.2396
v -0.2972 1.4377 0.2433
v -0.2702 1.4178 0.2649
v -0.2104 1.4192 0.2805
v -0.1564 1.3958 0.2697
v -0.0855 1.4134 0.2908
v -0.0254 1.4146 0.2727
v 0.0325 1.4072 0.2771
v 0.0954 1.4152 0.2930
v 0.1534 1.4017 0.2646
v 0.2101 1.4139 0.2849
v 0.2695 1.4114 0.2602
v 0.2963 1.4361 0.2414
v -0.3041 1.4446 0.2368
v -0.2974 1.4410 0.2391
v -0.1893 1.4858 0.2876
v -0.1773 1.4534 0.2521
v -0.0677 1.4778 0.2821
v -0.0347 1.4640 0.2627
v 0.0348 1.4624 0.2703
v 0.0701 1.4680 0.2710
v 0.1737 1.4659 0.2538
v 0.1881 1.4687 0.2868
v 0.2920 1.4400 0.2414
v 0.2976 1.4414 0.2391
v -0.1795 1.5119 0.2937
v -0.1521 1.5246 0.2717
v -0.0903 1.5313 0.2745
v -0.0494 1.5032 0.2534
v 0.0097 1.5019 0.2503
v 0.0902 1.5292 0.2712
v 0.1629 1.5224 0.2687
v 0.1822 1.5020 0.2820
v -0.1414 1.5904 0.2590
v -0.1075 1.5945 0.2910
v -0.0035 1.6275 0.3081
v 0.0279 1.6321 0.3117
v 0.1085 1.6091 0.2885
v 0.1438 1.5775 0.2586
v -0.1376 1.6262 0.2451
v -0.0902 1.6558 0.2777
v -0.0219 1.6625 0.2878
v 0.0397 1.6560 0.2934
v 0.0943 1.6539 0.2787
v 0.1332 1.6311 0.2527
v -0.1847 1.7338 0.2962
v -0.1690 1.7309 0.2997
v -0.0711 1.7151 0.2850
v -0.0475 1.7033 0.2710
v 0.0118 1.6878 0.2547
v 0.0685 1.6825 0.2501
v 0.1728 1.7345 0.2962
v 0.1868 1.7383 0.2950
v -0.2950 1.8089 0.2510
v -0.2676 1.7928 0.2426
v -0.2117 1.7678 0.2698
v -0.1760 1.7408 0.2934
v -0.0634 1.7456 0.2996
v -0.0548 1.7329 0.2875
v 0.1795 1.7505 0.3027
v 0.2111 1.7708 0.2734
v 0.2710 1.7965 0.2499
v 0.3294 1.7975 0.2423
v 0.3593 1.7864 0.2324
v -0.3027 1.8350 0.2724
v -0.2750 1.8327 0.2718
v -0.2420 1.8058 0.2449
v 0.2314 1.8252 0.2468
v 0.2679 1.8330 0.2881
v 0.3154 1.8317 0.2709
v 0.3541 1.8036 0.2420
v -0.3012 1.8586 0.2697
v -0.2852 1.8596 0.2619
v 0.2359 1.8562 0.2402
v 0.2640 1.8628 0.2690
v 0.3018 1.8587 0.2586
v -0.1154 0.6635 0.3024
v -0.0870 0.6534 0.3030
v -0.0316 0.6499 0.3070
v 0.0311 0.6528 0.3089
v 0.0860 0.6562 0.3055
v 0.1158 0.6525 0.2959
v -0.1253 0.6932 0.3026
v -0.0849 0.6953 0.3150
v -0.0313 0.6940 0.3165
v 0.0314 0.6961 0.3179
v 0.0885 0.6968 0.3149
v 0.1270 0.6824 0.2991
v -1.6780 0.7877 0.3544
v -1.6743 0.7821 0.3546
v -0.1345 0.7500 0.3093
v -0.0866 0.7482 0.3201
v -0.0312 0.7474 0.3198
v 0.0320 0.7500 0.3215
v 0.0934 0.7507 0.3218
v 0.1380 0.7369 0.3082
v 1.6763 0.7898 0.3543
v 1.6798 0.7843 0.3542
v -1.6754 0.8332 0.3521
v -1.6679 0.8144 0.3530
v -0.1762 0.8349 0.3089
v -0.1538 0.8096 0.3117
v -0.0952 0.8054 0.3212
v -0.0394 0.8000 0.3169
v 0.0266 0.8097 0.3133
v 0.0922 0.8081 0.3214
v 0.1534 0.8047 0.3154
v 0.1836 0.8216 0.3053
v 1.6710 0.8345 0.3522
v 1.6803 0.8141 0.3527
v -1.6732 0.8849 0.3520
v -1.6409 0.8745 0.3457
v -1.5868 0.8996 0.3247
v -1.5551 0.9008 0.3007
v -0.1831 0.8467 0.2998
v -0.1599 0.8564 0.3089
v -0.1112 0.8549 0.3136
v -0.0557 0.8464 0.3080
v 0.0440 0.8430 0.3033
v 0.0790 0.8507 0.3090
v 0.1361 0.8558 0.3119
v 0.1779 0.8474 0.3008
v 1.5593 0.9026 0.3134
v 1.6023 0.8991 0.3325
v 1.6558 0.8822 0.3483
v 1.6780 0.8654 0.3517
v -1.6723 0.9088 0.3546
v -1.6463 0.9052 0.3484
v -1.5920 0.9041 0.3228
v -1.5578 0.9040 0.3006
v -1.2590 0.9594 0.3051
v -1.2574 0.9587 0.2996
v 1.2611 0.9593 0.3050
v 1.2625 0.9586 0.2994
v 1.5492 0.9047 0.3055
v 1.5843 0.9074 0.3192
v 1.6399 0.9062 0.3469
v 1.6703 0.8970 0.3510
v -1.2605 0.9599 0.2996
v -1.2563 0.9601 0.2956
v 1.2593 0.9598 0.2993
v 1.2633 0.9599 0.2953
v -0.1763 1.0753 0.3651
v -0.1260 1.0727 0.3550
v -0.0727 1.0732 0.3528
v -0.0503 1.0728 0.3538
v 0.0498 1.0764 0.3061
v 0.0599 1.0745 0.2981
v 0.1729 1.0772 0.3513
v 0.1916 1.0733 0.3326
v -0.1844 1.0977 0.3560
v -0.1521 1.1103 0.3386
v -0.0918 1.1064 0.3366
v -0.0581 1.0814 0.3480
v 0.0486 1.0798 0.3049
v 0.0873 1.1093 0.3232
v 0.1521 1.1063 0.3348
v 0.1827 1.0846 0.3135
v -0.1471 1.1699 0.3265
v -0.0933 1.1663 0.3233
v -0.0028 1.2077 0.3026
v 0.0053 1.1996 0.2938
v 0.0989 1.1758 0.3318
v 0.1263 1.1702 0.3295
v -0.1886 1.2525 0.3495
v -0.1516 1.2295 0.3229
v -0.0888 1.2303 0.3127
v -0.0275 1.2344 0.3065
v 0.0274 1.2278 0.3052
v 0.0923 1.2193 0.3171
v 0.1479 1.2309 0.3264
v 0.1857 1.2529 0.3299
v -0.2469 1.3126 0.3512
v -0.1952 1.2981 0.3340
v -0.1631 1.2785 0.3124
v -0.0648 1.2920 0.3110
v -0.0229 1.2959 0.3440
v 0.0215 1.2975 0.3355
v 0.0674 1.2726 0.3050
v 0.1725 1.2876 0.3265
v 0.2134 1.2972 0.3349
v 0.2609 1.3140 0.3506
v -0.3092 1.3706 0.3495
v -0.2700 1.3496 0.3256
v -0.2073 1.3495 0.3219
v -0.1679 1.3300 0.3065
v -0.0680 1.3489 0.3080
v -0.0178 1.3468 0.3378
v 0.0328 1.3561 0.3367
v 0.0663 1.3333 0.3094
v 0.1572 1.3447 0.3307
v 0.2006 1.3253 0.3234
v 0.2697 1.3503 0.3298
v 0.3191 1.3794 0.3576
v -0.3097 1.4268 0.3471
v -0.2667 1.4083 0.3153
v -0.2068 1.4069 0.3208
v -0.1532 1.3851 0.3241
v -0.0976 1.4054 0.3233
v -0.0343 1.4091 0.3157
v 0.0234 1.4016 0.3223
v 0.0822 1.4022 0.3280
v 0.1276 1.3879 0.3099
v 0.2372 1.4430 0.3106
v 0.2681 1.4102 0.3068
v 0.3101 1.4101 0.3452
v -0.3055 1.4620 0.3520
v -0.2661 1.4772 0.3430
v -0.2012 1.4753 0.3334
v -0.1338 1.4898 0.3446
v -0.0833 1.4719 0.3274
v -0.0288 1.4700 0.3118
v 0.0331 1.4631 0.3148
v 0.0978 1.4707 0.3254
v 0.1630 1.4952 0.3444
v 0.2122 1.4857 0.3306
v 0.2718 1.4776 0.3427
v 0.2987 1.4413 0.3396
v -0.2436 1.5121 0.3547
v -0.2098 1.5039 0.3232
v -0.1637 1.5111 0.3107
v -0.0986 1.5320 0.3137
v -0.0319 1.5321 0.3285
v 0.0308 1.5310 0.3275
v 0.0845 1.5216 0.3164
v 0.1370 1.5163 0.3095
v 0.2023 1.5272 0.3261
v 0.2448 1.5310 0.3500
v -0.0785 1.5933 0.3126
v -0.0397 1.5880 0.3211
v 0.0252 1.5997 0.3239
v 0.0761 1.5791 0.3144
v 0.2353 1.5650 0.3536
v 0.2385 1.5582 0.3500
v -0.0701 1.6603 0.3337
v -0.0523 1.6489 0.3237
v 0.0523 1.6615 0.3381
v 0.0693 1.6478 0.3253
v -0.1793 1.7385 0.3114
v -0.1709 1.7293 0.3039
v -0.0635 1.7102 0.3320
v -0.0565 1.6980 0.3193
v 0.0595 1.6831 0.3542
v 0.0630 1.6758 0.3470
v 0.1720 1.7370 0.3106
v 0.1789 1.7301 0.3025
v 0.2979 1.7404 0.3614
v 0.3087 1.7315 0.3600
v -0.2390 1.8069 0.3590
v -0.2046 1.7743 0.3316
v -0.1502 1.7719 0.3280
v -0.0847 1.7690 0.3298
v -0.0572 1.7339 0.3066
v 0.1176 1.7989 0.3573
v 0.1499 1.7649 0.3318
v 0.2110 1.7723 0.3299
v 0.2733 1.7718 0.3564
v 0.3014 1.7414 0.3587
v -0.2908 1.8546 0.3131
v -0.2602 1.8434 0.3357
v -0.2029 1.8287 0.3556
v -0.1462 1.8317 0.3580
v -0.0758 1.8337 0.3546
v -0.0064 1.8534 0.3569
v 0.0494 1.8488 0.3561
v 0.0918 1.8282 0.3577
v 0.1219 1.7972 0.3523
v 0.2359 1.8424 0.3537
v 0.2627 1.8347 0.3375
v 0.2950 1.8465 0.3051
v -0.2984 1.8591 0.2998
v -0.2697 1.8613 0.3214
v -0.2177 1.8582 0.3550
v -0.1819 1.8521 0.3595
v -0.0560 1.8580 0.3611
v -0.0253 1.8597 0.3580
v 0.0265 1.8600 0.3551
v 0.0609 1.8531 0.3542
v 0.2399 1.8634 0.3599
v 0.2607 1.8595 0.3297
v 0.2926 1.8586 0.3009
v -1.6779 0.7823 0.3577
v -1.6764 0.7754 0.3564
v 1.6760 0.7840 0.3576
v 1.6781 0.7773 0.3562
v -1.6764 0.8140 0.3575
v -1.6719 0.7968 0.3574
v 1.6725 0.8145 0.3571
v 1.6792 0.7969 0.3567
v -1.6766 0.8676 0.3572
v -1.6549 0.8599 0.3570
v -1.6220 0.8892 0.3491
v 1.6214 0.9003 0.3566
v 1.6518 0.8741 0.3558
v 1.6771 0.8456 0.3567
v -1.6791 0.8997 0.3566
v -1.6617 0.9016 0.3573
v -1.6234 0.9024 0.3481
v 1.6066 0.9075 0.3491
v 1.6315 0.9061 0.3550
v 1.6675 0.8931 0.3562
v -0.1834 1.0723 0.4067
v -0.1484 1.0574 0.3917
v -0.0918 1.0720 0.3850
v -0.0578 1.0697 0.3626
v 0.1814 1.0751 0.4048
v 0.2177 1.0718 0.3967
v 0.2479 1.0742 0.4208
v -0.1884 1.1189 0.3923
v -0.1757 1.1202 0.3643
v -0.0837 1.1129 0.3930
v -0.0600 1.0838 0.3633
v 0.1178 1.1386 0.3716
v 0.1549 1.1025 0.3823
v 0.2041 1.0863 0.3821
v 0.2401 1.0787 0.4123
v -0.1868 1.1901 0.4074
v -0.1504 1.1676 0.3895
v -0.0984 1.1587 0.3792
v 0.1113 1.1711 0.3660
v 0.1539 1.1755 0.3924
v 0.1868 1.2046 0.4176
v -0.2981 1.2611 0.4181
v -0.2531 1.2516 0.4073
v -0.2014 1.2410 0.4000
v -0.1623 1.2182 0.3766
v -0.1159 1.2036 0.3592
v 0.1073 1.2006 0.3562
v 0.1513 1.2190 0.3779
v 0.2087 1.2400 0.3967
v 0.2836 1.2535 0.4105
v 0.3092 1.2591 0.4224
v -0.3163 1.2994 0.4059
v -0.2775 1.2817 0.3855
v -0.2181 1.2847 0.3864
v -0.1785 1.2628 0.3599
v -0.0051 1.3171 0.3653
v 0.0017 1.3120 0.3602
v 0.1669 1.2601 0.3595
v 0.2002 1.2822 0.3813
v 0.2656 1.2905 0.3795
v 0.3121 1.2918 0.4135
v -0.3582 1.3769 0.4091
v -0.3337 1.3454 0.3886
v -0.2971 1.3217 0.3647
v -0.1819 1.3487 0.3877
v -0.1310 1.3779 0.4105
v -0.1063 1.3880 0.4226
v -0.0097 1.3241 0.3600
v 0.0054 1.3284 0.3579
v 0.1156 1.3852 0.4181
v 0.1532 1.3599 0.3990
v 0.1891 1.3290 0.3728
v 0.2849 1.3240 0.3610
v 0.3284 1.3535 0.3880
v 0.3621 1.3821 0.4090
v -0.3624 1.4283 0.4006
v -0.3427 1.3960 0.3752
v -0.1887 1.3782 0.3537
v -0.1587 1.3888 0.3684
v -0.1125 1.4090 0.3929
v 0.1012 1.4172 0.4005
v 0.1195 1.3866 0.3636
v 0.3440 1.4152 0.3763
v 0.3633 1.4131 0.4040
v -0.3587 1.4856 0.4054
v -0.3289 1.4668 0.3768
v -0.2972 1.4845 0.3619
v -0.1887 1.4951 0.4077
v -0.1445 1.4769 0.3950
v -0.1090 1.4536 0.3756
v 0.1116 1.4513 0.3932
v 0.1514 1.4780 0.3944
v 0.1945 1.4956 0.3886
v 0.3046 1.5072 0.3756
v 0.3288 1.4711 0.3719
v 0.3622 1.4659 0.4003
v -0.3528 1.5169 0.4147
v -0.3239 1.5369 0.4080
v -0.2784 1.5249 0.3906
v -0.2245 1.5118 0.3713
v 0.2323 1.5309 0.3827
v 0.2794 1.5427 0.3939
v 0.3256 1.5328 0.4080
v 0.3543 1.5013 0.4009
v -0.3060 1.5735 0.4170
v -0.2984 1.5646 0.4104
v 0.2324 1.5579 0.3614
v 0.2631 1.5690 0.3880
v 0.2975 1.5657 0.4086
v -0.0609 1.6755 0.3642
v -0.0587 1.6683 0.3560
v 0.0595 1.6797 0.3590
v 0.0630 1.6725 0.3518
v -0.0619 1.6843 0.3577
v -0.0569 1.6833 0.3535
v 0.0582 1.6828 0.3582
v 0.0634 1.6812 0.3564
v 0.2978 1.7378 0.3649
v 0.3073 1.7302 0.3628
v -0.2403 1.8067 0.3728
v -0.2320 1.7936 0.3633
v -0.1254 1.8021 0.3608
v -0.1119 1.7911 0.3531
v 0.1154 1.8010 0.3648
v 0.1269 1.7873 0.3575
v 0.2365 1.7972 0.3642
v 0.2678 1.7655 0.3626
v 0.2987 1.7412 0.3622
v -0.2442 1.8315 0.3696
v -0.2128 1.8207 0.3684
v -0.1561 1.8221 0.3633
v -0.0925 1.8268 0.3637
v -0.0294 1.8506 0.3652
v 0.0301 1.8513 0.3631
v 0.0866 1.8268 0.3628
v 0.1184 1.7997 0.3581
v 0.2302 1.8288 0.3656
v 0.2518 1.8144 0.3664
v -0.2531 1.8542 0.3589
v -0.2281 1.8547 0.3665
v -0.1841 1.8497 0.3670
v -0.0688 1.8510 0.3645
v -0.0430 1.8578 0.3662
v 0.0075 1.8606 0.3635
v 0.0571 1.8518 0.3602
v 0.2320 1.8567 0.3681
v 0.2444 1.8534 0.3625
v -1.3820 0.9000 0.4805
v -1.3712 0.8991 0.4716
v -1.3818 0.9033 0.4784
v -1.3724 0.9018 0.4703
v -1.2039 0.9607 0.4852
v -1.1907 0.9560 0.4834
v -1.2567 1.0194 0.4813
v -1.2263 0.9938 0.4797
v -1.1989 0.9652 0.4758
v -1.2631 1.0341 0.4851
v -1.2543 1.0202 0.4762
v -0.1767 1.0810 0.4334
v -0.1527 1.0699 0.4270
v -0.1237 1.0644 0.4154
v 0.1869 1.0759 0.4282
v 0.2134 1.0730 0.4258
v 0.2403 1.0716 0.4244
v -0.1833 1.1120 0.4296
v -0.1508 1.1080 0.4413
v -0.1128 1.0938 0.4260
v 0.1736 1.0828 0.4185
v 0.1965 1.0842 0.4214
v 0.2361 1.0791 0.4242
v -0.1898 1.1672 0.4261
v -0.1605 1.1549 0.4336
v -0.1176 1.1406 0.4232
v 0.1760 1.1972 0.4259
v 0.1798 1.1959 0.4248
v -0.2990 1.2621 0.4402
v -0.2704 1.2519 0.4311
v -0.2187 1.2239 0.4233
v -0.1784 1.2010 0.4180
v 0.1699 1.2039 0.4167
v 0.2058 1.2285 0.4298
v 0.2686 1.2510 0.4324
v 0.3003 1.2511 0.4272
v -0.3113 1.2941 0.4514
v -0.2727 1.2929 0.4590
v -0.2343 1.2694 0.4292
v 0.2266 1.2836 0.4379
v 0.2703 1.2925 0.4650
v 0.3080 1.2872 0.4474
v -0.3561 1.3799 0.4325
v -0.3346 1.3503 0.4387
v -0.2427 1.3332 0.4770
v -0.2107 1.3298 0.4502
v -0.1434 1.3754 0.4531
v -0.1140 1.3799 0.4348
v 0.1131 1.3816 0.4470
v 0.1505 1.3712 0.4566
v 0.2071 1.3350 0.4422
v 0.2473 1.3179 0.4659
v 0.3346 1.3564 0.4408
v 0.3558 1.3703 0.4172
v -0.3583 1.4165 0.4284
v -0.3362 1.4086 0.4537
v -0.1175 1.4030 0.4795
v -0.1054 1.4075 0.4535
v 0.1077 1.4124 0.4570
v 0.1208 1.3872 0.4636
v 0.3409 1.4293 0.4546
v 0.3617 1.4015 0.4266
v -0.3586 1.4705 0.4224
v -0.3174 1.4712 0.4523
v -0.2539 1.4921 0.4623
v -0.1970 1.4868 0.4592
v -0.1457 1.4730 0.4516
v -0.1116 1.4484 0.4333
v 0.1122 1.4458 0.4498
v 0.1499 1.4653 0.4502
v 0.2131 1.4889 0.4503
v 0.2604 1.5018 0.4734
v 0.3388 1.4872 0.4543
v 0.3624 1.4558 0.4279
v -0.3611 1.5018 0.4178
v -0.3305 1.5276 0.4267
v -0.2839 1.5264 0.4341
v -0.2350 1.5143 0.4240
v 0.2250 1.5115 0.4222
v 0.2727 1.5342 0.4476
v 0.3232 1.5322 0.4459
v 0.3548 1.5043 0.4238
v -0.3140 1.5650 0.4208
v -0.2985 1.5626 0.4201
v 0.2901 1.6020 0.4555
v 0.3011 1.5863 0.4460
v 0.2960 1.6292 0.4773
v 0.2987 1.6211 0.4703
v -0.1794 1.7468 0.4735
v -0.1671 1.7434 0.4735
v 0.1195 1.7467 0.4733
v 0.1319 1.7433 0.4733
v -0.1778 1.7840 0.4713
v -0.1451 1.7766 0.4707
v -0.1144 1.7964 0.4712
v -0.0004 1.7991 0.4747
v 0.0027 1.7982 0.4742
v 0.1213 1.7840 0.4712
v 0.1541 1.7766 0.4706
v 0.1849 1.7965 0.4712
v -0.1758 1.8050 0.4722
v -0.1495 1.8023 0.4707
v -0.1220 1.8008 0.4698
v -0.0013 1.8022 0.4742
v 0.0013 1.8008 0.4734
v 0.1235 1.8049 0.4721
v 0.1499 1.8024 0.4706
v 0.1774 1.8009 0.4698
v -1.4331 0.8999 0.5323
v -1.4068 0.8984 0.5078
v -1.3791 0.8975 0.4810
v 1.4351 0.8999 0.5347
v 1.4368 0.8990 0.5342
v -1.4350 0.9033 0.5327
v -1.4083 0.9023 0.5062
v -1.3812 0.9008 0.4813
v -1.2034 0.9592 0.5182
v -1.1917 0.9539 0.5076
v 1.4346 0.9029 0.5342
v 1.4361 0.9016 0.5334
v -1.2547 1.0274 0.4959
v -1.2248 1.0003 0.5028
v -1.1971 0.9820 0.5022
v 1.2012 1.0294 0.5341
v 1.2064 1.0237 0.5339
v -1.2639 1.0569 0.5143
v -1.2433 1.0366 0.5078
v -1.2102 1.0137 0.5151
v 1.1975 1.0609 0.5320
v 1.2041 1.0475 0.5321
v -1.2677 1.0815 0.5332
v -1.2614 1.0722 0.5266
v 1.1974 1.0773 0.5321
v 1.2009 1.0709 0.5309
v -0.3007 1.3170 0.4785
v -0.2950 1.3052 0.4745
v 0.2922 1.3229 0.4847
v 0.3010 1.3088 0.4767
v -0.3022 1.3496 0.4767
v -0.2655 1.3463 0.4871
v -0.2077 1.3679 0.4885
v -0.1748 1.3705 0.4792
v 0.1787 1.3858 0.4889
v 0.2138 1.3747 0.4845
v 0.2678 1.3502 0.4827
v 0.3075 1.3373 0.4765
v -0.3064 1.4034 0.4759
v -0.2639 1.4069 0.4917
v -0.2084 1.4106 0.4976
v -0.1479 1.4081 0.4916
v -0.1101 1.4186 0.4865
v 0.1182 1.4323 0.4877
v 0.1477 1.4107 0.4863
v 0.2115 1.4151 0.4968
v 0.2653 1.4119 0.4928
v 0.3080 1.3940 0.4782
v -0.3110 1.4391 0.4727
v -0.2786 1.4518 0.4811
v -0.2235 1.4566 0.4874
v -0.1646 1.4524 0.4875
v -0.1181 1.4408 0.4789
v 0.1102 1.4414 0.4797
v 0.1346 1.4475 0.4847
v 0.1887 1.4518 0.4860
v 0.2591 1.4697 0.4870
v 0.3074 1.4552 0.4796
v 0.2792 1.5062 0.4781
v 0.3027 1.5035 0.4723
v 0.2960 1.6252 0.4796
v 0.2987 1.6172 0.4725
v 0.2949 1.6286 0.4798
v 0.2990 1.6268 0.4784
v -0.1805 1.7422 0.4773
v -0.1762 1.7346 0.4761
v 0.1184 1.7422 0.4772
v 0.1227 1.7346 0.4759
v -0.1821 1.7698 0.4761
v -0.1564 1.7653 0.4762
v -0.1232 1.7873 0.4735
v -0.0013 1.7982 0.4764
v 0.0013 1.7969 0.4757
v 0.1170 1.7697 0.4759
v 0.1428 1.7653 0.4761
v 0.1761 1.7874 0.4735
v -0.1847 1.7962 0.4743
v -0.1638 1.7981 0.4753
v -0.1266 1.7996 0.4735
v -0.0027 1.8008 0.4757
v 0.0004 1.7999 0.4751
v 0.1146 1.7961 0.4742
v 0.1356 1.7981 0.4753
v 0.1728 1.7998 0.4736
v -1.4416 0.8990 0.5421
v -1.4331 0.8974 0.5347
v 1.4346 0.8990 0.5365
v 1.4361 0.8977 0.5357
v -1.4424 0.9017 0.5413
v -1.4326 0.9007 0.5327
v -1.1982 0.9606 0.5379
v -1.1940 0.9515 0.5305
v 1.4338 0.9016 0.5357
v 1.4355 0.9007 0.5352
v -1.2083 0.9902 0.5339
v -1.1929 0.9724 0.5323
v 1.2010 1.0237 0.5371
v 1.2045 1.0170 0.5360
v -1.2617 1.0730 0.5361
v -1.2383 1.0418 0.5299
v -1.2070 1.0126 0.5294
v 1.1978 1.0475 0.5357
v 1.2043 1.0339 0.5358
v -1.2684 1.0813 0.5359
v -1.2591 1.0751 0.5354
v 1.1955 1.0709 0.5340
v 1.2006 1.0653 0.5338
vn -0.619 -0.644 -0.449
vn -0.058 -0.671 -0.739
vn 0.877 -0.239 -0.417
vn -0.783 -0.150 -0.604
vn 0.639 -0.138 -0.757
vn -0.665 -0.047 -0.746
vn -0.038 -0.009 -0.999
vn 0.768 0.063 -0.638
vn -0.790 -0.177 -0.588
vn 0.452 0.046 -0.891
vn -0.299 0.688 -0.661
vn 0.026 0.574 -0.818
vn 0.351 0.367 -0.862
vn -0.352 0.542 -0.764
vn 0.200 0.235 -0.951
vn -0.373 -0.357 -0.857
vn 0.755 -0.652 -0.072
vn -0.576 0.783 -0.234
vn 0.420 0.403 -0.813
vn -0.487 -0.865 -0.124
vn 0.517 -0.826 0.223
vn 0.410 -0.834 0.370
vn 0.174 -0.475 0.862
vn 0.422 -0.581 0.696
vn -0.858 0.382 0.344
vn -0.650 -0.411 0.639
vn 0.895 -0.446 0.001
vn -0.706 -0.573 -0.416
vn 0.619 -0.752 -0.224
vn 0.776 0.069 0.627
vn -0.885 0.347 0.310
vn -0.865 0.501 -0.013
vn 0.838 0.153 -0.524
vn -0.764 -0.261 -0.590
vn 0.544 0.521 -0.658
vn 0.790 0.224 0.570
vn -0.639 0.768 -0.041
vn 0.285 0.448 -0.847
vn 0.683 -0.726 0.072
vn -0.255 0.871 -0.421
vn 0.293 0.570 -0.767
vn -0.730 0.683 0.017
vn 0.373 0.357 0.857
vn -0.186 -0.981 0.059
vn 0.449 -0.839 -0.309
vn 0.631 -0.739 -0.234
vn -0.281 -0.688 -0.670
vn 0.027 -0.552 -0.834
vn 0.658 -0.238 -0.715
vn -0.783 0.612 0.115
vn -0.621 0.756 -0.207
vn 0.501 -0.700 -0.508
vn 0.727 -0.148 -0.670
vn -0.882 0.398 0.254
vn -0.035 -0.661 -0.750
vn 0.620 -0.093 -0.779
vn -0.717 0.516 0.469
vn 0.912 0.390 -0.130
vn 0.679 -0.013 -0.734
vn -0.702 0.235 0.673
vn 0.704 0.567 0.428
vn 0.642 -0.024 -0.766
vn -0.763 0.427 0.486
vn 0.816 0.355 0.456
vn -0.731 0.143 0.668
vn 0.677 0.619 0.398
vn -0.558 -0.419 -0.717
vn 0.799 -0.360 -0.483
vn -0.674 -0.103 -0.731
vn 0.715 -0.074 -0.695
vn -0.800 0.135 -0.585
vn 0.714 0.065 -0.697
vn -0.333 0.659 -0.674
vn 0.604 0.247 -0.758
vn -0.201 -0.464 0.863
vn 0.039 -0.730 0.683
vn 0.246 -0.914 0.322
vn -0.305 -0.836 -0.457
vn 0.214 -0.467 0.858
vn 0.224 -0.614 0.757
vn 0.266 -0.817 0.511
vn -0.784 0.579 0.224
vn -0.510 0.536 0.672
vn 0.001 -0.244 0.970
vn 0.483 -0.849 0.213
vn -0.686 0.710 0.161
vn 0.028 0.622 0.782
vn 0.294 0.123 0.948
vn -0.760 0.548 0.349
vn -0.098 0.631 0.769
vn 0.004 0.645 0.764
vn -0.653 0.572 0.497
vn 0.264 0.551 0.792
vn -0.805 -0.378 -0.457
vn 0.840 -0.334 -0.427
vn -0.948 -0.303 -0.100
vn 0.818 -0.485 -0.309
vn -0.992 -0.123 0.017
vn 0.990 -0.103 0.095
vn -0.996 0.062 -0.060
vn 0.996 0.071 -0.048
vn -0.915 0.311 -0.257
vn 0.918 0.290 -0.270
vn -0.698 0.665 -0.268
vn 0.369 0.592 -0.717
vn -0.388 -0.552 0.738
vn 0.296 -0.909 0.292
vn -0.754 0.171 0.635
vn 0.305 0.836 0.457
vn -0.782 -0.370 -0.502
vn 0.815 -0.563 -0.139
vn -0.596 -0.108 0.796
vn 0.616 -0.706 0.349
vn -0.625 -0.670 0.400
vn 0.757 0.046 -0.652
vn -0.577 0.635 -0.514
vn -0.389 -0.181 -0.903
vn 0.713 -0.318 -0.625
vn -0.641 -0.036 0.767
vn 0.909 -0.019 0.417
vn 0.150 0.738 -0.658
vn 0.477 0.478 -0.737
vn -0.776 -0.182 -0.604
vn -0.419 -0.050 -0.907
vn 0.570 0.064 -0.819
vn -0.621 -0.077 0.780
vn 0.775 -0.082 0.627
vn -0.593 -0.409 -0.694
vn 0.838 -0.304 -0.453
vn -0.874 -0.168 -0.456
vn 0.426 0.616 -0.663
vn 0.498 0.383 -0.778
vn -0.625 -0.203 0.754
vn 0.671 -0.112 0.733
vn -0.547 -0.128 -0.828
vn 0.377 -0.530 -0.759
vn 0.794 -0.371 -0.481
vn -0.590 0.755 -0.286
vn 0.520 0.458 -0.721
vn -0.949 -0.177 0.261
vn 0.918 -0.132 0.373
vn -0.250 0.894 -0.371
vn 0.054 0.701 -0.711
vn 0.315 0.316 -0.895
vn -0.868 0.493 -0.055
vn 0.939 0.336 -0.075
vn -0.769 -0.638 0.045
vn 0.790 -0.579 -0.200
vn -0.477 -0.479 0.737
vn -0.475 -0.858 0.195
vn 0.741 -0.128 -0.660
vn -0.769 0.100 -0.631
vn 0.867 -0.256 0.428
vn 0.609 -0.784 0.121
vn -0.625 -0.511 -0.590
vn 0.793 -0.444 -0.417
vn -0.749 -0.257 -0.610
vn 0.836 0.149 -0.527
vn 0.651 0.349 -0.674
vn -0.929 0.005 0.371
vn -0.511 -0.165 0.843
vn -0.203 -0.818 0.538
vn 0.649 0.090 -0.755
vn 0.426 0.324 -0.844
vn -0.858 -0.020 -0.514
vn 0.441 -0.322 -0.838
vn 0.841 -0.320 -0.435
vn -0.862 -0.394 0.319
vn 0.653 0.085 0.753
vn 0.471 0.866 0.167
vn 0.442 0.426 -0.789
vn -0.837 0.547 0.014
vn -0.369 0.067 -0.927
vn 0.810 -0.269 -0.520
vn -0.734 0.679 -0.035
vn 0.829 0.548 -0.112
vn -0.693 -0.625 -0.360
vn 0.786 -0.617 -0.026
vn -0.820 0.463 0.337
vn -0.382 0.864 0.327
vn 0.528 0.846 0.069
vn -0.743 0.640 -0.197
vn 0.873 0.475 -0.110
vn -0.497 -0.097 -0.862
vn 0.617 -0.182 -0.766
vn -0.261 -0.156 -0.953
vn 0.778 -0.095 -0.621
vn -0.359 0.609 -0.707
vn 0.031 0.378 -0.925
vn -0.067 0.711 -0.700
vn 0.432 0.387 -0.815
vn -0.672 -0.271 0.689
vn -0.224 -0.973 -0.058
vn 0.036 -0.613 -0.789
vn 0.004 -0.530 -0.848
vn 0.766 -0.458 -0.452
vn -0.454 -0.422 -0.785
vn 0.824 -0.560 -0.081
vn -0.503 -0.628 0.593
vn -0.271 -0.863 0.426
vn -0.821 0.132 0.555
vn 0.598 0.801 0.025
vn -0.021 0.704 -0.710
vn -0.632 -0.085 -0.770
vn 0.747 -0.437 -0.502
vn -0.639 -0.372 -0.673
vn -0.352 -0.251 -0.902
vn 0.314 -0.725 0.613
vn 0.369 -0.684 0.629
vn 0.583 0.806 -0.102
vn -0.946 0.194 0.259
vn 0.540 0.408 0.736
vn -0.637 -0.692 0.340
vn 0.388 0.301 -0.871
vn 0.822 0.537 -0.187
vn -0.586 -0.091 -0.805
vn -0.285 0.061 -0.957
vn -0.705 -0.520 0.482
vn 0.643 -0.171 0.746
vn 0.725 -0.681 0.105
vn -0.662 -0.382 0.644
vn -0.426 -0.848 0.315
vn -0.435 0.872 -0.225
vn 0.529 0.766 -0.366
vn -0.401 -0.397 -0.826
vn -0.065 -0.541 -0.838
vn 0.164 -0.508 -0.845
vn 0.310 0.112 -0.944
vn -0.113 0.633 -0.766
vn -0.684 0.518 -0.513
vn 0.352 0.122 0.928
vn 0.634 0.021 0.773
vn -0.876 0.423 0.232
vn 0.620 0.761 -0.190
vn 0.502 0.658 -0.561
vn -0.577 -0.086 -0.812
vn -0.415 -0.419 -0.808
vn 0.422 -0.433 -0.796
vn 0.506 -0.066 -0.860
vn -0.589 0.713 -0.381
vn -0.664 0.725 -0.182
vn 0.643 0.621 0.447
vn -0.588 0.182 -0.788
vn -0.447 0.365 -0.816
vn 0.512 0.421 -0.749
vn 0.628 0.058 -0.776
vn -0.532 0.317 -0.785
vn -0.201 0.429 -0.880
vn 0.195 0.488 -0.851
vn 0.554 0.377 -0.742
vn -0.176 0.768 -0.616
vn 0.177 0.477 -0.861
vn -0.263 -0.437 -0.860
vn 0.094 -0.396 -0.914
vn 0.040 -0.495 -0.868
vn 0.496 -0.494 -0.714
vn -0.223 -0.272 -0.936
vn 0.345 -0.245 -0.906
vn 0.821 -0.270 -0.502
vn -0.690 -0.194 -0.697
vn -0.096 -0.234 -0.967
vn 0.317 -0.243 -0.917
vn -0.754 -0.146 -0.640
vn -0.254 -0.185 -0.949
vn 0.244 -0.167 -0.955
vn 0.735 -0.102 -0.670
vn -0.723 -0.100 -0.684
vn -0.110 -0.182 -0.977
vn 0.431 -0.195 -0.881
vn 0.841 -0.235 -0.487
vn -0.770 -0.054 -0.635
vn -0.260 -0.119 -0.958
vn 0.262 -0.109 -0.959
vn 0.737 -0.068 -0.673
vn -0.745 -0.051 -0.665
vn -0.206 -0.095 -0.974
vn 0.338 -0.118 -0.934
vn 0.766 -0.068 -0.639
vn -0.807 0.031 -0.589
vn -0.307 -0.076 -0.949
vn 0.293 -0.087 -0.952
vn 0.746 -0.044 -0.665
vn -0.777 -0.037 -0.629
vn -0.236 -0.092 -0.967
vn 0.339 -0.052 -0.939
vn 0.760 0.014 -0.650
vn -0.810 0.121 -0.573
vn -0.529 0.018 -0.848
vn 0.346 -0.101 -0.933
vn 0.746 0.001 -0.666
vn -0.769 0.068 -0.635
vn -0.430 -0.055 -0.901
vn 0.414 -0.099 -0.905
vn 0.763 0.061 -0.644
vn -0.772 0.184 -0.608
vn -0.501 0.346 -0.793
vn 0.253 0.369 -0.894
vn 0.748 0.096 -0.657
vn -0.720 0.165 -0.674
vn -0.293 0.297 -0.909
vn 0.589 0.357 -0.725
vn 0.709 0.187 -0.679
vn -0.546 0.320 -0.774
vn 0.165 0.389 -0.906
vn 0.548 0.372 -0.749
vn -0.679 0.269 -0.683
vn -0.231 0.346 -0.909
vn 0.485 0.332 -0.809
vn -0.297 0.632 -0.716
vn 0.116 0.343 -0.932
vn -0.100 0.659 -0.746
vn 0.348 0.357 -0.867
vn 0.015 -0.429 -0.903
vn 0.166 -0.518 -0.839
vn -0.162 -0.447 -0.880
vn 0.065 -0.388 -0.919
vn -0.539 -0.020 -0.842
vn -0.110 -0.093 -0.990
vn 0.163 -0.167 -0.972
vn 0.297 -0.141 -0.944
vn -0.235 -0.166 -0.958
vn -0.040 -0.128 -0.991
vn 0.200 -0.084 -0.976
vn 0.726 -0.106 -0.679
vn -0.558 0.161 -0.814
vn -0.208 0.245 -0.947
vn 0.032 0.057 -0.998
vn 0.234 0.054 -0.971
vn -0.243 0.170 -0.955
vn -0.014 0.070 -0.997
vn 0.248 0.209 -0.946
vn 0.370 0.236 -0.899
vn -0.241 0.512 -0.825
vn -0.008 0.378 -0.926
vn 0.177 0.219 -0.959
vn -0.150 0.470 -0.870
vn 0.083 0.442 -0.893
vn 0.253 0.374 -0.892
vn -0.303 -0.458 -0.836
vn 0.690 -0.691 -0.215
vn -0.586 0.754 -0.295
vn 0.413 -0.625 -0.663
vn 0.623 -0.483 -0.616
vn -0.001 -0.222 -0.975
vn 0.151 -0.162 -0.975
vn -0.090 -0.148 -0.985
vn -0.037 -0.191 -0.981
vn -0.529 0.838 0.135
vn 0.556 -0.132 -0.821
vn -0.194 -0.048 -0.980
vn -0.030 -0.056 -0.998
vn 0.125 -0.044 -0.991
vn -0.107 -0.002 -0.994
vn 0.030 -0.023 -0.999
vn 0.252 -0.036 -0.967
vn -0.298 0.207 -0.932
vn 0.022 0.185 -0.982
vn 0.080 0.055 -0.995
vn -0.132 0.134 -0.982
vn -0.059 0.226 -0.972
vn 0.181 0.192 -0.965
vn -0.333 0.621 -0.710
vn 0.138 0.357 -0.924
vn -0.042 0.676 -0.736
vn 0.275 0.306 -0.911
vn -0.198 -0.793 0.577
vn -0.054 -0.658 0.751
vn 0.006 -0.507 0.862
vn 0.297 -0.748 0.593
vn -0.380 -0.331 0.864
vn 0.435 -0.716 0.547
vn -0.165 -0.846 -0.506
vn -0.309 -0.936 0.168
vn -0.748 0.287 0.599
vn 0.205 0.956 0.211
vn -0.317 0.205 0.926
vn 0.519 -0.227 0.824
vn -0.232 -0.456 0.859
vn -0.186 -0.472 0.862
vn 0.510 -0.001 0.860
vn -0.345 -0.522 -0.780
vn -0.155 -0.676 -0.720
vn 0.697 -0.514 -0.499
vn -0.028 0.899 -0.436
vn 0.123 0.878 -0.463
vn 0.245 0.800 -0.548
vn -0.489 -0.462 0.740
vn -0.671 0.026 0.741
vn 0.058 -0.881 -0.470
vn 0.149 -0.673 -0.724
vn 0.072 -0.719 -0.692
vn -0.272 -0.899 0.342
vn 0.251 -0.156 0.955
vn 0.585 -0.089 0.806
vn -0.286 0.856 -0.431
vn -0.067 0.753 -0.655
vn 0.173 0.559 -0.811
vn -0.524 -0.629 0.574
vn -0.636 -0.440 0.634
vn -0.553 0.080 -0.830
vn -0.390 -0.302 -0.870
vn -0.067 -0.411 -0.909
vn 0.093 -0.618 -0.781
vn 0.298 -0.533 -0.792
vn 0.959 0.165 0.232
vn 0.576 0.143 0.805
vn 0.508 -0.717 0.478
vn -0.766 0.238 0.598
vn 0.545 0.832 -0.103
vn -0.762 0.140 -0.632
vn -0.499 -0.068 -0.864
vn 0.777 -0.060 -0.626
vn 0.730 0.038 -0.682
vn -0.723 0.671 -0.165
vn 0.730 -0.183 0.659
vn -0.767 0.174 -0.618
vn -0.696 0.101 -0.711
vn 0.658 0.119 -0.743
vn 0.812 0.083 -0.578
vn -0.753 0.261 -0.604
vn -0.614 0.424 -0.666
vn -0.443 0.657 -0.611
vn 0.431 0.473 -0.769
vn 0.617 0.399 -0.679
vn 0.726 0.281 -0.628
vn -0.438 0.659 -0.611
vn -0.228 0.751 -0.619
vn 0.212 0.775 -0.595
vn 0.531 0.647 -0.547
vn -0.585 -0.620 -0.523
vn 0.068 -0.655 -0.753
vn 0.917 -0.251 -0.310
vn -0.619 -0.518 -0.590
vn 0.154 -0.785 -0.600
vn 0.849 -0.375 -0.372
vn -0.736 -0.011 -0.677
vn 0.062 -0.076 -0.995
vn 0.859 -0.049 -0.510
vn -0.811 -0.050 -0.582
vn 0.028 -0.087 -0.996
vn 0.791 -0.018 -0.612
vn -0.693 0.200 -0.692
vn -0.091 0.148 -0.985
vn 0.759 0.073 -0.647
vn -0.723 0.163 -0.671
vn -0.148 0.159 -0.976
vn 0.719 0.115 -0.685
vn -0.427 0.400 -0.811
vn 0.003 0.399 -0.917
vn 0.424 0.316 -0.849
vn -0.422 0.379 -0.824
vn -0.007 0.398 -0.917
vn 0.380 0.344 -0.859
vn -0.614 -0.237 -0.753
vn 0.239 -0.334 -0.912
vn 0.858 -0.227 -0.461
vn -0.604 -0.224 -0.764
vn 0.280 -0.348 -0.895
vn 0.856 -0.261 -0.447
vn -0.706 -0.141 -0.694
vn 0.080 -0.158 -0.984
vn 0.773 -0.072 -0.630
vn -0.717 -0.105 -0.689
vn 0.089 -0.167 -0.982
vn 0.777 -0.117 -0.618
vn -0.716 -0.146 -0.683
vn 0.067 -0.117 -0.991
vn 0.770 -0.069 -0.634
vn -0.748 -0.082 -0.659
vn 0.039 -0.136 -0.990
vn 0.767 -0.133 -0.628
vn -0.701 -0.319 -0.638
vn 0.124 -0.197 -0.973
vn 0.785 -0.086 -0.613
vn -0.811 -0.142 -0.568
vn -0.000 -0.233 -0.972
vn 0.782 -0.261 -0.566
vn -0.863 -0.458 -0.214
vn -0.619 -0.557 -0.553
vn 0.226 -0.452 -0.863
vn 0.819 -0.143 -0.555
vn -0.903 -0.184 -0.388
vn -0.227 -0.386 -0.894
vn 0.621 -0.474 -0.624
vn 0.848 -0.297 -0.439
vn -0.968 -0.182 -0.172
vn -0.674 -0.373 -0.638
vn 0.760 -0.363 -0.539
vn 0.909 -0.239 -0.342
vn -0.957 -0.152 -0.249
vn -0.601 -0.313 -0.735
vn 0.804 -0.318 -0.503
vn 0.938 -0.185 -0.294
vn -0.982 -0.148 -0.121
vn -0.729 -0.231 -0.644
vn 0.982 -0.132 -0.137
vn -0.974 -0.092 -0.205
vn 0.735 -0.155 -0.660
vn 0.956 -0.178 -0.233
vn -0.983 -0.066 -0.173
vn 0.978 -0.046 -0.203
vn -0.978 -0.039 -0.204
vn 0.988 -0.102 -0.112
vn -0.979 0.026 -0.203
vn 0.979 -0.030 -0.204
vn -0.979 -0.018 -0.201
vn 0.979 0.012 -0.203
vn -0.974 0.120 -0.192
vn 0.977 0.005 -0.212
vn -0.978 0.015 -0.207
vn 0.961 0.109 -0.256
vn -0.961 0.160 -0.225
vn -0.713 0.390 -0.583
vn 0.959 0.102 -0.264
vn -0.963 0.107 -0.249
vn 0.720 0.319 -0.616
vn 0.915 0.185 -0.359
vn -0.863 0.441 -0.246
vn -0.815 0.368 -0.448
vn 0.565 0.339 -0.752
vn 0.878 0.227 -0.422
vn -0.889 0.248 -0.384
vn -0.589 0.520 -0.618
vn 0.821 0.374 -0.432
vn 0.915 0.314 -0.252
vn -0.647 0.390 -0.655
vn 0.211 0.511 -0.833
vn 0.802 0.295 -0.520
vn -0.764 0.256 -0.592
vn -0.286 0.469 -0.836
vn 0.692 0.377 -0.616
vn -0.565 0.146 -0.812
vn 0.207 0.291 -0.934
vn 0.566 0.410 -0.715
vn -0.698 0.237 -0.676
vn -0.199 0.243 -0.950
vn 0.500 0.264 -0.825
vn -0.562 -0.033 -0.826
vn 0.134 0.054 -0.989
vn -0.163 0.045 -0.986
vn 0.556 -0.013 -0.831
vn -0.380 -0.122 -0.917
vn 0.180 -0.018 -0.983
vn -0.231 -0.038 -0.972
vn 0.479 -0.139 -0.867
vn -0.213 -0.144 -0.966
vn 0.243 -0.077 -0.967
vn -0.214 -0.069 -0.974
vn 0.221 -0.114 -0.969
vn -0.613 -0.156 -0.775
vn -0.117 -0.107 -0.987
vn 0.227 -0.097 -0.969
vn -0.181 -0.129 -0.975
vn 0.285 -0.136 -0.949
vn 0.745 -0.265 -0.612
vn -0.548 -0.126 -0.827
vn -0.096 -0.096 -0.991
vn 0.344 -0.109 -0.933
vn 0.799 -0.169 -0.578
vn -0.704 -0.075 -0.707
vn -0.212 -0.100 -0.972
vn 0.170 -0.108 -0.980
vn 0.621 -0.132 -0.773
vn -0.439 -0.119 -0.890
vn -0.126 -0.038 -0.991
vn 0.247 -0.050 -0.968
vn 0.705 -0.010 -0.709
vn -0.715 0.019 -0.699
vn -0.235 -0.031 -0.971
vn 0.121 -0.075 -0.990
vn 0.535 -0.152 -0.831
vn -0.316 -0.123 -0.941
vn -0.025 0.008 -1.000
vn 0.180 0.061 -0.982
vn 0.700 0.050 -0.712
vn -0.720 0.075 -0.690
vn -0.287 0.045 -0.957
vn 0.071 -0.030 -0.997
vn 0.367 -0.115 -0.923
vn -0.681 -0.112 -0.723
vn -0.247 -0.099 -0.964
vn 0.097 -0.034 -0.995
vn 0.379 0.096 -0.920
vn 0.573 0.203 -0.794
vn -0.724 0.126 -0.678
vn -0.371 0.082 -0.925
vn -0.018 -0.009 -1.000
vn 0.380 -0.105 -0.919
vn 0.769 -0.208 -0.604
vn -0.667 -0.029 -0.745
vn -0.235 -0.035 -0.971
vn 0.121 -0.023 -0.992
vn 0.418 0.019 -0.908
vn -0.430 0.057 -0.901
vn -0.117 0.014 -0.993
vn 0.258 -0.046 -0.965
vn 0.679 -0.048 -0.732
vn -0.645 0.010 -0.764
vn -0.236 0.022 -0.971
vn 0.133 0.030 -0.991
vn 0.433 0.046 -0.900
vn -0.459 0.063 -0.886
vn -0.133 0.025 -0.991
vn 0.225 0.005 -0.974
vn 0.661 -0.012 -0.750
vn -0.633 0.035 -0.773
vn -0.232 0.037 -0.972
vn 0.156 0.058 -0.986
vn 0.479 0.124 -0.869
vn -0.525 0.132 -0.841
vn -0.168 0.066 -0.984
vn 0.205 0.028 -0.978
vn 0.644 0.014 -0.765
vn -0.658 0.052 -0.751
vn -0.250 0.019 -0.968
vn 0.182 -0.003 -0.983
vn 0.589 0.062 -0.806
vn -0.591 0.040 -0.806
vn -0.164 0.080 -0.983
vn 0.127 0.089 -0.988
vn 0.634 0.059 -0.771
vn -0.700 0.099 -0.707
vn -0.385 -0.031 -0.922
vn 0.103 -0.169 -0.980
vn 0.639 -0.247 -0.728
vn -0.526 -0.350 -0.775
vn -0.049 -0.142 -0.989
vn 0.331 0.066 -0.941
vn 0.521 0.187 -0.833
vn -0.609 -0.091 -0.788
vn -0.095 -0.316 -0.944
vn 0.396 -0.602 -0.693
vn 0.114 -0.788 -0.605
vn -0.305 -0.757 -0.578
vn -0.355 -0.623 -0.697
vn 0.096 -0.447 -0.889
vn 0.485 -0.113 -0.867
vn -0.759 0.017 -0.651
vn -0.420 -0.241 -0.875
vn 0.387 -0.496 -0.778
vn 0.219 -0.417 -0.882
vn -0.143 -0.490 -0.860
vn -0.289 -0.492 -0.821
vn 0.636 -0.356 -0.684
vn 0.712 -0.113 -0.693
vn -0.753 0.280 -0.595
vn -0.478 0.503 -0.720
vn 0.109 0.080 -0.991
vn -0.131 -0.018 -0.991
vn 0.407 0.375 -0.833
vn 0.743 0.222 -0.632
vn -0.617 0.423 -0.664
vn -0.362 0.574 -0.734
vn -0.057 0.599 -0.798
vn 0.087 0.424 -0.902
vn -0.071 0.418 -0.906
vn 0.052 0.603 -0.796
vn 0.378 0.549 -0.745
vn 0.621 0.506 -0.599
vn -0.271 0.670 -0.692
vn -0.109 0.654 -0.749
vn 0.015 0.613 -0.790
vn 0.030 0.585 -0.810
vn 0.049 0.663 -0.747
vn 0.246 0.659 -0.710
vn -0.745 -0.360 -0.561
vn 0.495 -0.761 -0.419
vn -0.260 -0.411 -0.874
vn -0.062 -0.423 -0.904
vn -0.015 -0.418 -0.908
vn 0.038 -0.420 -0.907
vn 0.177 -0.425 -0.888
vn 0.326 -0.411 -0.851
vn -0.791 -0.599 -0.123
vn 0.979 -0.041 -0.201
vn -0.792 0.069 -0.606
vn 0.300 -0.664 -0.685
vn 0.788 -0.615 -0.035
vn -0.764 -0.280 -0.582
vn -0.378 -0.333 -0.864
vn -0.081 -0.353 -0.932
vn -0.021 -0.339 -0.941
vn 0.010 -0.352 -0.936
vn 0.168 -0.356 -0.919
vn 0.481 -0.315 -0.818
vn 0.834 -0.346 -0.431
vn -0.670 -0.742 0.010
vn 0.467 0.482 -0.741
vn 0.638 0.435 -0.635
vn -0.539 0.760 -0.363
vn -0.489 0.747 -0.450
vn 0.021 0.787 0.617
vn 0.455 -0.870 -0.190
vn 0.611 -0.544 -0.575
vn -0.250 -0.605 -0.756
vn -0.070 -0.686 -0.724
vn -0.001 -0.689 -0.725
vn -0.004 -0.696 -0.718
vn -0.002 -0.704 -0.710
vn 0.012 -0.712 -0.702
vn 0.031 -0.707 -0.706
vn 0.122 -0.713 -0.690
vn 0.418 -0.806 -0.420
vn -0.680 -0.393 -0.619
vn -0.456 -0.297 -0.839
vn -0.134 -0.323 -0.937
vn 0.011 -0.252 -0.968
vn -0.029 -0.250 -0.968
vn 0.131 -0.333 -0.934
vn 0.385 -0.323 -0.864
vn 0.734 -0.413 -0.539
vn -0.241 -0.758 -0.605
vn -0.066 -0.726 -0.684
vn -0.018 -0.713 -0.701
vn -0.011 -0.704 -0.710
vn -0.003 -0.693 -0.721
vn 0.001 -0.685 -0.729
vn 0.017 -0.680 -0.733
vn 0.136 -0.649 -0.748
vn 0.413 -0.377 -0.829
vn 0.378 0.825 -0.421
vn 0.627 0.574 -0.527
vn -0.604 0.691 0.396
vn -0.422 0.756 0.500
vn 0.631 -0.055 -0.773
vn -0.384 0.244 -0.891
vn -0.096 0.052 -0.994
vn -0.016 0.017 -1.000
vn -0.011 0.012 -1.000
vn -0.014 0.010 -1.000
vn -0.012 0.002 -1.000
vn -0.022 -0.012 -1.000
vn 0.027 -0.082 -0.996
vn 0.081 -0.465 -0.882
vn -0.172 -0.593 -0.786
vn -0.435 -0.367 -0.822
vn -0.423 -0.230 -0.876
vn -0.218 -0.221 -0.951
vn 0.069 -0.038 -0.997
vn -0.068 -0.070 -0.995
vn 0.280 -0.246 -0.928
vn 0.356 -0.211 -0.910
vn 0.446 -0.463 -0.766
vn 0.140 -0.478 -0.867
vn -0.081 -0.144 -0.986
vn -0.049 -0.041 -0.998
vn -0.003 -0.013 -1.000
vn 0.003 -0.002 -1.000
vn 0.005 0.003 -1.000
vn 0.011 0.006 -1.000
vn 0.020 -0.001 -1.000
vn 0.083 -0.067 -0.994
vn 0.359 0.101 -0.928
vn -0.246 0.841 -0.482
vn -0.027 0.745 -0.667
vn -0.008 0.718 -0.696
vn -0.018 0.718 -0.696
vn -0.019 0.715 -0.699
vn -0.026 0.709 -0.704
vn -0.082 0.710 -0.699
vn -0.205 0.663 -0.720
vn -0.262 0.413 -0.872
vn -0.187 0.101 -0.977
vn -0.229 0.115 -0.967
vn -0.349 0.072 -0.934
vn -0.058 0.320 -0.946
vn 0.078 0.134 -0.988
vn -0.006 0.169 -0.986
vn -0.181 0.553 -0.813
vn 0.275 0.261 -0.925
vn 0.277 0.042 -0.960
vn 0.250 -0.088 -0.964
vn 0.350 0.407 -0.844
vn 0.112 0.591 -0.799
vn 0.040 0.675 -0.737
vn 0.018 0.704 -0.710
vn 0.010 0.711 -0.703
vn 0.005 0.711 -0.704
vn 0.017 0.705 -0.709
vn 0.067 0.690 -0.720
vn 0.292 0.433 -0.853
vn -0.358 0.850 -0.386
vn -0.139 0.761 -0.634
vn -0.124 0.764 -0.633
vn -0.313 0.730 -0.607
vn -0.390 0.573 -0.721
vn -0.024 0.291 -0.957
vn 0.163 0.251 -0.954
vn 0.341 0.648 -0.680
vn 0.216 0.806 -0.551
vn 0.134 0.762 -0.633
vn 0.135 0.693 -0.708
vn 0.379 0.449 -0.809
vn -0.646 0.340 -0.684
vn -0.135 0.326 -0.936
vn 0.135 0.292 -0.947
vn 0.567 0.329 -0.755
vn -0.642 0.244 -0.727
vn -0.157 0.057 -0.986
vn 0.227 0.156 -0.961
vn 0.472 0.335 -0.815
vn -0.622 -0.140 -0.770
vn 0.846 -0.528 0.068
vn -0.287 -0.653 0.701
vn -0.288 -0.735 0.614
vn -0.143 -0.901 0.411
vn 0.749 -0.208 -0.629
vn -0.577 -0.490 -0.653
vn -0.167 -0.391 -0.905
vn 0.290 -0.347 -0.892
vn 0.558 -0.578 -0.595
vn -0.699 -0.107 -0.707
vn 0.772 -0.635 0.029
vn 0.272 -0.852 0.447
vn 0.210 -0.827 0.521
vn -0.658 0.504 0.560
vn -0.121 0.798 0.590
vn 0.272 0.941 -0.200
vn 0.602 0.217 -0.769
vn -0.652 -0.574 -0.496
vn -0.661 -0.707 -0.252
vn -0.142 -0.824 -0.548
vn 0.156 -0.636 -0.756
vn 0.521 -0.662 -0.539
vn 0.677 -0.513 -0.528
vn -0.393 0.639 -0.661
vn -0.394 0.805 -0.443
vn 0.320 0.536 0.781
vn 0.237 0.646 0.726
vn 0.285 -0.585 -0.759
vn 0.906 -0.318 -0.278
vn -0.781 -0.554 -0.289
vn -0.748 -0.619 -0.240
vn 0.906 -0.330 -0.265
vn 0.737 -0.575 -0.356
vn -0.678 -0.387 -0.624
vn 0.789 -0.403 -0.463
vn -0.653 0.695 -0.300
vn -0.752 0.042 -0.658
vn -0.857 -0.096 -0.507
vn 0.803 -0.183 -0.567
vn 0.870 0.055 -0.490
vn 0.361 0.408 -0.839
vn -0.826 0.307 -0.473
vn -0.788 0.203 -0.582
vn 0.815 0.205 -0.542
vn 0.665 0.294 -0.687
vn -0.811 0.386 -0.439
vn -0.621 0.571 -0.537
vn 0.613 0.510 -0.603
vn 0.829 0.328 -0.452
vn -0.676 0.574 -0.462
vn -0.510 0.690 -0.514
vn -0.178 0.819 -0.546
vn 0.140 0.793 -0.593
vn 0.523 0.710 -0.472
vn 0.729 0.585 -0.356
vn -0.336 0.847 -0.413
vn -0.128 0.888 -0.443
vn 0.068 0.913 -0.401
vn 0.370 0.794 -0.483
vn -0.588 -0.805 -0.082
vn 0.278 -0.959 0.050
vn 0.563 -0.782 0.267
vn -0.718 -0.676 -0.165
vn -0.095 -0.995 0.019
vn 0.710 -0.701 -0.066
vn -0.991 -0.026 -0.128
vn 0.778 -0.627 0.044
vn 0.964 -0.262 0.044
vn -0.989 -0.147 0.009
vn -0.697 -0.675 0.240
vn 0.991 -0.044 -0.125
vn -0.990 0.120 -0.067
vn 0.996 0.027 -0.087
vn -0.999 0.028 -0.016
vn 0.977 0.133 -0.167
vn -0.932 0.149 -0.329
vn 0.072 0.239 -0.968
vn 0.910 0.188 -0.370
vn -0.942 0.110 -0.316
vn 0.089 0.230 -0.969
vn 0.897 0.220 -0.383
vn -0.984 -0.097 -0.153
vn -0.249 -0.161 -0.955
vn 0.908 -0.126 -0.399
vn -0.985 -0.089 -0.147
vn -0.204 -0.181 -0.962
vn 0.910 -0.139 -0.391
vn -0.993 -0.117 0.016
vn 0.988 -0.095 0.122
vn -0.997 -0.075 0.008
vn 0.980 -0.143 0.134
vn -0.994 -0.101 0.046
vn 0.998 -0.038 0.043
vn -0.999 -0.044 0.023
vn 0.993 -0.096 0.062
vn -0.979 -0.170 0.110
vn 0.997 -0.057 0.043
vn -0.998 -0.050 0.032
vn 0.979 -0.173 0.111
vn -0.859 -0.382 0.341
vn -0.883 -0.372 0.288
vn 0.998 -0.056 0.031
vn -0.995 -0.065 0.079
vn 0.893 -0.344 0.288
vn 0.744 -0.666 0.051
vn -0.971 -0.152 0.187
vn -0.642 -0.270 0.718
vn 0.998 -0.066 0.024
vn -0.986 -0.070 0.150
vn 0.727 -0.278 0.628
vn 0.930 -0.235 0.283
vn -0.932 -0.143 0.332
vn -0.770 -0.107 0.629
vn 0.987 -0.098 0.131
vn -0.977 -0.057 0.206
vn 0.731 -0.249 0.636
vn 0.984 -0.114 0.134
vn -0.965 -0.088 0.246
vn 0.978 -0.040 0.206
vn -0.973 -0.032 0.228
vn 0.979 -0.110 0.171
vn -0.977 -0.016 0.211
vn 0.975 -0.016 0.219
vn -0.972 -0.009 0.233
vn 0.977 -0.031 0.213
vn -0.990 0.085 0.116
vn 0.973 -0.010 0.230
vn -0.972 -0.003 0.236
vn 0.983 0.058 0.174
vn -0.965 0.150 0.215
vn -0.853 0.076 0.516
vn 0.978 0.015 0.206
vn -0.982 0.005 0.188
vn 0.861 0.191 0.471
vn 0.983 0.169 0.077
vn -0.990 0.127 0.068
vn -0.960 0.193 0.204
vn 0.995 0.051 0.082
vn -0.997 0.061 0.047
vn 0.962 0.174 0.208
vn 0.958 0.287 0.001
vn -0.969 0.201 -0.140
vn 0.993 0.086 -0.082
vn -0.991 0.079 -0.104
vn 0.975 0.179 -0.128
vn -0.959 0.104 -0.262
vn 0.744 0.068 -0.664
vn 0.922 0.149 -0.358
vn -0.946 0.100 -0.309
vn -0.702 0.214 -0.679
vn 0.954 0.127 -0.273
vn -0.954 -0.058 -0.295
vn 0.677 0.073 -0.732
vn 0.940 0.038 -0.339
vn -0.921 0.043 -0.388
vn -0.688 0.130 -0.714
vn 0.955 -0.072 -0.289
vn -0.932 -0.306 -0.195
vn -0.875 -0.219 -0.431
vn 0.674 0.002 -0.739
vn 0.922 0.001 -0.388
vn -0.918 -0.020 -0.395
vn -0.675 0.023 -0.738
vn 0.875 -0.246 -0.417
vn 0.956 -0.241 -0.169
vn -0.945 -0.256 -0.203
vn -0.730 -0.250 -0.636
vn 0.685 -0.052 -0.727
vn 0.923 -0.035 -0.382
vn -0.930 -0.056 -0.364
vn -0.663 -0.051 -0.747
vn 0.767 -0.231 -0.599
vn 0.948 -0.182 -0.263
vn -0.938 -0.228 -0.260
vn -0.663 -0.213 -0.718
vn 0.696 -0.100 -0.711
vn 0.934 -0.044 -0.356
vn -0.950 -0.077 -0.302
vn -0.661 -0.111 -0.743
vn 0.650 -0.120 -0.750
vn 0.918 -0.227 -0.324
vn -0.908 -0.224 -0.354
vn 0.632 -0.057 -0.773
vn 0.934 -0.096 -0.343
vn -0.966 -0.071 -0.247
vn -0.679 -0.136 -0.722
vn 0.932 -0.257 -0.255
vn -0.937 -0.273 -0.217
vn -0.833 -0.230 -0.503
vn 0.977 -0.045 -0.206
vn -0.968 -0.014 -0.251
vn 0.868 -0.256 -0.425
vn 0.942 -0.290 -0.168
vn -0.932 -0.222 -0.287
vn -0.749 -0.222 -0.625
vn 0.950 0.073 -0.304
vn -0.957 0.068 -0.281
vn 0.767 -0.224 -0.601
vn 0.932 -0.193 -0.306
vn -0.922 -0.181 -0.343
vn -0.701 -0.189 -0.687
vn 0.767 0.063 -0.638
vn 0.909 0.122 -0.399
vn -0.944 0.097 -0.314
vn -0.717 0.186 -0.672
vn 0.670 -0.113 -0.734
vn 0.898 -0.202 -0.390
vn -0.912 -0.085 -0.400
vn 0.734 0.067 -0.676
vn 0.945 0.064 -0.320
vn -0.936 0.065 -0.347
vn -0.729 0.117 -0.674
vn 0.925 -0.091 -0.368
vn -0.903 -0.033 -0.428
vn 0.736 0.045 -0.675
vn 0.937 0.042 -0.346
vn -0.929 0.065 -0.365
vn -0.738 0.066 -0.671
vn 0.913 -0.040 -0.405
vn -0.875 0.001 -0.483
vn 0.675 0.139 -0.724
vn 0.931 0.068 -0.360
vn -0.916 0.118 -0.383
vn -0.734 0.124 -0.668
vn 0.887 -0.015 -0.461
vn -0.869 0.096 -0.485
vn 0.767 0.224 -0.601
vn 0.856 0.216 -0.469
vn -0.896 0.194 -0.400
vn -0.770 0.192 -0.608
vn 0.866 0.103 -0.490
vn -0.888 0.124 -0.443
vn -0.696 0.151 -0.702
vn 0.891 -0.073 -0.447
vn -0.871 -0.128 -0.475
vn 0.717 0.059 -0.695
vn 0.856 0.139 -0.498
vn -0.907 0.080 -0.413
vn -0.759 0.071 -0.647
vn 0.676 -0.651 -0.346
vn 0.222 -0.928 -0.300
vn -0.250 -0.922 -0.295
vn -0.614 -0.661 -0.433
vn 0.715 0.064 -0.697
vn 0.908 0.093 -0.409
vn -0.911 0.099 -0.401
vn -0.814 0.043 -0.579
vn 0.780 0.039 -0.625
vn 0.905 0.090 -0.415
vn -0.873 0.213 -0.439
vn -0.813 0.191 -0.550
vn 0.786 0.175 -0.593
vn 0.900 0.146 -0.411
vn -0.827 0.310 -0.469
vn -0.715 0.433 -0.549
vn -0.532 0.622 -0.574
vn 0.521 0.540 -0.661
vn 0.710 0.442 -0.549
vn 0.807 0.334 -0.488
vn -0.614 0.541 -0.575
vn -0.401 0.653 -0.642
vn -0.148 0.713 -0.685
vn -0.025 0.685 -0.728
vn 0.036 0.675 -0.737
vn 0.127 0.672 -0.730
vn 0.391 0.666 -0.635
vn 0.612 0.624 -0.485
vn -0.292 0.655 -0.697
vn -0.160 0.645 -0.747
vn -0.034 0.643 -0.765
vn 0.050 0.653 -0.756
vn 0.149 0.697 -0.701
vn 0.259 0.702 -0.663
vn -0.174 -0.400 -0.900
vn -0.060 -0.374 -0.925
vn 0.086 -0.386 -0.919
vn 0.205 -0.414 -0.887
vn -0.352 -0.467 -0.811
vn -0.153 -0.419 -0.895
vn -0.035 -0.400 -0.916
vn 0.062 -0.406 -0.912
vn 0.273 -0.430 -0.861
vn 0.419 -0.532 -0.736
vn -0.799 -0.327 -0.504
vn -0.388 -0.481 -0.786
vn -0.148 -0.465 -0.873
vn -0.047 -0.432 -0.900
vn 0.024 -0.429 -0.903
vn 0.202 -0.439 -0.876
vn 0.503 -0.402 -0.765
vn 0.838 -0.307 -0.452
vn -0.941 -0.335 0.053
vn 0.383 -0.924 -0.007
vn -0.909 -0.192 -0.369
vn -0.523 -0.419 -0.742
vn -0.173 -0.475 -0.863
vn -0.047 -0.458 -0.887
vn -0.000 -0.448 -0.894
vn 0.119 -0.463 -0.879
vn 0.473 -0.446 -0.760
vn 0.828 -0.187 -0.529
vn -0.856 -0.517 0.027
vn 0.976 -0.215 -0.038
vn -0.998 0.059 -0.019
vn 0.730 -0.682 -0.046
vn 0.915 -0.390 -0.107
vn -0.959 -0.169 -0.228
vn -0.688 -0.302 -0.660
vn 0.786 -0.352 -0.508
vn 0.910 -0.245 -0.336
vn -0.732 -0.394 0.556
vn -0.917 -0.398 -0.021
vn 0.892 0.391 -0.226
vn -0.745 0.665 -0.053
vn -0.007 0.993 -0.121
vn 0.644 0.764 0.041
vn -0.604 -0.095 0.791
vn 0.159 -0.977 0.144
vn -0.328 -0.597 -0.732
vn -0.158 -0.718 -0.678
vn -0.142 -0.818 -0.558
vn -0.076 -0.957 -0.280
vn -0.057 -0.998 -0.039
vn -0.004 -0.999 -0.034
vn 0.013 -0.999 -0.035
vn 0.009 -1.000 -0.024
vn 0.025 -0.999 -0.022
vn 0.043 -0.999 -0.034
vn 0.097 -0.990 -0.101
vn 0.351 -0.933 0.074
vn -0.928 -0.357 -0.108
vn 0.925 -0.380 -0.027
vn -0.394 -0.889 0.233
vn -0.110 -0.993 0.045
vn -0.041 -0.999 0.005
vn -0.026 -1.000 -0.010
vn -0.013 -1.000 -0.021
vn -0.021 -0.999 -0.025
vn -0.052 -0.998 -0.041
vn 0.024 -0.982 -0.187
vn 0.206 -0.795 -0.570
vn 0.158 -0.711 -0.685
vn 0.238 -0.684 -0.690
vn 0.503 -0.410 -0.761
vn -0.825 -0.108 0.555
vn 0.103 0.977 -0.188
vn 0.644 0.545 -0.538
vn -0.634 0.426 0.645
vn 0.060 0.997 0.055
vn -0.468 0.269 -0.842
vn -0.202 0.088 -0.975
vn -0.223 0.042 -0.974
vn -0.383 -0.211 -0.899
vn 0.321 -0.941 0.112
vn -0.088 -0.995 -0.048
vn -0.609 -0.751 -0.254
vn 0.627 -0.778 0.036
vn 0.075 -0.997 -0.014
vn -0.363 -0.901 -0.236
vn 0.372 0.105 -0.922
vn 0.221 -0.046 -0.974
vn 0.190 -0.105 -0.976
vn 0.454 0.033 -0.890
vn -0.314 0.862 -0.397
vn -0.093 0.780 -0.619
vn -0.086 0.780 -0.620
vn -0.228 0.841 -0.490
vn -0.058 0.998 -0.003
vn 0.004 1.000 -0.015
vn -0.024 1.000 -0.003
vn -0.025 1.000 -0.005
vn -0.029 1.000 -0.009
vn -0.089 0.996 0.006
vn -0.249 0.967 0.055
vn -0.457 0.886 -0.078
vn 0.495 0.844 0.206
vn 0.259 0.965 -0.038
vn 0.091 0.995 -0.043
vn 0.028 0.999 -0.025
vn 0.017 1.000 -0.021
vn 0.004 1.000 -0.017
vn -0.013 1.000 -0.023
vn 0.036 0.994 -0.106
vn 0.160 0.887 -0.433
vn 0.158 0.737 -0.657
vn 0.158 0.670 -0.726
vn 0.351 0.414 -0.840
vn -0.422 0.904 -0.067
vn -0.116 0.990 0.079
vn -0.077 0.997 -0.005
vn -0.227 0.973 -0.038
vn -0.664 0.744 -0.070
vn 0.631 0.773 0.068
vn 0.219 0.971 -0.093
vn 0.077 0.996 -0.041
vn 0.133 0.991 -0.030
vn 0.456 0.866 -0.204
vn -0.616 -0.487 -0.619
vn 0.843 -0.333 -0.424
vn -0.949 0.276 -0.151
vn 0.946 0.285 -0.152
vn -0.442 -0.349 -0.826
vn 0.779 -0.626 0.014
vn -0.471 0.744 -0.474
vn 0.420 0.332 -0.845
vn -0.938 -0.095 -0.332
vn -0.659 0.079 -0.748
vn 0.641 -0.139 -0.755
vn 0.908 -0.048 -0.417
vn -0.744 0.661 -0.093
vn -0.546 -0.197 0.815
vn 0.759 -0.598 0.258
vn -0.573 -0.269 0.774
vn 0.319 -0.903 0.289
vn -0.708 -0.577 -0.407
vn -0.773 -0.339 -0.536
vn -0.623 -0.157 -0.767
vn 0.608 -0.088 -0.789
vn 0.748 -0.437 -0.499
vn 0.741 -0.607 -0.288
vn -0.761 0.032 0.648
vn 0.635 0.086 0.768
vn -0.686 -0.029 0.727
vn -0.808 -0.537 -0.242
vn -0.353 -0.704 -0.617
vn -0.651 -0.544 -0.530
vn 0.633 -0.536 -0.559
vn 0.563 -0.602 -0.566
vn 0.780 -0.614 -0.118
vn 0.692 0.151 0.706
vn -0.697 -0.198 0.689
vn -0.922 -0.225 -0.315
vn -0.415 -0.387 -0.824
vn 0.640 -0.397 -0.657
vn 0.836 -0.188 -0.516
vn 0.565 -0.798 0.208
vn -0.906 0.286 0.313
vn -0.980 0.097 -0.176
vn -0.629 -0.421 -0.654
vn 0.746 -0.376 -0.550
vn 0.927 -0.059 -0.371
vn 0.678 0.387 0.624
vn -0.894 0.344 -0.286
vn -0.783 0.412 -0.466
vn 0.776 0.382 -0.502
vn 0.912 0.287 -0.293
vn -0.869 0.427 -0.251
vn -0.835 0.437 -0.334
vn 0.832 0.466 -0.300
vn 0.876 0.394 -0.277
vn -0.825 0.495 -0.272
vn -0.551 0.772 -0.317
vn 0.621 0.725 -0.296
vn 0.763 0.578 -0.291
vn -0.402 0.891 -0.210
vn -0.080 0.981 -0.178
vn 0.138 0.968 -0.210
vn 0.425 0.863 -0.272
vn -0.540 -0.842 -0.002
vn 0.362 -0.932 0.032
vn -0.335 -0.940 0.065
vn 0.649 -0.760 -0.032
vn -0.999 0.028 -0.025
vn 0.548 -0.827 0.127
vn 0.981 -0.182 0.069
vn -0.958 -0.276 0.083
vn -0.696 -0.691 0.197
vn 0.999 -0.030 -0.010
vn -0.861 0.380 0.338
vn 0.255 0.566 0.784
vn 0.976 0.069 0.207
vn -0.876 0.273 0.398
vn 0.221 0.631 0.743
vn 0.960 0.233 0.155
vn -0.873 0.173 0.457
vn -0.084 0.309 0.947
vn 0.917 0.197 0.346
vn -0.876 0.131 0.464
vn -0.084 0.309 0.947
vn 0.908 0.263 0.326
vn -0.795 0.002 0.607
vn -0.023 0.076 0.997
vn 0.898 0.086 0.431
vn -0.806 -0.002 0.592
vn -0.051 0.064 0.997
vn 0.896 0.089 0.436
vn -0.684 -0.059 0.727
vn 0.041 -0.019 0.999
vn 0.805 -0.054 0.591
vn -0.716 -0.037 0.698
vn -0.010 -0.026 1.000
vn 0.789 -0.087 0.608
vn -0.662 -0.071 0.746
vn 0.061 -0.043 0.997
vn 0.730 -0.033 0.682
vn -0.702 -0.041 0.711
vn -0.004 -0.043 0.999
vn 0.703 -0.068 0.708
vn -0.656 -0.082 0.750
vn 0.071 -0.068 0.995
vn 0.728 -0.048 0.683
vn -0.706 -0.049 0.707
vn 0.001 -0.060 0.998
vn 0.690 -0.078 0.720
vn -0.628 -0.115 0.770
vn 0.059 -0.072 0.996
vn 0.730 -0.066 0.680
vn -0.714 -0.046 0.699
vn -0.016 -0.075 0.997
vn 0.658 -0.128 0.742
vn -0.471 -0.154 0.868
vn 0.057 -0.060 0.997
vn 0.742 -0.053 0.668
vn -0.718 -0.038 0.695
vn -0.051 -0.074 0.996
vn 0.523 -0.185 0.832
vn -0.609 -0.214 0.764
vn -0.380 -0.156 0.912
vn 0.052 -0.046 0.998
vn 0.739 -0.036 0.672
vn -0.727 -0.034 0.686
vn -0.116 -0.077 0.990
vn 0.361 -0.139 0.922
vn 0.754 -0.105 0.649
vn -0.744 -0.075 0.664
vn -0.194 -0.126 0.973
vn 0.153 -0.083 0.985
vn 0.721 -0.028 0.692
vn -0.737 -0.031 0.675
vn -0.206 -0.063 0.977
vn 0.305 -0.093 0.948
vn 0.759 -0.071 0.647
vn -0.770 -0.057 0.635
vn -0.250 -0.131 0.959
vn 0.264 -0.090 0.960
vn 0.725 -0.019 0.689
vn -0.759 -0.030 0.651
vn -0.229 -0.108 0.967
vn 0.307 -0.089 0.948
vn 0.756 -0.057 0.653
vn -0.807 0.029 0.589
vn -0.510 -0.114 0.853
vn 0.399 -0.132 0.908
vn 0.743 -0.030 0.668
vn -0.773 0.011 0.634
vn -0.467 -0.104 0.878
vn 0.433 -0.113 0.894
vn 0.764 -0.017 0.645
vn -0.855 0.208 0.475
vn -0.554 0.107 0.825
vn 0.364 0.015 0.931
vn 0.769 -0.028 0.638
vn -0.746 -0.070 0.662
vn -0.310 0.041 0.950
vn 0.537 0.111 0.836
vn 0.812 0.078 0.579
vn -0.681 -0.084 0.728
vn 0.241 -0.238 0.941
vn 0.784 -0.084 0.615
vn -0.833 -0.128 0.538
vn -0.299 -0.238 0.924
vn 0.607 -0.049 0.793
vn -0.899 -0.017 0.438
vn 0.571 -0.449 0.687
vn 0.896 -0.151 0.418
vn -0.900 -0.129 0.416
vn -0.569 -0.235 0.788
vn 0.903 -0.027 0.429
vn -0.956 0.010 0.294
vn 0.988 -0.017 0.151
vn -0.987 -0.028 0.157
vn 0.956 0.015 0.294
vn -0.963 -0.059 0.264
vn 0.997 -0.009 0.082
vn -0.998 0.003 0.064
vn 0.964 -0.069 0.258
vn -0.947 -0.311 0.083
vn -0.921 -0.279 0.270
vn 0.997 -0.014 0.080
vn -0.998 -0.011 0.069
vn 0.908 -0.291 0.303
vn 0.875 -0.475 0.091
vn -0.923 -0.274 0.271
vn -0.667 -0.338 0.664
vn 0.997 -0.025 0.072
vn -0.997 -0.028 0.070
vn 0.716 -0.444 0.539
vn 0.957 -0.233 0.172
vn -0.959 -0.238 0.156
vn 0.997 -0.030 0.065
vn -0.998 -0.037 0.056
vn 0.975 -0.203 0.090
vn -0.952 -0.281 0.121
vn 0.999 -0.034 0.023
vn -0.997 -0.039 0.073
vn 0.950 -0.300 0.088
vn -0.942 -0.327 0.071
vn -0.949 -0.313 -0.038
vn 0.997 -0.070 0.031
vn -0.996 -0.057 0.076
vn 0.942 -0.336 -0.008
vn 0.946 -0.323 -0.010
vn -0.972 -0.235 0.022
vn 1.000 0.010 -0.009
vn -1.000 0.018 -0.007
vn 0.974 -0.226 0.024
vn -0.976 -0.217 -0.023
vn 0.992 0.087 -0.089
vn -0.995 0.093 -0.040
vn 0.972 -0.228 -0.056
vn -0.941 -0.315 -0.126
vn -0.968 -0.202 -0.152
vn 0.994 0.066 -0.083
vn -0.999 0.044 -0.014
vn 0.952 -0.236 -0.196
vn 0.969 -0.230 -0.090
vn -0.873 0.453 -0.182
vn -0.983 0.004 -0.183
vn 0.998 0.044 -0.047
vn -0.998 0.045 -0.039
vn 0.990 0.008 -0.142
vn 0.898 0.120 -0.423
vn -0.983 -0.174 -0.057
vn -0.982 -0.068 -0.176
vn 0.996 0.072 -0.052
vn -0.994 0.088 -0.064
vn 0.976 -0.085 -0.202
vn 0.991 -0.112 -0.079
vn -0.959 0.063 -0.275
vn -0.932 0.042 -0.361
vn 0.839 0.310 -0.447
vn 0.977 0.160 -0.140
vn -0.979 0.168 -0.116
vn -0.825 0.382 -0.417
vn 0.923 0.051 -0.382
vn 0.985 0.001 -0.175
vn -0.885 0.445 -0.133
vn -0.947 0.191 -0.259
vn 0.991 0.065 -0.121
vn 0.966 0.257 -0.032
vn -0.912 0.402 -0.083
vn -0.980 0.046 -0.195
vn 0.955 0.203 -0.215
vn 0.950 0.190 -0.249
vn -0.977 0.119 -0.176
vn 0.746 -0.664 -0.041
vn 0.204 -0.979 0.009
vn -0.216 -0.976 -0.011
vn -0.761 -0.633 -0.142
vn 0.978 0.114 -0.174
vn -0.987 0.083 -0.137
vn 0.986 0.086 -0.144
vn -0.974 0.156 -0.167
vn 0.973 0.149 -0.174
vn -0.913 0.336 -0.230
vn -0.731 0.533 -0.426
vn 0.732 0.480 -0.483
vn 0.909 0.304 -0.286
vn -0.817 0.518 -0.254
vn -0.726 0.560 -0.399
vn -0.564 0.632 -0.531
vn 0.575 0.584 -0.573
vn 0.713 0.580 -0.394
vn 0.815 0.520 -0.256
vn -0.667 0.570 -0.480
vn -0.496 0.588 -0.639
vn -0.227 0.497 -0.837
vn -0.039 0.465 -0.885
vn 0.105 0.485 -0.868
vn 0.227 0.562 -0.795
vn 0.458 0.636 -0.621
vn 0.631 0.644 -0.433
vn -0.574 0.530 -0.624
vn -0.363 0.256 -0.896
vn -0.092 0.193 -0.977
vn 0.164 0.156 -0.974
vn 0.385 0.272 -0.882
vn 0.445 0.539 -0.715
vn -0.660 -0.266 -0.702
vn -0.372 -0.140 -0.918
vn -0.126 -0.102 -0.987
vn 0.129 -0.132 -0.983
vn 0.436 -0.159 -0.886
vn 0.733 -0.331 -0.594
vn -0.615 -0.428 -0.662
vn -0.359 -0.369 -0.857
vn -0.127 -0.307 -0.943
vn 0.037 -0.283 -0.958
vn 0.333 -0.345 -0.877
vn 0.611 -0.339 -0.715
vn -0.883 -0.329 -0.333
vn -0.616 -0.456 -0.642
vn -0.368 -0.436 -0.821
vn -0.011 -0.386 -0.922
vn -0.009 -0.368 -0.930
vn 0.489 -0.430 -0.759
vn 0.657 -0.440 -0.612
vn 0.865 -0.362 -0.347
vn -0.944 -0.216 -0.251
vn -0.678 -0.430 -0.595
vn 0.744 -0.416 -0.522
vn 0.906 -0.292 -0.307
vn -0.418 -0.655 0.629
vn 0.187 -0.946 0.264
vn -0.982 -0.076 -0.174
vn 0.982 -0.087 -0.168
vn -0.379 -0.723 0.577
vn 0.694 -0.669 0.266
vn -0.818 -0.477 0.322
vn 0.357 -0.858 0.369
vn 0.870 -0.494 0.005
vn -1.000 0.017 -0.026
vn 0.989 -0.018 -0.148
vn -0.726 -0.669 -0.162
vn -0.676 -0.725 0.131
vn 0.989 -0.090 0.121
vn -0.838 0.543 0.048
vn -0.201 0.978 -0.060
vn 0.728 0.653 -0.210
vn -0.247 -0.916 -0.316
vn -0.042 -0.925 -0.377
vn 0.020 -0.924 -0.383
vn 0.045 -0.947 -0.317
vn 0.018 -0.935 -0.355
vn -0.120 -0.684 -0.719
vn -0.317 -0.832 -0.456
vn -0.228 -0.969 -0.095
vn -0.106 -0.994 0.003
vn -0.042 -0.999 0.013
vn 0.072 -0.997 -0.017
vn 0.245 -0.835 0.492
vn 0.061 -0.769 0.637
vn 0.019 -0.742 0.671
vn 0.015 -0.739 0.674
vn 0.025 -0.743 0.669
vn 0.047 -0.749 0.660
vn 0.087 -0.762 0.642
vn 0.298 -0.870 0.392
vn -0.971 -0.114 0.209
vn 0.983 -0.163 0.086
vn -0.276 -0.484 0.830
vn -0.064 -0.681 0.730
vn -0.041 -0.717 0.696
vn -0.033 -0.726 0.687
vn -0.012 -0.735 0.678
vn -0.027 -0.729 0.684
vn -0.159 -0.678 0.717
vn -0.235 -0.827 0.511
vn -0.031 -0.988 0.154
vn 0.045 -0.999 0.006
vn 0.155 -0.985 -0.077
vn 0.353 -0.812 -0.466
vn 0.185 -0.539 -0.822
vn 0.025 -0.917 -0.399
vn -0.024 -0.949 -0.315
vn -0.012 -0.924 -0.383
vn 0.015 -0.928 -0.372
vn 0.076 -0.961 -0.266
vn 0.445 -0.866 -0.227
vn 0.072 0.924 -0.376
vn -0.621 0.755 -0.213
vn 0.712 0.694 -0.102
vn -0.680 -0.612 -0.405
vn 0.540 -0.502 -0.676
vn -0.485 -0.593 -0.643
vn 0.898 -0.314 -0.308
vn -0.196 0.968 -0.157
vn -0.048 0.944 -0.325
vn 0.013 0.910 -0.415
vn 0.033 0.878 -0.478
vn -0.047 0.857 -0.514
vn -0.273 0.777 -0.568
vn -0.504 0.393 -0.769
vn -0.581 -0.099 -0.808
vn 0.276 0.625 0.730
vn 0.366 0.262 0.893
vn 0.147 0.029 0.989
vn 0.021 0.022 1.000
vn 0.001 0.014 1.000
vn 0.009 -0.003 1.000
vn 0.009 -0.030 0.999
vn 0.054 -0.112 0.992
vn 0.098 -0.438 0.894
vn -0.081 -0.613 0.786
vn -0.707 -0.478 0.522
vn 0.669 -0.374 0.642
vn 0.198 -0.661 0.724
vn -0.195 -0.489 0.850
vn -0.095 0.073 0.993
vn -0.032 0.029 0.999
vn -0.029 0.016 0.999
vn -0.008 0.011 1.000
vn -0.010 0.018 1.000
vn -0.129 0.089 0.988
vn -0.372 0.239 0.897
vn -0.469 0.596 0.652
vn 0.587 0.001 -0.810
vn 0.638 0.385 -0.667
vn 0.139 0.864 -0.484
vn -0.011 0.954 -0.300
vn -0.003 0.927 -0.374
vn 0.034 0.898 -0.440
vn 0.066 0.882 -0.467
vn 0.188 0.796 -0.575
vn -0.395 -0.763 -0.511
vn 0.958 -0.246 -0.144
vn -0.541 0.644 -0.541
vn -0.314 -0.377 -0.871
vn 0.543 0.023 -0.840
vn 0.488 0.413 -0.769
vn -0.369 0.867 -0.334
vn -0.412 0.852 -0.323
vn -0.114 0.984 0.140
vn 0.013 0.999 0.035
vn 0.076 0.997 0.024
vn 0.088 0.962 0.260
vn 0.102 0.837 0.537
vn 0.015 0.767 0.642
vn -0.022 0.746 0.665
vn -0.015 0.740 0.673
vn -0.040 0.726 0.686
vn -0.131 0.676 0.725
vn -0.249 0.435 0.865
vn -0.189 0.119 0.975
vn -0.305 0.265 0.915
vn -0.269 0.607 0.748
vn -0.194 0.593 0.782
vn 0.103 0.356 0.929
vn -0.281 0.429 0.859
vn 0.163 0.620 0.767
vn 0.184 0.597 0.781
vn 0.276 0.280 0.919
vn 0.270 0.047 0.962
vn 0.263 0.082 0.961
vn 0.125 0.429 0.894
vn 0.056 0.679 0.732
vn 0.006 0.729 0.685
vn 0.004 0.743 0.670
vn 0.009 0.749 0.662
vn -0.034 0.757 0.653
vn -0.140 0.793 0.593
vn -0.137 0.954 0.267
vn -0.030 0.999 0.043
vn 0.116 0.992 -0.059
vn 0.381 0.851 -0.363
vn 0.615 0.590 -0.523
vn -0.295 -0.602 -0.742
vn -0.210 -0.637 -0.742
vn 0.406 0.251 -0.879
vn 0.591 0.423 -0.687
vn -0.439 0.809 -0.391
vn 0.230 0.409 -0.883
vn -0.489 0.773 0.404
vn -0.203 0.739 0.643
vn -0.106 0.771 0.628
vn -0.208 0.840 0.501
vn -0.471 0.644 0.604
vn -0.400 0.064 0.914
vn 0.440 0.205 0.874
vn 0.368 0.620 0.693
vn 0.239 0.839 0.489
vn 0.117 0.867 0.484
vn 0.140 0.808 0.572
vn 0.341 0.757 0.557
vn -0.207 0.968 -0.143
vn 0.051 0.908 -0.416
vn 0.340 0.605 -0.720
vn -0.420 -0.332 0.845
vn 0.471 -0.744 0.474
vn -0.896 0.195 0.400
vn -0.591 -0.080 0.802
vn 0.725 -0.312 0.613
vn 0.794 0.163 0.586
vn -0.420 -0.332 0.845
vn 0.653 -0.714 0.252
vn -0.843 0.333 0.424
vn 0.616 0.487 0.619
vn -0.890 -0.449 0.078
vn -0.773 -0.234 0.590
vn 0.644 -0.728 0.233
vn 0.933 -0.349 0.087
vn -0.798 0.601 0.038
vn 0.442 0.349 0.826
vn -0.821 -0.539 -0.187
vn -0.846 -0.459 -0.272
vn 0.860 -0.443 -0.252
vn 0.820 -0.534 -0.207
vn -0.838 -0.453 0.302
vn -0.622 -0.782 -0.042
vn 0.785 -0.607 -0.127
vn 0.660 -0.715 0.231
vn -0.949 -0.227 0.220
vn 0.925 -0.308 0.224
vn -0.894 -0.413 -0.174
vn -0.967 -0.251 0.053
vn 0.974 -0.204 -0.098
vn 0.970 -0.233 -0.066
vn -0.782 0.533 -0.323
vn -0.937 0.272 -0.220
vn 0.941 0.230 -0.249
vn 0.788 0.315 -0.529
vn -0.863 0.460 -0.212
vn -0.840 0.524 -0.141
vn 0.769 0.609 -0.196
vn 0.844 0.432 -0.317
vn -0.782 0.605 -0.149
vn -0.661 0.733 -0.159
vn 0.616 0.730 -0.295
vn 0.829 0.499 -0.254
vn -0.528 0.843 -0.102
vn -0.368 0.925 -0.098
vn -0.149 0.988 -0.038
vn 0.100 0.991 -0.090
vn 0.300 0.927 -0.224
vn 0.549 0.649 -0.527
vn -0.579 -0.815 -0.022
vn 0.247 -0.938 -0.245
vn 0.752 -0.600 -0.272
vn -0.647 -0.687 -0.330
vn -0.269 -0.944 -0.189
vn 0.642 -0.766 -0.034
vn -0.985 -0.156 0.070
vn 0.864 0.352 0.359
vn 0.979 -0.201 -0.025
vn -0.862 0.399 0.311
vn -0.850 -0.518 0.092
vn 0.995 0.078 0.056
vn -0.786 0.595 0.167
vn 0.030 0.781 0.623
vn 0.801 0.338 0.494
vn -0.837 0.433 0.333
vn -0.253 0.739 0.624
vn 0.769 0.559 0.311
vn -0.291 -0.115 0.950
vn 0.285 -0.526 0.801
vn -0.183 -0.158 0.970
vn 0.296 -0.517 0.803
vn -0.624 0.229 0.747
vn 0.167 0.362 0.917
vn -0.570 0.236 0.787
vn 0.361 0.283 0.889
vn -0.330 -0.221 0.918
vn -0.020 -0.516 0.856
vn -0.025 -0.227 0.974
vn 0.299 -0.455 0.839
vn -0.507 -0.116 0.854
vn 0.145 -0.222 0.964
vn 0.640 -0.210 0.739
vn -0.477 -0.278 0.833
vn -0.160 -0.229 0.960
vn 0.570 -0.099 0.815
vn -0.591 -0.070 0.804
vn 0.085 -0.114 0.990
vn 0.710 -0.103 0.696
vn -0.703 -0.076 0.707
vn 0.078 -0.117 0.990
vn 0.583 -0.089 0.807
vn -0.635 -0.041 0.771
vn 0.061 -0.058 0.996
vn 0.737 -0.050 0.674
vn -0.735 -0.022 0.678
vn -0.019 -0.038 0.999
vn 0.644 -0.050 0.764
vn -0.610 -0.110 0.785
vn 0.042 -0.035 0.999
vn 0.745 -0.031 0.666
vn -0.735 -0.039 0.677
vn -0.032 -0.090 0.995
vn 0.624 -0.136 0.770
vn -0.605 -0.418 0.677
vn -0.387 -0.332 0.860
vn 0.071 -0.120 0.990
vn 0.740 -0.028 0.672
vn -0.766 -0.077 0.638
vn -0.101 -0.210 0.972
vn 0.461 -0.281 0.842
vn 0.762 -0.267 0.590
vn -0.816 -0.291 0.499
vn -0.248 -0.453 0.857
vn 0.352 -0.307 0.884
vn 0.759 -0.074 0.647
vn -0.841 -0.094 0.533
vn -0.402 -0.236 0.885
vn 0.369 -0.371 0.852
vn 0.773 -0.257 0.580
vn -0.816 -0.283 0.505
vn -0.563 -0.269 0.781
vn 0.648 -0.233 0.726
vn 0.849 -0.124 0.513
vn -0.925 -0.072 0.372
vn -0.607 -0.165 0.777
vn 0.559 -0.450 0.696
vn 0.831 -0.321 0.454
vn -0.899 -0.364 0.245
vn -0.829 -0.366 0.422
vn 0.673 -0.217 0.707
vn 0.931 -0.104 0.351
vn -0.910 -0.106 0.402
vn -0.729 -0.083 0.680
vn 0.831 -0.376 0.410
vn 0.904 -0.382 0.189
vn -0.899 -0.252 0.359
vn -0.640 -0.363 0.677
vn 0.958 -0.051 0.283
vn -0.958 -0.052 0.283
vn 0.703 -0.447 0.554
vn 0.937 -0.260 0.232
vn -0.936 -0.188 0.299
vn 0.971 0.046 0.235
vn -0.981 0.071 0.181
vn 0.943 -0.203 0.265
vn -0.761 -0.291 0.579
vn -0.898 -0.219 0.382
vn 0.762 0.128 0.634
vn 0.971 0.101 0.219
vn -0.945 0.111 0.308
vn -0.751 0.060 0.658
vn 0.899 -0.208 0.385
vn 0.804 -0.530 0.272
vn -0.967 0.094 0.236
vn -0.882 0.008 0.472
vn 0.781 0.074 0.620
vn 0.963 0.079 0.256
vn -0.953 0.043 0.300
vn -0.789 0.066 0.610
vn 0.894 -0.001 0.449
vn 0.929 0.164 0.332
vn -0.907 -0.159 0.391
vn -0.935 -0.064 0.350
vn 0.799 0.072 0.597
vn 0.957 0.060 0.285
vn -0.956 0.062 0.285
vn -0.799 0.053 0.599
vn 0.913 -0.076 0.400
vn 0.906 -0.370 0.205
vn -0.940 0.017 0.340
vn -0.789 -0.001 0.615
vn 0.824 0.127 0.552
vn 0.961 0.120 0.249
vn -0.966 0.100 0.239
vn -0.816 0.094 0.570
vn 0.828 0.010 0.561
vn 0.922 -0.033 0.387
vn -0.961 0.138 0.238
vn -0.894 0.184 0.408
vn 0.908 -0.045 0.417
vn 0.953 0.215 0.212
vn -0.976 0.173 0.131
vn -0.891 0.019 0.453
vn 0.907 0.172 0.386
vn 0.951 0.222 0.214
vn -0.964 0.141 0.225
vn 0.677 -0.659 0.328
vn 0.172 -0.937 0.304
vn -0.176 -0.923 0.343
vn -0.780 -0.563 0.274
vn 0.958 0.126 0.258
vn -0.972 0.074 0.225
vn 0.968 0.070 0.241
vn -0.979 0.084 0.185
vn 0.975 0.084 0.208
vn -0.981 0.190 0.039
vn 0.974 0.213 0.083
vn -0.910 0.414 0.024
vn -0.858 0.512 -0.023
vn 0.874 0.484 -0.039
vn 0.887 0.455 -0.077
vn -0.842 0.499 -0.204
vn -0.677 0.553 -0.486
vn 0.677 0.500 -0.540
vn 0.807 0.523 -0.275
vn -0.783 0.594 -0.182
vn -0.831 0.382 -0.405
vn -0.627 0.264 -0.733
vn 0.671 0.066 -0.738
vn 0.801 0.411 -0.435
vn 0.790 0.565 -0.238
vn -0.933 -0.078 -0.351
vn -0.670 0.047 -0.741
vn 0.664 0.075 -0.744
vn 0.924 -0.130 -0.359
vn -0.923 -0.363 -0.132
vn -0.854 -0.383 -0.353
vn 0.873 -0.391 -0.291
vn 0.957 -0.234 -0.171
vn -0.967 -0.239 -0.085
vn -0.825 -0.400 -0.400
vn 0.812 -0.312 -0.494
vn 0.940 -0.260 -0.221
vn -0.988 -0.147 -0.051
vn 0.984 -0.158 -0.086
vn -0.999 -0.033 -0.028
vn 0.996 -0.059 -0.063
vn -0.683 -0.730 -0.015
vn 0.349 -0.717 0.603
vn 0.551 -0.736 0.394
vn -0.987 0.158 0.001
vn 0.995 0.095 0.001
vn -0.544 -0.648 0.533
vn -0.535 -0.842 0.074
vn 0.640 -0.762 0.096
vn -0.884 0.467 0.022
vn -0.244 0.931 0.273
vn 0.895 0.325 0.307
vn 0.872 -0.314 -0.377
vn -0.201 -0.979 0.034
vn -0.069 -0.997 0.021
vn 0.005 -1.000 -0.001
vn 0.046 -0.999 -0.017
vn 0.230 -0.943 0.242
vn 0.078 -0.636 0.768
vn -0.057 -0.569 0.820
vn -0.055 -0.683 0.729
vn -0.024 -0.700 0.714
vn -0.002 -0.701 0.713
vn 0.039 -0.732 0.680
vn 0.284 -0.827 0.484
vn -0.911 0.289 0.294
vn -0.753 0.466 0.465
vn 0.687 0.520 0.508
vn 0.975 0.160 0.152
vn -0.212 -0.451 0.867
vn -0.102 -0.603 0.791
vn -0.042 -0.667 0.744
vn 0.040 -0.729 0.683
vn 0.128 -0.830 0.543
vn 0.039 -0.864 0.502
vn -0.151 -0.834 0.531
vn -0.142 -0.981 0.133
vn -0.032 -0.999 0.016
vn -0.002 -1.000 0.004
vn 0.046 -0.998 -0.048
vn 0.345 -0.937 -0.055
vn -0.651 -0.373 -0.661
vn 0.622 -0.450 -0.641
vn 0.017 0.995 0.100
vn 0.663 0.747 -0.049
vn -0.670 -0.738 0.072
vn -0.084 -0.913 -0.400
vn -0.512 -0.481 -0.711
vn 0.888 -0.158 -0.433
vn -0.344 0.939 0.021
vn -0.077 0.996 0.051
vn -0.018 1.000 0.001
vn 0.053 0.998 -0.039
vn 0.098 0.994 0.043
vn -0.038 0.897 0.440
vn -0.243 0.509 0.826
vn -0.072 0.130 0.989
vn -0.004 0.048 0.999
vn 0.041 0.000 0.999
vn 0.131 -0.026 0.991
vn 0.411 -0.181 0.893
vn -0.769 0.095 0.632
vn -0.389 0.501 0.773
vn -0.099 0.561 0.822
vn -0.003 0.565 0.825
vn 0.037 0.575 0.817
vn 0.124 0.586 0.801
vn 0.408 0.505 0.760
vn 0.838 0.124 0.531
vn -0.569 0.026 0.822
vn -0.198 0.133 0.971
vn -0.081 0.052 0.995
vn -0.008 0.018 1.000
vn 0.117 -0.032 0.993
vn 0.265 0.075 0.961
vn 0.070 0.609 0.790
vn -0.148 0.960 0.237
vn -0.047 0.999 0.021
vn 0.028 0.999 -0.027
vn 0.087 0.995 -0.040
vn 0.215 0.975 -0.051
vn -0.392 -0.260 -0.883
vn 0.059 -0.591 -0.805
vn 0.089 -0.943 -0.321
vn 0.820 -0.570 -0.040
vn -0.854 0.340 -0.395
vn 0.117 -0.030 -0.993
vn 0.564 0.304 -0.767
vn 0.729 0.684 -0.029
vn -0.561 0.766 0.314
vn -0.090 0.732 0.676
vn -0.079 0.772 0.631
vn 0.004 0.712 0.702
vn 0.114 0.703 0.702
vn -0.686 0.081 0.723
vn -0.341 0.404 0.849
vn -0.146 0.473 0.869
vn -0.002 0.456 0.890
vn 0.037 0.491 0.870
vn 0.088 0.537 0.839
vn 0.197 0.515 0.834
vn 0.491 0.236 0.839
vn -0.162 0.680 0.716
vn -0.070 0.714 0.696
vn -0.011 0.725 0.689
vn 0.154 0.784 0.602
vn 0.405 0.753 0.519
vn -0.831 0.487 0.268
vn -0.437 -0.441 -0.784
vn -0.150 -0.474 -0.868
vn 0.867 0.467 -0.173
vn -0.470 0.818 -0.333
vn -0.325 0.912 -0.249
vn 0.570 0.821 -0.026
vn -0.237 0.591 0.771
vn -0.113 0.348 0.930
vn 0.160 0.067 0.985
vn 0.168 0.503 0.848
vn -0.685 0.571 0.453
vn -0.186 0.891 0.414
vn 0.365 0.926 -0.099
vn 0.547 0.532 -0.647
vn -0.247 -0.335 0.909
vn 0.321 -0.241 0.916
vn -0.706 -0.617 -0.348
vn -0.540 -0.840 -0.052
vn -0.358 -0.862 0.360
vn 0.332 -0.880 0.340
vn 0.615 -0.767 -0.184
vn 0.847 -0.355 -0.395
vn -0.909 -0.397 -0.128
vn -0.782 -0.596 -0.183
vn 0.839 -0.522 -0.153
vn 0.885 -0.433 -0.173
vn -0.920 -0.319 0.230
vn -0.921 -0.386 0.062
vn 0.915 -0.398 0.062
vn 0.864 -0.498 0.072
vn -0.920 -0.312 0.237
vn -0.944 -0.246 0.219
vn 0.929 -0.256 0.269
vn 0.916 -0.346 0.205
vn -0.695 -0.349 0.629
vn -0.883 -0.310 0.352
vn -0.899 -0.294 0.325
vn 0.897 -0.193 0.399
vn 0.885 -0.286 0.367
vn 0.737 -0.587 0.336
vn -0.966 0.078 0.247
vn -0.945 0.071 0.320
vn 0.953 -0.020 0.302
vn 0.861 0.243 0.447
vn -0.694 -0.552 -0.461
vn -0.830 0.547 -0.112
vn -0.796 0.599 0.088
vn 0.605 0.550 0.575
vn -0.836 0.380 0.397
vn 0.713 0.678 0.179
vn 0.831 0.416 -0.369
vn 0.699 -0.709 -0.095
vn -0.554 -0.440 -0.707
vn -0.031 -0.381 -0.924
vn 0.608 0.114 -0.786
vn 0.281 0.491 -0.825
vn -0.825 0.564 0.042
vn 0.438 -0.796 0.417
vn -0.429 -0.390 0.815
vn 0.956 0.295 -0.001
vn -0.185 0.139 -0.973
vn 0.187 -0.128 -0.974
vn 0.084 -0.179 -0.980
vn 0.736 -0.176 -0.654
vn -0.589 0.000 -0.808
vn 0.001 -0.019 -1.000
vn 0.637 0.042 -0.769
vn -0.609 0.792 0.030
vn -0.254 0.966 0.040
vn -0.120 0.991 0.057
vn 0.024 0.996 0.081
vn 0.088 0.996 0.003
vn 0.498 0.592 -0.634
vn 0.651 0.000 -0.759
vn -0.063 0.453 -0.889
vn -0.288 0.323 -0.902
vn 0.668 0.011 -0.744
vn -0.388 0.049 -0.920
vn 0.414 0.410 -0.813
vn 0.439 0.298 -0.848
vn -0.638 0.759 -0.126
vn 0.066 0.032 -0.997
vn 0.610 -0.312 -0.728
vn -0.246 0.629 -0.737
vn 0.461 0.241 -0.854
vn -0.409 0.783 -0.469
vn 0.502 0.357 -0.788
vn -0.483 0.690 -0.540
vn 0.198 0.186 -0.962
vn -0.620 -0.784 0.007
vn -0.070 -0.994 -0.084
vn 0.584 -0.809 -0.074
vn -0.483 -0.871 -0.094
vn -0.119 -0.988 -0.098
vn 0.609 -0.793 0.020
vn -0.808 0.408 0.426
vn 0.282 0.883 0.376
vn 0.703 0.685 0.190
vn -0.734 0.640 0.227
vn -0.083 0.887 0.454
vn 0.872 0.313 0.375
vn -0.805 0.499 0.321
vn 0.182 0.856 0.483
vn -0.696 0.550 0.462
vn 0.500 0.744 0.442
vn -0.184 -0.224 0.957
vn 0.227 -0.534 0.815
vn -0.166 -0.198 0.966
vn 0.153 -0.496 0.855
vn -0.429 -0.291 0.855
vn -0.190 -0.221 0.956
vn 0.305 -0.167 0.938
vn -0.273 -0.133 0.953
vn 0.193 -0.220 0.956
vn 0.611 -0.272 0.743
vn -0.554 -0.213 0.805
vn -0.006 -0.172 0.985
vn 0.278 -0.167 0.946
vn 0.681 -0.130 0.720
vn -0.584 -0.228 0.779
vn -0.339 -0.167 0.926
vn 0.063 -0.157 0.986
vn 0.578 -0.256 0.775
vn -0.580 -0.302 0.757
vn -0.405 -0.279 0.871
vn -0.103 -0.112 0.988
vn 0.298 -0.108 0.949
vn 0.710 -0.088 0.699
vn -0.731 -0.058 0.680
vn -0.248 -0.129 0.960
vn 0.038 -0.177 0.983
vn 0.411 -0.253 0.876
vn 0.759 -0.218 0.613
vn -0.735 -0.113 0.669
vn -0.203 -0.168 0.965
vn -0.006 -0.109 0.994
vn 0.305 -0.014 0.952
vn 0.734 -0.014 0.679
vn -0.759 0.027 0.651
vn -0.384 0.011 0.923
vn -0.020 -0.090 0.996
vn 0.320 -0.142 0.937
vn 0.741 -0.149 0.655
vn -0.730 -0.103 0.675
vn -0.262 -0.119 0.958
vn 0.125 -0.068 0.990
vn 0.373 0.054 0.926
vn 0.749 0.097 0.655
vn -0.837 0.194 0.513
vn -0.537 0.073 0.840
vn -0.130 -0.055 0.990
vn 0.309 -0.089 0.947
vn 0.721 -0.108 0.685
vn -0.723 -0.092 0.685
vn -0.421 -0.156 0.893
vn 0.287 -0.124 0.950
vn 0.484 0.035 0.875
vn -0.579 0.037 0.815
vn -0.323 -0.095 0.941
vn 0.389 -0.140 0.910
vn 0.684 -0.067 0.726
vn -0.771 -0.005 0.637
vn -0.582 -0.059 0.811
vn 0.532 -0.021 0.846
vn 0.590 0.007 0.808
vn -0.644 0.042 0.764
vn -0.511 -0.007 0.859
vn 0.597 -0.065 0.800
vn 0.726 -0.045 0.686
vn -0.713 0.033 0.701
vn -0.640 0.081 0.764
vn 0.523 0.104 0.846
vn 0.655 0.068 0.753
vn -0.630 0.088 0.772
vn -0.574 0.097 0.813
vn 0.559 0.068 0.826
vn 0.747 -0.026 0.665
vn -0.651 0.095 0.753
vn -0.344 0.197 0.918
vn 0.316 0.098 0.944
vn 0.673 0.005 0.740
vn -0.592 0.040 0.805
vn -0.312 0.200 0.929
vn 0.353 0.201 0.914
vn 0.706 0.084 0.703
vn -0.693 0.082 0.716
vn -0.323 0.074 0.943
vn 0.067 -0.051 0.996
vn 0.418 -0.388 0.822
vn 0.201 -0.797 0.570
vn -0.040 -0.745 0.666
vn -0.365 -0.385 0.847
vn -0.194 0.039 0.980
vn 0.229 0.136 0.964
vn 0.696 0.123 0.707
vn -0.737 0.020 0.676
vn -0.363 -0.051 0.930
vn -0.129 -0.101 0.986
vn -0.021 -0.327 0.945
vn 0.051 -0.542 0.839
vn 0.070 -0.646 0.760
vn 0.099 -0.467 0.879
vn 0.076 -0.215 0.974
vn 0.287 0.005 0.958
vn 0.702 0.070 0.709
vn -0.789 0.006 0.615
vn -0.465 -0.103 0.879
vn -0.229 -0.225 0.947
vn -0.141 -0.259 0.955
vn 0.259 -0.423 0.869
vn 0.315 -0.286 0.905
vn 0.428 -0.118 0.896
vn 0.726 0.016 0.688
vn -0.839 0.067 0.540
vn -0.620 -0.052 0.783
vn -0.350 -0.189 0.917
vn 0.458 -0.343 0.820
vn 0.644 -0.093 0.759
vn 0.791 0.032 0.610
vn -0.917 0.261 0.302
vn -0.844 0.268 0.465
vn 0.827 0.187 0.530
vn 0.887 0.219 0.407
vn -0.867 0.395 0.304
vn -0.763 0.279 0.583
vn 0.726 0.352 0.591
vn 0.881 0.423 0.210
vn -0.920 0.383 0.079
vn -0.910 0.327 0.255
vn 0.909 0.334 0.248
vn 0.853 0.521 0.009
vn -0.986 -0.003 0.164
vn 0.992 -0.026 0.126
vn -0.938 -0.340 0.063
vn -0.913 -0.353 0.206
vn 0.903 -0.368 0.223
vn 0.860 -0.498 0.111
vn -0.960 -0.221 0.175
vn -0.809 -0.365 0.460
vn 0.802 -0.442 0.402
vn 0.972 -0.212 0.100
vn -0.985 -0.120 0.121
vn 0.983 -0.159 0.087
vn -0.914 -0.275 -0.297
vn 0.956 -0.219 -0.196
vn -0.988 -0.009 0.152
vn 0.994 -0.028 0.101
vn -0.580 -0.684 -0.444
vn 0.872 -0.246 -0.423
vn -0.964 -0.227 -0.139
vn 0.887 -0.462 0.016
vn -0.984 0.119 0.132
vn 0.979 0.169 0.117
vn -0.501 -0.785 -0.366
vn -0.639 -0.709 -0.299
vn 0.715 -0.653 -0.250
vn -0.909 0.415 0.040
vn 0.747 0.581 0.323
vn -0.335 -0.560 0.758
vn 0.465 -0.803 0.372
vn -0.258 -0.810 0.527
vn -0.223 -0.866 0.448
vn -0.088 -0.985 0.149
vn 0.165 -0.973 0.162
vn 0.204 -0.960 0.190
vn -0.827 0.528 0.194
vn -0.389 0.739 0.550
vn -0.044 0.740 0.671
vn 0.018 0.688 0.725
vn -0.022 0.697 0.717
vn 0.039 0.753 0.657
vn 0.409 0.733 0.544
vn 0.889 0.388 0.243
vn -0.692 -0.042 0.721
vn -0.120 -0.985 0.120
vn 0.104 -0.972 0.212
vn 0.089 -0.950 0.299
vn 0.194 -0.968 0.161
vn -0.483 0.026 0.875
vn 0.047 -0.612 0.790
vn -0.595 0.798 -0.099
vn 0.625 0.771 0.124
vn -0.499 -0.428 0.754
vn -0.288 -0.650 0.704
vn -0.613 -0.558 0.560
vn 0.939 -0.222 0.264
vn -0.466 0.868 0.170
vn -0.149 0.957 0.248
vn -0.118 0.971 0.207
vn 0.088 0.987 0.137
vn 0.330 0.886 0.326
vn -0.302 0.668 0.680
vn -0.139 0.671 0.729
vn -0.023 0.649 0.761
vn 0.007 0.638 0.770
vn 0.039 0.664 0.747
vn 0.214 0.688 0.694
vn -0.682 0.336 0.650
vn -0.141 0.976 0.168
vn 0.051 0.986 0.157
vn 0.155 0.936 0.317
vn 0.301 0.905 0.301
vn -0.510 0.082 0.856
vn 0.173 -0.067 0.983
vn 0.006 -0.948 0.317
vn 0.632 -0.775 0.005
vn -0.835 0.020 0.549
vn -0.289 0.055 0.956
vn -0.323 0.308 0.895
vn 0.812 0.542 -0.217
vn -0.915 -0.232 -0.330
vn 0.936 -0.055 -0.348
vn -0.489 -0.661 -0.569
vn 0.760 -0.322 -0.564
vn -0.713 0.377 0.591
vn -0.406 0.377 0.832
vn -0.218 0.411 0.885
vn 0.925 0.308 0.221
vn -0.912 0.291 0.288
vn -0.264 0.784 0.562
vn 0.320 0.914 0.248
vn 0.378 0.449 -0.809
vn -0.922 -0.251 -0.296
vn 0.856 0.082 -0.510
vn -0.720 0.179 -0.670
vn 0.867 -0.127 -0.481
vn -0.666 0.541 0.514
vn -0.088 0.822 0.563
vn 0.567 0.749 0.343
vn -0.152 -0.620 -0.770
vn -0.168 -0.562 -0.810
vn 0.604 0.008 -0.797
vn 0.567 0.291 -0.771
vn -0.134 -0.981 -0.137
vn 0.316 -0.943 -0.101
vn -0.589 0.634 -0.502
vn -0.611 -0.170 -0.774
vn 0.911 -0.289 -0.294
vn -0.219 0.775 -0.593
vn -0.159 0.773 -0.614
vn -0.655 -0.485 -0.580
vn -0.301 -0.942 -0.149
vn -0.247 -0.968 -0.054
vn 0.174 -0.984 0.025
vn 0.268 -0.963 0.014
vn 0.796 -0.447 -0.408
vn 0.577 0.183 -0.796
vn -0.543 -0.587 -0.600
vn 0.819 -0.401 -0.410
vn -0.983 -0.143 -0.116
vn 0.393 0.291 0.873
vn 0.042 0.303 0.952
vn -0.058 0.552 0.832
vn -0.699 0.112 0.706
vn 0.987 -0.129 -0.095
vn -0.851 -0.367 -0.375
vn 0.791 -0.427 -0.437
vn -0.409 0.793 -0.452
vn 0.374 0.404 -0.835
vn -0.975 -0.205 0.082
vn 0.483 -0.640 0.597
vn 0.382 -0.137 0.914
vn -0.413 -0.236 0.880
vn -0.357 -0.352 0.865
vn 0.971 -0.223 0.080
vn -0.011 0.705 -0.709
vn 0.180 0.581 -0.794
vn -0.368 -0.839 -0.402
vn 0.705 -0.066 -0.706
vn -0.969 -0.212 0.130
vn 0.517 0.054 0.854
vn -0.577 0.046 0.816
vn 0.959 -0.201 0.201
vn -0.325 -0.357 -0.876
vn 0.754 -0.624 -0.204
vn -0.377 0.829 -0.413
vn 0.583 0.160 -0.797
vn -0.886 -0.100 0.453
vn -0.960 -0.054 0.275
vn 0.639 0.468 0.611
vn 0.277 0.157 0.948
vn -0.375 0.332 0.866
vn -0.743 0.372 0.556
vn 0.961 -0.051 0.272
vn 0.903 -0.162 0.398
vn -0.594 0.792 -0.139
vn 0.378 0.415 -0.827
vn -0.809 -0.093 0.580
vn -0.868 0.090 0.488
vn 0.123 -0.748 0.652
vn 0.109 -0.722 0.683
vn 0.042 -0.605 0.795
vn -0.301 -0.282 0.911
vn 0.848 0.091 0.523
vn 0.884 -0.129 0.449
vn -0.392 -0.377 0.839
vn -0.831 0.106 0.546
vn -0.785 0.402 0.471
vn 0.429 0.390 -0.815
vn -0.438 0.796 -0.417
vn 0.763 0.386 0.518
vn 0.733 0.170 0.659
vn 0.635 -0.769 0.075
vn -0.435 -0.340 0.834
vn -0.118 -0.579 0.806
vn -0.094 -0.594 0.799
vn 0.694 0.552 0.461
vn -0.785 0.537 0.310
vn -0.823 0.474 0.313
vn 0.836 -0.380 -0.397
vn -0.605 -0.550 -0.575
vn 0.512 0.649 0.562
vn 0.867 0.359 0.346
vn -0.618 0.133 0.775
vn 0.121 -0.199 0.972
vn 0.250 -0.553 0.795
vn 0.383 -0.681 0.624
vn -0.699 -0.053 0.713
vn -0.037 -0.234 0.972
vn 0.405 -0.155 0.901
vn -0.711 0.666 0.225
vn -0.379 0.923 0.064
vn -0.036 0.991 0.131
vn 0.042 0.964 0.262
vn 0.110 0.942 0.316
vn 0.424 0.559 0.712
vn 0.030 -0.661 0.749
vn -0.054 0.199 0.979
vn -0.118 0.049 0.992
vn 0.325 -0.254 0.911
vn -0.758 0.010 0.652
vn -0.470 -0.243 0.848
vn 0.925 -0.207 -0.320
vn 0.761 -0.070 -0.645
vn -0.777 0.604 0.178
vn -0.416 -0.586 0.695
vn 0.413 -0.779 -0.472
vn -0.533 0.067 -0.844
vn 0.622 -0.195 0.759
vn -0.825 0.132 0.550
vn -0.751 0.567 -0.339
vn 0.436 0.444 -0.783
vn 0.369 0.425 -0.827
vn -0.760 0.564 -0.322
vn 0.338 0.433 -0.836
vn 0.530 0.488 -0.693
vn 0.430 0.561 -0.707
vn -0.538 0.818 -0.202
vn 0.453 0.495 -0.741
vn -0.222 0.902 -0.370
vn 0.040 0.875 -0.482
vn 0.446 0.655 -0.611
vn -0.370 -0.606 0.704
vn -0.054 -0.832 0.552
vn 0.333 -0.905 0.264
vn -0.263 -0.604 0.752
vn 0.018 -0.789 0.614
vn 0.386 -0.868 0.312
vn -0.802 0.458 0.384
vn -0.022 0.788 0.615
vn 0.572 0.564 0.595
vn -0.767 0.567 0.301
vn -0.067 0.818 0.572
vn 0.497 0.592 0.634
vn -0.224 -0.122 0.967
vn 0.137 -0.393 0.909
vn -0.187 -0.109 0.976
vn 0.187 -0.411 0.893
vn -0.285 -0.042 0.958
vn 0.365 -0.072 0.928
vn -0.288 -0.019 0.957
vn 0.382 -0.086 0.920
vn -0.274 0.017 0.961
vn 0.311 0.053 0.949
vn -0.307 0.031 0.951
vn 0.284 0.030 0.958
vn -0.382 0.225 0.897
vn 0.207 0.256 0.944
vn -0.403 0.200 0.893
vn 0.149 0.236 0.960
vn -0.133 -0.339 0.931
vn -0.029 -0.423 0.906
vn 0.042 -0.436 0.899
vn 0.127 -0.468 0.874
vn -0.208 -0.272 0.940
vn -0.166 -0.296 0.941
vn -0.063 -0.284 0.957
vn 0.071 -0.308 0.949
vn 0.166 -0.316 0.934
vn 0.252 -0.291 0.923
vn -0.399 -0.146 0.905
vn -0.268 -0.199 0.943
vn -0.158 -0.197 0.968
vn -0.072 -0.198 0.978
vn 0.059 -0.187 0.980
vn 0.180 -0.202 0.963
vn 0.261 -0.200 0.944
vn 0.446 -0.129 0.886
vn -0.604 0.071 0.794
vn -0.291 -0.008 0.957
vn -0.170 -0.086 0.982
vn -0.059 -0.084 0.995
vn 0.060 -0.072 0.996
vn 0.180 -0.059 0.982
vn 0.308 -0.051 0.950
vn 0.524 -0.006 0.852
vn -0.735 0.312 0.602
vn -0.480 0.157 0.863
vn -0.224 0.029 0.974
vn -0.062 -0.012 0.998
vn 0.080 -0.004 0.997
vn 0.216 0.039 0.976
vn 0.371 0.110 0.922
vn 0.615 0.184 0.767
vn -0.587 0.121 0.800
vn -0.281 0.019 0.960
vn -0.080 -0.024 0.997
vn 0.095 -0.040 0.995
vn 0.293 0.002 0.956
vn 0.512 0.159 0.844
vn -0.705 -0.056 0.707
vn -0.311 -0.107 0.944
vn -0.098 -0.122 0.988
vn 0.080 -0.152 0.985
vn 0.341 -0.163 0.926
vn 0.689 -0.027 0.724
vn -0.718 -0.300 0.629
vn -0.299 -0.281 0.912
vn -0.092 -0.245 0.965
vn 0.044 -0.255 0.966
vn 0.281 -0.317 0.906
vn 0.729 -0.289 0.620
vn -0.828 -0.316 0.462
vn -0.720 -0.339 0.606
vn 0.725 -0.340 0.598
vn 0.881 -0.255 0.398
vn -0.938 -0.154 0.311
vn -0.598 -0.280 0.751
vn 0.701 -0.278 0.657
vn 0.916 -0.198 0.348
vn -0.868 -0.104 0.486
vn 0.780 -0.576 0.245
vn -0.950 -0.036 0.311
vn -0.760 -0.113 0.640
vn 0.069 0.386 0.920
vn -0.078 0.408 0.910
vn 0.694 -0.274 0.666
vn 0.958 -0.070 0.279
vn -0.485 -0.385 0.785
vn 0.494 -0.763 0.417
vn -0.925 0.001 0.381
vn 0.956 0.116 0.270
vn -0.450 -0.662 -0.599
vn 0.634 -0.765 0.112
vn -0.860 0.310 0.406
vn -0.210 0.674 0.708
vn 0.114 0.627 0.770
vn 0.099 0.572 0.814
vn -0.104 0.574 0.812
vn -0.076 0.645 0.760
vn 0.396 0.620 0.677
vn 0.925 0.223 0.308
vn -0.161 -0.982 -0.097
vn 0.238 -0.951 0.199
vn -0.341 -0.554 0.759
vn 0.734 0.370 0.570
vn -0.956 0.195 0.218
vn 0.906 0.300 0.299
vn -0.342 0.825 -0.449
vn -0.041 0.746 -0.664
vn -0.252 -0.958 0.134
vn 0.149 -0.987 0.052
vn -0.838 0.422 0.346
vn -0.408 0.734 0.543
vn -0.050 0.789 0.613
vn 0.083 0.708 0.701
vn -0.006 0.667 0.745
vn -0.089 0.708 0.701
vn 0.130 0.775 0.619
vn 0.716 0.568 0.405
vn -0.271 -0.957 0.105
vn 0.116 -0.992 0.050
vn -0.160 0.985 -0.065
vn -0.326 0.942 -0.078
vn 0.394 0.819 0.417
vn 0.576 0.669 0.470
vn -0.584 -0.268 0.766
vn 0.102 -0.760 0.642
vn -0.392 0.889 0.238
vn 0.166 0.977 0.132
vn -0.332 0.927 0.175
vn 0.155 0.977 0.146
vn -0.348 -0.499 0.794
vn 0.446 -0.892 0.076
vn -0.682 -0.079 0.727
vn 0.972 0.066 0.226
vn -0.339 -0.677 0.653
vn 0.509 -0.775 0.374
vn -0.558 -0.287 -0.779
vn 0.278 -0.865 0.418
vn -0.399 -0.908 0.132
vn 0.584 -0.758 -0.290
vn -0.680 0.214 0.702
vn 0.778 0.536 0.328
vn -0.699 0.180 0.692
vn 0.799 0.573 0.184
vn -0.841 -0.537 -0.072
vn 0.972 -0.196 -0.128
vn -0.588 0.770 -0.246
vn -0.746 0.460 0.482
vn 0.677 0.566 0.470
vn 0.615 0.375 -0.694
vn -0.172 -0.611 0.772
vn -0.183 -0.567 0.803
vn -0.947 -0.274 -0.168
vn 0.895 0.095 -0.436
vn -0.418 -0.859 0.295
vn 0.291 -0.929 0.229
vn -0.818 -0.240 -0.522
vn 0.839 -0.308 0.449
vn 0.705 -0.594 0.388
vn -0.848 0.338 0.407
vn -0.916 -0.295 -0.270
vn 0.167 0.558 0.813
vn -0.376 -0.917 0.130
vn -0.343 -0.924 0.168
vn 0.331 -0.943 0.035
vn 0.445 -0.578 0.684
vn -0.505 -0.760 -0.409
vn 0.983 -0.181 0.025
vn -0.374 -0.404 0.835
vn 0.409 -0.793 0.452
vn -0.776 0.020 -0.630
vn -0.804 0.161 0.572
vn -0.523 0.084 0.848
vn -0.140 0.603 -0.785
vn 0.183 0.506 -0.843
vn 0.418 0.169 0.893
vn 0.326 -0.277 0.904
vn 0.692 -0.028 -0.722
vn -0.079 -0.652 0.754
vn 0.116 -0.755 0.645
vn -0.819 0.401 0.410
vn -0.380 -0.549 -0.744
vn -0.150 -0.300 -0.942
vn -0.648 -0.328 0.688
vn -0.379 -0.250 0.891
vn 0.081 0.059 -0.995
vn -0.079 0.195 -0.978
vn 0.569 -0.341 0.748
vn 0.864 -0.496 -0.082
vn 0.167 -0.421 -0.891
vn 0.754 -0.492 -0.435
vn 0.851 0.367 0.375
vn -0.656 -0.037 0.754
vn -0.405 0.825 -0.394
vn -0.464 0.197 -0.863
vn -0.671 -0.682 -0.289
vn 0.283 0.048 0.958
vn 0.413 0.341 -0.844
vn -0.199 0.941 -0.273
vn -0.444 -0.309 0.841
vn 0.903 -0.427 0.048
vn 0.248 0.296 -0.922
vn 0.041 0.331 -0.943
vn 0.679 -0.734 -0.013
vn -0.748 0.182 0.638
vn 0.368 0.839 0.402
vn -0.838 0.286 -0.465
vn -0.952 0.031 -0.305
vn 0.631 -0.690 0.354
vn 0.901 -0.425 -0.086
vn 0.055 -0.443 -0.895
vn -0.685 0.143 0.714
vn 0.995 -0.085 -0.047
vn 0.767 0.102 -0.633
vn -0.724 0.681 0.114
vn 0.325 0.357 0.876
vn -0.535 0.797 -0.280
vn -0.793 0.452 0.410
vn -0.585 0.149 0.797
vn -0.408 -0.570 -0.714
vn 0.176 -0.592 -0.787
vn 0.745 0.065 0.664
vn 0.690 0.623 0.368
vn 0.831 0.218 -0.512
vn -0.765 0.259 0.590
vn -0.628 0.040 0.778
vn 0.110 0.407 0.907
vn -0.624 0.490 0.608
vn 0.698 -0.011 0.716
vn 0.602 0.134 0.787
vn -0.750 0.448 0.487
vn -0.595 0.497 0.632
vn 0.070 0.666 0.743
vn 0.016 0.833 0.552
vn 0.493 0.679 0.544
vn 0.753 0.366 0.547
vn -0.724 -0.689 0.045
vn 0.775 -0.202 -0.599
vn -0.964 0.260 0.061
vn 0.273 0.840 0.468
vn 0.162 0.868 0.470
vn 0.178 0.852 0.492
vn -0.707 0.012 -0.707
vn 0.743 -0.662 -0.101
vn -0.170 -0.659 0.732
vn -0.269 -0.540 0.797
vn -0.190 0.676 -0.712
vn 0.622 0.087 -0.779
vn -0.009 0.756 -0.654
vn 0.309 0.609 -0.730
vn -0.450 0.803 -0.390
vn -0.480 -0.495 0.724
vn 0.338 -0.856 0.391
vn -0.022 -0.815 0.579
vn -0.021 -0.698 0.716
vn -0.721 -0.491 0.489
vn 0.917 -0.228 0.326
vn 0.554 0.689 0.467
vn -0.881 0.374 0.290
vn -0.372 -0.499 0.783
vn 0.608 -0.320 0.727
vn 0.817 0.362 0.449
vn -0.739 0.658 0.146
vn 0.742 0.632 -0.226
vn -0.884 0.370 0.287
vn -0.482 0.835 0.265
vn 0.535 0.844 -0.032
vn -0.366 -0.343 0.865
vn -0.169 -0.341 0.925
vn -0.060 -0.262 0.963
vn 0.022 -0.248 0.969
vn 0.164 -0.279 0.946
vn 0.440 -0.383 0.812
vn -0.516 -0.195 0.834
vn -0.103 -0.140 0.985
vn -0.033 -0.137 0.990
vn 0.007 -0.142 0.990
vn 0.161 -0.189 0.969
vn 0.523 -0.269 0.809
vn -0.522 -0.032 -0.852
vn 0.662 -0.207 -0.720
vn -0.388 -0.179 0.904
vn -0.097 -0.057 0.994
vn -0.005 0.011 1.000
vn -0.037 0.018 0.999
vn 0.100 -0.077 0.992
vn 0.437 -0.224 0.871
vn -0.548 -0.110 -0.829
vn 0.778 -0.105 -0.619
vn -0.338 -0.019 -0.941
vn 0.598 -0.278 -0.751
vn -0.573 -0.197 0.795
vn -0.328 -0.076 0.942
vn -0.046 0.051 0.998
vn 0.062 0.144 0.988
vn -0.060 0.205 0.977
vn -0.017 0.116 0.993
vn 0.251 -0.036 0.967
vn 0.716 0.100 0.691
vn -0.296 -0.134 -0.946
vn 0.616 -0.012 -0.788
vn -0.291 0.039 -0.956
vn -0.045 -0.249 -0.967
vn 0.683 -0.505 0.528
vn 0.388 -0.827 0.406
vn -0.882 0.282 0.379
vn -0.280 0.454 0.846
vn 0.002 0.321 0.947
vn 0.152 0.352 0.924
vn -0.242 0.430 0.870
vn -0.136 0.397 0.908
vn 0.091 0.336 0.937
vn 0.634 0.295 0.715
vn -0.381 -0.699 0.606
vn -0.115 -0.967 -0.227
vn 0.081 -0.110 -0.991
vn 0.520 0.045 -0.853
vn -0.289 0.466 -0.837
vn -0.297 0.331 -0.896
vn -0.338 0.301 -0.892
vn 0.450 0.662 0.599
vn -0.326 -0.835 0.443
vn 0.178 -0.982 0.064
vn -0.352 -0.844 0.405
vn 0.144 -0.988 0.055
vn -0.441 0.850 0.287
vn 0.136 0.990 0.023
vn 0.357 0.501 -0.788
vn 0.380 0.249 -0.891
vn -0.404 0.904 0.137
vn 0.263 0.962 0.078
vn -0.369 0.921 0.126
vn 0.270 0.959 0.081
vn -0.571 -0.650 -0.501
vn -0.039 -0.754 -0.656
vn -0.036 -0.810 -0.585
vn 0.758 -0.500 -0.418
vn 0.075 -0.720 0.690
vn 0.368 -0.794 0.485
vn -0.534 -0.840 0.101
vn 0.415 -0.901 -0.124
vn -0.828 0.000 -0.561
vn -0.723 -0.321 -0.611
vn 0.821 -0.365 -0.440
vn 0.511 0.207 -0.834
vn -0.733 0.680 -0.010
vn -0.781 -0.617 -0.097
vn 0.687 0.308 -0.658
vn 0.564 0.787 -0.249
vn -0.987 -0.107 -0.123
vn 0.998 0.048 -0.029
vn -0.183 -0.484 0.856
vn 0.339 -0.841 0.421
vn -0.977 -0.200 -0.076
vn 0.821 -0.259 -0.508
vn -0.815 -0.573 -0.092
vn -0.755 0.316 0.574
vn 0.504 0.407 0.762
vn -0.060 -0.675 0.735
vn 0.101 -0.461 0.882
vn -0.719 0.247 0.650
vn 0.983 0.120 0.140
vn 0.727 -0.684 -0.054
vn -0.232 -0.646 -0.727
vn -0.804 -0.587 0.097
vn 0.912 0.231 0.338
vn -0.763 0.155 0.627
vn -0.269 -0.272 0.924
vn 0.364 -0.327 0.872
vn 0.610 0.044 0.791
vn -0.831 0.304 0.466
vn 0.568 -0.606 -0.558
vn 0.462 -0.586 -0.666
vn -0.636 -0.195 -0.746
vn -0.559 -0.599 -0.574
vn 0.320 -0.929 -0.185
vn 0.763 -0.047 0.645
vn -0.532 -0.110 0.839
vn -0.376 0.255 0.891
vn 0.291 0.069 0.954
vn 0.757 -0.142 0.638
vn -0.802 -0.560 0.207
vn 0.391 -0.908 -0.150
vn 0.611 -0.549 -0.570
vn 0.678 -0.292 -0.675
vn -0.586 0.134 -0.799
vn -0.596 0.316 -0.738
vn -0.344 0.856 -0.386
vn 0.470 -0.793 0.388
vn 0.530 -0.697 0.483
vn -0.239 0.326 0.915
vn 0.121 0.389 0.913
vn -0.573 -0.012 0.819
vn -0.709 -0.654 -0.266
vn 0.289 0.475 -0.831
vn 0.774 0.327 -0.542
vn 0.656 -0.052 -0.753
vn -0.491 0.314 -0.813
vn -0.333 0.364 -0.870
vn -0.256 0.830 -0.496
vn 0.098 0.784 0.612
vn 0.598 -0.081 0.797
vn -0.306 -0.383 0.871
vn 0.235 -0.179 0.955
vn -0.734 0.259 0.628
vn -0.231 0.853 0.469
vn 0.262 0.665 -0.699
vn 0.396 0.427 -0.813
vn 0.553 0.285 -0.783
vn -0.289 0.790 -0.541
vn -0.328 0.766 -0.553
vn -0.212 0.802 0.558
vn -0.279 0.538 0.796
vn -0.039 -0.006 0.999
vn 0.082 -0.081 0.993
vn 0.275 0.227 0.934
vn -0.106 0.855 0.508
vn 0.175 0.984 -0.036
vn 0.550 0.252 -0.796
vn -0.532 -0.086 0.843
vn -0.086 0.108 0.990
vn -0.004 0.078 0.997
vn 0.528 -0.051 0.848
vn -0.415 0.889 -0.192
vn 0.602 0.247 -0.759
vn -0.884 0.132 0.448
vn 0.366 0.438 0.821
vn -0.538 0.472 0.699
vn 0.561 0.250 0.789
vn -0.106 -0.579 0.808
vn 0.203 -0.729 0.653
vn -0.844 -0.049 0.534
vn 0.881 -0.375 -0.290
vn -0.329 0.736 -0.592
vn 0.101 0.647 -0.756
vn -0.019 -0.654 0.756
vn 0.465 -0.803 0.373
vn -0.472 -0.513 -0.717
vn 0.662 0.079 -0.745
vn -0.523 -0.201 -0.828
vn -0.769 -0.025 0.638
vn 0.183 0.500 -0.847
vn 0.081 -0.997 0.019
vn 0.921 0.251 0.299
vn -0.731 -0.612 -0.300
vn -0.779 0.582 0.233
vn -0.343 -0.438 -0.831
vn 0.748 -0.168 -0.642
vn 0.471 0.340 -0.814
vn -0.716 -0.286 0.636
vn -0.144 -0.858 -0.494
vn 0.166 -0.102 -0.981
vn -0.078 0.593 -0.801
vn 0.068 0.358 -0.931
vn 0.049 -0.681 -0.730
vn -0.180 -0.594 -0.784
vn 0.401 0.205 -0.893
vn 0.240 0.548 -0.802
vn -0.698 0.297 -0.651
vn 0.745 -0.035 -0.667
vn 0.522 -0.727 0.446
vn -0.798 0.552 0.241
vn 0.454 0.885 -0.102
vn 0.364 0.463 -0.808
vn 0.168 0.348 -0.922
vn -0.239 0.664 -0.708
vn -0.063 0.588 -0.806
vn 0.050 0.665 -0.746
vn 0.263 0.472 -0.841
vn -0.566 0.738 -0.368
vn -0.707 0.705 0.056
vn 0.511 0.802 0.310
vn -0.408 -0.026 0.913
vn 0.528 -0.563 0.636
vn -0.493 -0.095 0.865
vn 0.611 -0.467 0.640
vn -0.286 0.012 0.958
vn 0.510 -0.121 0.852
vn -0.474 -0.105 0.874
vn 0.541 0.011 0.841
vn -0.303 0.001 0.953
vn 0.295 -0.084 0.952
vn 0.577 -0.423 0.699
vn -0.463 -0.476 0.748
vn -0.395 -0.437 0.808
vn 0.243 0.034 0.969
vn -0.541 0.108 0.834
vn 0.125 0.123 0.984
vn 0.296 0.340 0.893
vn -0.620 0.380 0.687
vn 0.058 0.738 0.672
vn 0.186 0.225 0.956
vn -0.828 -0.555 0.083
vn -0.056 -0.994 -0.097
vn 0.496 -0.807 0.322
vn 0.341 -0.835 0.431
vn -0.400 -0.916 0.038
vn 0.150 -0.975 -0.163
vn 0.747 -0.565 -0.349
vn -0.951 0.090 -0.296
vn -0.640 0.562 -0.524
vn 0.902 0.231 0.364
vn 0.830 0.450 0.330
vn -0.603 -0.200 0.772
vn -0.286 -0.400 0.870
vn 0.477 0.874 -0.096
vn 0.644 0.513 -0.568
vn -0.662 -0.154 -0.733
vn -0.443 0.887 0.129
vn 0.825 0.452 0.340
vn -0.743 0.103 0.661
vn 0.992 -0.104 0.075
vn 0.764 -0.618 -0.184
vn -0.642 -0.684 -0.347
vn -0.226 -0.670 -0.707
vn 0.816 -0.339 -0.469
vn -0.828 0.389 0.404
vn 0.557 0.568 0.606
vn -0.756 0.294 0.584
vn -0.363 0.633 0.683
vn 0.321 -0.781 -0.536
vn 0.353 -0.666 -0.658
vn 0.896 -0.352 -0.272
vn -0.839 -0.471 -0.275
vn -0.260 -0.642 -0.721
vn 0.662 -0.729 -0.174
vn 0.747 0.480 0.460
vn -0.233 -0.203 0.951
vn 0.350 -0.608 0.713
vn -0.812 0.489 0.318
vn -0.919 -0.263 0.295
vn 0.382 -0.600 -0.703
vn 0.825 -0.373 -0.425
vn -0.929 -0.327 -0.172
vn -0.810 -0.420 -0.410
vn -0.531 -0.511 -0.676
vn 0.818 -0.569 -0.083
vn 0.523 -0.792 -0.316
vn 0.881 -0.402 -0.249
vn -0.685 0.316 0.657
vn 0.400 0.293 0.869
vn -0.727 -0.687 -0.006
vn -0.572 -0.810 0.127
vn -0.771 -0.634 0.066
vn 0.626 -0.523 -0.578
vn 0.737 -0.446 -0.508
vn 0.871 -0.278 -0.405
vn -0.905 0.037 -0.423
vn -0.744 -0.054 -0.666
vn 0.775 -0.304 -0.554
vn 0.375 -0.844 -0.383
vn 0.863 -0.504 -0.033
vn -0.978 -0.153 0.142
vn -0.669 -0.742 0.026
vn 0.745 -0.067 -0.663
vn 0.911 -0.114 -0.396
vn -0.701 0.239 -0.672
vn -0.573 0.313 -0.758
vn -0.455 0.600 -0.658
vn 0.418 0.908 -0.039
vn 0.353 0.934 0.058
vn 0.894 0.319 0.314
vn -0.795 0.567 0.214
vn -0.421 0.878 0.229
vn -0.439 0.897 0.060
vn 0.400 0.510 -0.761
vn 0.562 0.287 -0.776
vn 0.882 0.106 -0.458
vn -0.691 0.638 -0.340
vn -0.424 0.433 -0.795
vn -0.044 0.823 -0.567
vn 0.469 0.880 -0.075
vn -0.720 0.612 0.327
vn -0.099 0.793 -0.600
vn 0.641 0.579 -0.504
vn 0.664 0.433 -0.609
vn -0.395 0.680 -0.618
vn -0.041 0.458 -0.888
vn -0.769 0.454 0.450
vn 0.203 0.959 -0.197
vn 0.522 0.534 -0.665
vn -0.681 -0.214 0.701
vn 0.414 -0.718 0.559
vn -0.233 -0.589 0.774
vn 0.101 -0.707 0.700
vn -0.913 0.238 0.330
vn 0.973 0.158 0.170
vn -0.924 0.314 0.220
vn 0.969 0.201 0.141
vn -0.387 -0.428 0.817
vn -0.057 -0.677 0.734
vn -0.219 -0.228 0.949
vn 0.134 -0.719 0.682
vn -0.115 -0.454 0.884
vn 0.099 -0.613 0.784
vn -0.345 -0.462 0.817
vn -0.022 -0.686 0.728
vn -0.442 -0.304 0.844
vn -0.197 -0.527 0.827
vn 0.472 0.513 0.717
vn -0.584 -0.044 0.810
vn 0.302 -0.249 0.920
vn -0.196 -0.348 0.917
vn 0.217 -0.178 0.960
vn 0.176 -0.681 0.710
vn -0.057 -0.666 0.744
vn -0.204 -0.591 0.780
vn 0.731 0.612 0.300
vn -0.706 0.064 0.705
vn 0.542 0.157 0.826
vn -0.707 0.369 0.603
vn -0.051 0.599 0.799
vn 0.134 0.278 0.951
vn -0.626 0.751 0.212
vn -0.032 0.312 0.949
vn 0.066 0.644 0.763
vn 0.253 0.592 0.765
vn -0.848 0.311 0.429
vn 0.689 0.214 0.693
vn -0.603 -0.526 -0.600
vn 0.642 -0.760 0.100
vn -0.394 0.825 -0.405
vn -0.098 0.765 -0.636
vn -0.773 -0.632 -0.060
vn 0.962 -0.104 -0.253
vn -0.723 -0.641 0.259
vn 0.471 0.491 -0.732
vn 0.526 0.423 -0.738
vn 0.301 0.723 -0.622
vn 0.527 0.566 -0.634
vn -0.449 -0.375 0.811
vn 0.019 -0.696 0.718
vn 0.357 -0.802 0.478
vn -0.292 -0.701 0.651
vn -0.064 -0.920 0.386
vn 0.065 -0.974 0.217
vn -0.774 -0.034 0.633
vn 0.112 -0.016 0.994
vn 0.576 -0.188 0.796
vn -0.770 0.145 0.621
vn 0.142 0.938 0.318
vn 0.148 0.941 0.303
vn -0.810 -0.009 0.586
vn 0.252 0.430 0.867
vn 0.520 0.493 0.698
vn -0.613 0.043 0.789
vn 0.640 -0.749 0.174
vn -0.316 -0.643 0.697
vn -0.042 -0.753 0.657
vn -0.246 -0.654 0.715
vn 0.599 0.440 0.670
vn -0.757 0.353 0.550
vn -0.441 -0.112 0.890
vn 0.247 -0.855 0.457
vn 0.291 -0.795 0.533
vn -0.821 -0.387 0.420
vn 0.237 -0.537 0.810
vn 0.639 -0.234 0.733
vn -0.798 -0.125 0.590
vn -0.132 -0.450 0.883
vn 0.718 -0.459 0.524
vn -0.812 -0.204 0.547
vn -0.844 -0.315 0.435
vn 0.328 -0.579 0.746
vn 0.631 -0.656 0.414
vn 0.501 -0.824 0.266
vn 0.500 -0.823 0.269
vn -0.688 -0.717 0.110
vn -0.387 -0.815 0.431
vn -0.624 -0.591 0.511
vn -0.480 -0.265 0.836
vn 0.867 -0.300 0.397
vn 0.757 -0.638 0.141
vn -0.836 0.073 0.543
vn -0.674 0.011 0.739
vn 0.446 -0.737 0.508
vn 0.982 -0.128 0.137
vn -0.928 -0.214 0.307
vn -0.452 -0.478 0.753
vn 0.691 -0.072 0.719
vn 0.855 -0.137 0.500
vn -0.747 0.118 0.654
vn -0.460 0.337 0.822
vn -0.059 0.634 0.771
vn 0.222 0.823 0.523
vn 0.430 0.858 0.282
vn 0.877 0.473 0.078
vn -0.785 0.609 0.112
vn -0.371 0.880 0.296
vn -0.405 0.788 0.464
vn -0.443 0.534 0.720
vn 0.671 0.174 0.721
vn 0.921 0.058 0.385
vn -0.760 0.197 0.619
vn -0.387 0.344 0.856
vn 0.106 0.659 0.744
vn 0.298 0.925 0.235
vn -0.593 0.748 0.297
vn -0.454 0.683 0.572
vn 0.559 0.459 0.690
vn 0.873 0.416 0.255
vn -0.726 0.490 0.482
vn 0.521 0.448 0.727
vn -0.959 0.159 0.234
vn 0.785 0.571 0.239
vn -0.266 0.705 -0.658
vn 0.305 0.586 -0.751
vn -0.162 -0.078 -0.984
vn 0.432 -0.423 -0.797
vn -0.160 -0.076 -0.984
vn 0.434 -0.424 -0.795
vn -0.125 -0.018 -0.992
vn 0.064 -0.129 -0.990
vn 0.468 -0.272 -0.841
vn -0.442 -0.447 -0.777
vn 0.702 -0.355 -0.617
vn -0.123 -0.016 -0.992
vn 0.068 -0.128 -0.989
vn 0.472 -0.275 -0.837
vn -0.167 0.421 -0.891
vn -0.024 0.206 -0.978
vn 0.032 0.098 -0.995
vn -0.349 0.707 -0.614
vn 0.264 0.267 -0.927
vn -0.166 0.427 -0.889
vn -0.022 0.209 -0.978
vn 0.034 0.100 -0.994
vn -0.637 -0.441 -0.633
vn 0.447 -0.752 0.484
vn 0.410 -0.825 0.390
vn -0.660 -0.381 -0.647
vn 0.869 -0.251 -0.426
vn -0.559 0.635 -0.533
vn -0.489 0.752 -0.443
vn 0.603 0.526 0.600
vn -0.857 -0.493 0.148
vn 0.903 -0.429 -0.041
vn -0.551 0.636 -0.541
vn 0.439 0.253 -0.862
vn -0.573 -0.524 0.630
vn -0.886 -0.443 0.134
vn 0.825 0.488 -0.285
vn -0.499 -0.144 -0.854
vn 0.600 -0.095 -0.794
vn -0.821 -0.492 0.289
vn 0.640 0.640 -0.425
vn 0.562 0.540 -0.627
vn -0.502 -0.087 -0.861
vn 0.503 0.003 -0.864
vn 0.088 0.745 -0.661
vn 0.467 0.614 -0.636
vn -0.410 0.581 -0.703
vn 0.409 0.092 -0.908
vn -0.517 -0.125 0.847
vn 0.050 -0.593 0.804
vn -0.066 -0.195 0.979
vn 0.441 -0.548 0.711
vn -0.582 -0.064 0.811
vn -0.023 -0.223 0.975
vn 0.202 -0.436 0.877
vn 0.419 -0.664 0.619
vn -0.230 -0.464 0.855
vn -0.149 -0.518 0.842
vn -0.118 -0.255 0.960
vn 0.669 -0.102 0.736
vn -0.523 -0.032 0.852
vn -0.210 0.049 0.976
vn 0.001 0.007 1.000
vn 0.223 -0.220 0.950
vn 0.668 0.023 0.744
vn -0.424 -0.337 0.841
vn -0.261 -0.204 0.943
vn -0.038 0.021 0.999
vn 0.140 -0.059 0.988
vn 0.502 -0.080 0.861
vn -0.538 0.198 0.820
vn -0.255 0.332 0.908
vn -0.040 0.399 0.916
vn 0.159 0.465 0.871
vn 0.604 0.538 0.588
vn -0.856 0.428 0.289
vn -0.178 0.675 0.716
vn -0.162 0.535 0.829
vn -0.034 0.313 0.949
vn 0.401 0.073 0.913
vn 0.002 0.521 0.854
vn 0.313 0.364 0.877
vn -0.312 -0.583 0.750
vn -0.095 -0.658 0.747
vn -0.964 0.133 0.229
vn 0.989 0.074 0.126
vn -0.102 -0.017 0.995
vn 0.279 -0.468 0.839
vn -0.105 -0.018 0.994
vn 0.279 -0.474 0.835
vn -0.209 0.033 0.977
vn 0.124 -0.058 0.991
vn 0.418 -0.435 0.798
vn -0.264 -0.267 0.927
vn 0.349 -0.707 0.614
vn -0.213 0.034 0.976
vn 0.122 -0.061 0.991
vn 0.419 -0.442 0.793
vn -0.425 0.172 0.889
vn 0.011 0.131 0.991
vn 0.068 0.164 0.984
vn -0.702 0.355 0.617
vn 0.442 0.447 0.777
vn -0.428 0.175 0.886
vn 0.008 0.130 0.991
vn 0.065 0.163 0.984
vn 0.263 -0.597 0.758
vn 0.538 -0.636 0.554
vn -0.439 -0.253 0.862
vn 0.551 -0.636 0.541
vn -0.762 0.593 -0.261
vn 0.637 0.441 0.633
vn -0.616 -0.290 0.732
vn 0.571 -0.767 0.293
vn -0.869 0.251 0.426
vn 0.660 0.381 0.647
vn -0.717 -0.289 0.635
vn 0.948 0.218 0.232
vn -0.410 -0.081 0.908
vn 0.415 -0.569 0.710
vn -0.588 -0.541 0.601
vn -0.666 -0.365 0.651
vn 0.808 0.561 0.182
vn -0.505 -0.003 0.863
vn 0.502 0.090 0.860
vn -0.778 -0.377 0.503
vn 0.791 0.577 -0.202
vn -0.600 0.088 0.795
vn 0.499 0.141 0.855
f 1//1 6//6 7//7
f 1//1 7//7 2//2
f 2//2 7//7 8//8
f 2//2 8//8 3//3
f 4//4 9//9 10//10
f 4//4 10//10 5//5
f 6//6 11//11 12//12
f 6//6 12//12 7//7
f 7//7 12//12 13//13
f 7//7 13//13 8//8
f 9//9 14//14 15//15
f 9//9 15//15 10//10
f 16//16 18//18 19//19
f 16//16 19//19 17//17
f 1//1 2//2 21//21
f 1//1 21//21 20//20
f 2//2 3//3 22//22
f 2//2 22//22 21//21
f 4//4 5//5 24//24
f 4//4 24//24 23//23
f 1//1 20//20 25//25
f 1//1 25//25 6//6
f 3//3 8//8 27//27
f 3//3 27//27 22//22
f 21//21 22//22 27//27
f 21//21 27//27 26//26
f 4//4 23//23 29//29
f 4//4 29//29 9//9
f 5//5 10//10 30//30
f 5//5 30//30 24//24
f 23//23 24//24 30//30
f 23//23 30//30 29//29
f 6//6 25//25 31//31
f 6//6 31//31 11//11
f 11//11 31//31 32//32
f 11//11 32//32 12//12
f 25//25 26//26 32//32
f 25//25 32//32 31//31
f 8//8 13//13 33//33
f 8//8 33//33 27//27
f 12//12 32//32 33//33
f 12//12 33//33 13//13
f 9//9 29//29 35//35
f 9//9 35//35 14//14
f 28//28 34//34 35//35
f 28//28 35//35 29//29
f 10//10 15//15 36//36
f 10//10 36//36 30//30
f 14//14 35//35 36//36
f 14//14 36//36 15//15
f 29//29 30//30 36//36
f 29//29 36//36 35//35
f 32//32 37//37 38//38
f 32//32 38//38 33//33
f 16//16 17//17 39//39
f 16//16 39//39 38//38
f 34//34 40//40 41//41
f 34//34 41//41 35//35
f 16//16 38//38 42//42
f 16//16 42//42 18//18
f 17//17 19//19 43//43
f 17//17 43//43 39//39
f 18//18 42//42 43//43
f 18//18 43//43 19//19
f 38//38 39//39 43//43
f 38//38 43//43 42//42
f 20//20 21//21 45//45
f 20//20 45//45 44//44
f 20//20 44//44 50//50
f 20//20 50//50 25//25
f 21//21 26//26 51//51
f 21//21 51//51 45//45
f 25//25 50//50 51//51
f 25//25 51//51 26//26
f 26//26 27//27 52//52
f 26//26 52//52 51//51
f 45//45 51//51 52//52
f 45//45 52//52 46//46
f 28//28 29//29 55//55
f 28//28 55//55 54//54
f 47//47 54//54 55//55
f 47//47 55//55 48//48
f 48//48 55//55 56//56
f 48//48 56//56 49//49
f 26//26 51//51 57//57
f 26//26 57//57 32//32
f 27//27 33//33 58//58
f 27//27 58//58 52//52
f 52//52 58//58 59//59
f 52//52 59//59 53//53
f 28//28 54//54 60//60
f 28//28 60//60 34//34
f 29//29 35//35 61//61
f 29//29 61//61 55//55
f 54//54 55//55 61//61
f 54//54 61//61 60//60
f 55//55 61//61 62//62
f 55//55 62//62 56//56
f 32//32 57//57 63//63
f 32//32 63//63 37//37
f 33//33 38//38 64//64
f 33//33 64//64 58//58
f 37//37 63//63 64//64
f 37//37 64//64 38//38
f 57//57 58//58 64//64
f 57//57 64//64 63//63
f 34//34 60//60 65//65
f 34//34 65//65 40//40
f 35//35 41//41 66//66
f 35//35 66//66 61//61
f 40//40 65//65 66//66
f 40//40 66//66 41//41
f 60//60 61//61 66//66
f 60//60 66//66 65//65
f 67//67 69//69 70//70
f 67//67 70//70 68//68
f 69//69 71//71 72//72
f 69//69 72//72 70//70
f 71//71 73//73 74//74
f 71//71 74//74 72//72
f 44//44 45//45 76//76
f 44//44 76//76 75//75
f 45//45 46//46 77//77
f 45//45 77//77 76//76
f 47//47 48//48 80//80
f 47//47 80//80 79//79
f 48//48 49//49 81//81
f 48//48 81//81 80//80
f 44//44 75//75 82//82
f 44//44 82//82 50//50
f 50//50 82//82 83//83
f 50//50 83//83 51//51
f 75//75 76//76 83//83
f 75//75 83//83 82//82
f 46//46 52//52 84//84
f 46//46 84//84 77//77
f 76//76 77//77 84//84
f 76//76 84//84 83//83
f 52//52 53//53 85//85
f 52//52 85//85 84//84
f 47//47 79//79 86//86
f 47//47 86//86 54//54
f 78//78 85//85 86//86
f 78//78 86//86 79//79
f 54//54 86//86 87//87
f 54//54 87//87 55//55
f 79//79 80//80 87//87
f 79//79 87//87 86//86
f 49//49 56//56 88//88
f 49//49 88//88 81//81
f 80//80 81//81 88//88
f 80//80 88//88 87//87
f 51//51 83//83 89//89
f 51//51 89//89 57//57
f 57//57 89//89 90//90
f 57//57 90//90 58//58
f 83//83 84//84 90//90
f 83//83 90//90 89//89
f 53//53 59//59 91//91
f 53//53 91//91 85//85
f 58//58 90//90 91//91
f 58//58 91//91 59//59
f 84//84 85//85 91//91
f 84//84 91//91 90//90
f 55//55 87//87 92//92
f 55//55 92//92 61//61
f 56//56 62//62 93//93
f 56//56 93//93 88//88
f 61//61 92//92 93//93
f 61//61 93//93 62//62
f 87//87 88//88 93//93
f 87//87 93//93 92//92
f 67//67 68//68 97//97
f 67//67 97//97 96//96
f 94//94 96//96 97//97
f 94//94 97//97 95//95
f 67//67 96//96 98//98
f 67//67 98//98 69//69
f 68//68 70//70 99//99
f 68//68 99//99 97//97
f 69//69 98//98 100//100
f 69//69 100//100 71//71
f 70//70 72//72 101//101
f 70//70 101//101 99//99
f 71//71 100//100 102//102
f 71//71 102//102 73//73
f 72//72 74//74 103//103
f 72//72 103//103 101//101
f 73//73 102//102 103//103
f 73//73 103//103 74//74
f 102//102 104//104 105//105
f 102//102 105//105 103//103
f 78//78 79//79 107//107
f 78//78 107//107 106//106
f 78//78 106//106 108//108
f 78//78 108//108 85//85
f 79//79 86//86 109//109
f 79//79 109//109 107//107
f 85//85 108//108 109//109
f 85//85 109//109 86//86
f 106//106 107//107 109//109
f 106//106 109//109 108//108
f 94//94 95//95 113//113
f 94//94 113//113 112//112
f 110//110 116//116 117//117
f 110//110 117//117 111//111
f 94//94 112//112 119//119
f 94//94 119//119 96//96
f 95//95 97//97 120//120
f 95//95 120//120 113//113
f 112//112 113//113 120//120
f 112//112 120//120 119//119
f 114//114 121//121 122//122
f 114//114 122//122 115//115
f 117//117 124//124 125//125
f 117//117 125//125 118//118
f 96//96 119//119 126//126
f 96//96 126//126 98//98
f 97//97 99//99 127//127
f 97//97 127//127 120//120
f 119//119 120//120 127//127
f 119//119 127//127 126//126
f 123//123 130//130 131//131
f 123//123 131//131 124//124
f 124//124 131//131 132//132
f 124//124 132//132 125//125
f 98//98 126//126 133//133
f 98//98 133//133 100//100
f 99//99 101//101 134//134
f 99//99 134//134 127//127
f 126//126 127//127 134//134
f 126//126 134//134 133//133
f 128//128 135//135 136//136
f 128//128 136//136 129//129
f 130//130 138//138 139//139
f 130//130 139//139 131//131
f 100//100 133//133 140//140
f 100//100 140//140 102//102
f 101//101 103//103 141//141
f 101//101 141//141 134//134
f 133//133 134//134 141//141
f 133//133 141//141 140//140
f 135//135 142//142 143//143
f 135//135 143//143 136//136
f 136//136 143//143 144//144
f 136//136 144//144 137//137
f 102//102 140//140 145//145
f 102//102 145//145 104//104
f 103//103 105//105 146//146
f 103//103 146//146 141//141
f 104//104 145//145 146//146
f 104//104 146//146 105//105
f 110//110 111//111 148//148
f 110//110 148//148 147//147
f 114//114 115//115 150//150
f 114//114 150//150 149//149
f 110//110 147//147 152//152
f 110//110 152//152 116//116
f 111//111 117//117 153//153
f 111//111 153//153 148//148
f 116//116 152//152 153//153
f 116//116 153//153 117//117
f 117//117 118//118 154//154
f 117//117 154//154 153//153
f 114//114 149//149 157//157
f 114//114 157//157 121//121
f 115//115 122//122 158//158
f 115//115 158//158 150//150
f 121//121 157//157 158//158
f 121//121 158//158 122//122
f 149//149 150//150 158//158
f 149//149 158//158 157//157
f 150//150 158//158 159//159
f 150//150 159//159 151//151
f 117//117 153//153 161//161
f 117//117 161//161 124//124
f 123//123 124//124 161//161
f 123//123 161//161 160//160
f 152//152 160//160 161//161
f 152//152 161//161 153//153
f 118//118 125//125 162//162
f 118//118 162//162 154//154
f 153//153 154//154 162//162
f 153//153 162//162 161//161
f 155//155 163//163 164//164
f 155//155 164//164 156//156
f 128//128 129//129 166//166
f 128//128 166//166 165//165
f 157//157 165//165 166//166
f 157//157 166//166 158//158
f 123//123 160//160 168//168
f 123//123 168//168 130//130
f 160//160 161//161 169//169
f 160//160 169//169 168//168
f 125//125 132//132 170//170
f 125//125 170//170 162//162
f 131//131 169//169 170//170
f 131//131 170//170 132//132
f 161//161 162//162 170//170
f 161//161 170//170 169//169
f 162//162 170//170 171//171
f 162//162 171//171 163//163
f 128//128 165//165 172//172
f 128//128 172//172 135//135
f 129//129 136//136 173//173
f 129//129 173//173 166//166
f 136//136 137//137 174//174
f 136//136 174//174 173//173
f 166//166 173//173 174//174
f 166//166 174//174 167//167
f 130//130 168//168 175//175
f 130//130 175//175 138//138
f 131//131 139//139 176//176
f 131//131 176//176 169//169
f 138//138 175//175 176//176
f 138//138 176//176 139//139
f 140//140 141//141 178//178
f 140//140 178//178 177//177
f 135//135 172//172 179//179
f 135//135 179//179 142//142
f 142//142 179//179 180//180
f 142//142 180//180 143//143
f 172//172 173//173 180//180
f 172//172 180//180 179//179
f 137//137 144//144 181//181
f 137//137 181//181 174//174
f 143//143 180//180 181//181
f 143//143 181//181 144//144
f 140//140 177//177 182//182
f 140//140 182//182 145//145
f 141//141 146//146 183//183
f 141//141 183//183 178//178
f 145//145 182//182 183//183
f 145//145 183//183 146//146
f 184//184 188//188 189//189
f 184//184 189//189 185//185
f 186//186 190//190 191//191
f 186//186 191//191 187//187
f 147//147 148//148 193//193
f 147//147 193//193 192//192
f 150//150 151//151 200//200
f 150//150 200//200 199//199
f 147//147 192//192 201//201
f 147//147 201//201 152//152
f 148//148 153//153 202//202
f 148//148 202//202 193//193
f 192//192 193//193 202//202
f 192//192 202//202 201//201
f 193//193 202//202 203//203
f 193//193 203//203 194//194
f 194//194 203//203 204//204
f 194//194 204//204 195//195
f 155//155 156//156 205//205
f 155//155 205//205 204//204
f 195//195 204//204 205//205
f 195//195 205//205 196//196
f 197//197 207//207 208//208
f 197//197 208//208 198//198
f 150//150 199//199 209//209
f 150//150 209//209 158//158
f 157//157 158//158 209//209
f 157//157 209//209 208//208
f 151//151 159//159 210//210
f 151//151 210//210 200//200
f 158//158 209//209 210//210
f 158//158 210//210 159//159
f 199//199 200//200 210//210
f 199//199 210//210 209//209
f 152//152 201//201 211//211
f 152//152 211//211 160//160
f 153//153 161//161 212//212
f 153//153 212//212 202//202
f 160//160 211//211 212//212
f 160//160 212//212 161//161
f 201//201 202//202 212//212
f 201//201 212//212 211//211
f 155//155 204//204 214//214
f 155//155 214//214 163//163
f 162//162 163//163 214//214
f 162//162 214//214 213//213
f 156//156 164//164 215//215
f 156//156 215//215 205//205
f 163//163 214//214 215//215
f 163//163 215//215 164//164
f 206//206 216//216 217//217
f 206//206 217//217 207//207
f 157//157 208//208 218//218
f 157//157 218//218 165//165
f 207//207 217//217 218//218
f 207//207 218//218 208//208
f 158//158 166//166 219//219
f 158//158 219//219 209//209
f 208//208 209//209 219//219
f 208//208 219//219 218//218
f 166//166 167//167 220//220
f 166//166 220//220 219//219
f 168//168 169//169 222//222
f 168//168 222//222 221//221
f 162//162 213//213 223//223
f 162//162 223//223 170//170
f 163//163 171//171 224//224
f 163//163 224//224 214//214
f 170//170 223//223 224//224
f 170//170 224//224 171//171
f 216//216 228//228 229//229
f 216//216 229//229 217//217
f 165//165 218//218 230//230
f 165//165 230//230 172//172
f 217//217 229//229 230//230
f 217//217 230//230 218//218
f 172//172 230//230 231//231
f 172//172 231//231 173//173
f 218//218 219//219 231//231
f 218//218 231//231 230//230
f 167//167 174//174 232//232
f 167//167 232//232 220//220
f 219//219 220//220 232//232
f 219//219 232//232 231//231
f 168//168 221//221 233//233
f 168//168 233//233 175//175
f 169//169 176//176 234//234
f 169//169 234//234 222//222
f 175//175 233//233 234//234
f 175//175 234//234 176//176
f 221//221 222//222 234//234
f 221//221 234//234 233//233
f 222//222 234//234 235//235
f 222//222 235//235 223//223
f 225//225 236//236 237//237
f 225//225 237//237 226//226
f 177//177 178//178 238//238
f 177//177 238//238 237//237
f 226//226 237//237 238//238
f 226//226 238//238 227//227
f 227//227 238//238 239//239
f 227//227 239//239 228//228
f 173//173 231//231 241//241
f 173//173 241//241 180//180
f 230//230 240//240 241//241
f 230//230 241//241 231//231
f 174//174 181//181 242//242
f 174//174 242//242 232//232
f 180//180 241//241 242//242
f 180//180 242//242 181//181
f 231//231 232//232 242//242
f 231//231 242//242 241//241
f 177//177 237//237 244//244
f 177//177 244//244 182//182
f 236//236 243//243 244//244
f 236//236 244//244 237//237
f 178//178 183//183 245//245
f 178//178 245//245 238//238
f 182//182 244//244 245//245
f 182//182 245//245 183//183
f 238//238 245//245 246//246
f 238//238 246//246 239//239
f 243//243 247//247 248//248
f 243//243 248//248 244//244
f 244//244 248//248 249//249
f 244//244 249//249 245//245
f 245//245 249//249 250//250
f 245//245 250//250 246//246
f 248//248 251//251 252//252
f 248//248 252//252 249//249
f 253//253 257//257 258//258
f 253//253 258//258 254//254
f 255//255 261//261 262//262
f 255//255 262//262 256//256
f 257//257 264//264 265//265
f 257//257 265//265 258//258
f 258//258 265//265 266//266
f 258//258 266//266 259//259
f 260//260 267//267 268//268
f 260//260 268//268 261//261
f 261//261 268//268 269//269
f 261//261 269//269 262//262
f 263//263 271//271 272//272
f 263//263 272//272 264//264
f 264//264 272//272 273//273
f 264//264 273//273 265//265
f 265//265 273//273 274//274
f 265//265 274//274 266//266
f 267//267 275//275 276//276
f 267//267 276//276 268//268
f 268//268 276//276 277//277
f 268//268 277//277 269//269
f 269//269 277//277 278//278
f 269//269 278//278 270//270
f 271//271 279//279 280//280
f 271//271 280//280 272//272
f 272//272 280//280 281//281
f 272//272 281//281 273//273
f 273//273 281//281 282//282
f 273//273 282//282 274//274
f 275//275 283//283 284//284
f 275//275 284//284 276//276
f 276//276 284//284 285//285
f 276//276 285//285 277//277
f 277//277 285//285 286//286
f 277//277 286//286 278//278
f 279//279 287//287 288//288
f 279//279 288//288 280//280
f 184//184 185//185 289//289
f 184//184 289//289 288//288
f 280//280 288//288 289//289
f 280//280 289//289 281//281
f 281//281 289//289 290//290
f 281//281 290//290 282//282
f 283//283 291//291 292//292
f 283//283 292//292 284//284
f 186//186 187//187 293//293
f 186//186 293//293 292//292
f 284//284 292//292 293//293
f 284//284 293//293 285//285
f 285//285 293//293 294//294
f 285//285 294//294 286//286
f 184//184 288//288 296//296
f 184//184 296//296 188//188
f 287//287 295//295 296//296
f 287//287 296//296 288//288
f 185//185 189//189 297//297
f 185//185 297//297 289//289
f 188//188 296//296 297//297
f 188//188 297//297 189//189
f 289//289 297//297 298//298
f 289//289 298//298 290//290
f 186//186 292//292 300//300
f 186//186 300//300 190//190
f 291//291 299//299 300//300
f 291//291 300//300 292//292
f 187//187 191//191 301//301
f 187//187 301//301 293//293
f 190//190 300//300 301//301
f 190//190 301//301 191//191
f 293//293 301//301 302//302
f 293//293 302//302 294//294
f 296//296 303//303 304//304
f 296//296 304//304 297//297
f 297//297 304//304 305//305
f 297//297 305//305 298//298
f 299//299 306//306 307//307
f 299//299 307//307 300//300
f 300//300 307//307 308//308
f 300//300 308//308 301//301
f 303//303 309//309 310//310
f 303//303 310//310 304//304
f 307//307 311//311 312//312
f 307//307 312//312 308//308
f 313//313 318//318 319//319
f 313//313 319//319 314//314
f 315//315 322//322 323//323
f 315//315 323//323 316//316
f 317//317 325//325 326//326
f 317//317 326//326 318//318
f 318//318 326//326 327//327
f 318//318 327//327 319//319
f 319//319 327//327 328//328
f 319//319 328//328 320//320
f 321//321 329//329 330//330
f 321//321 330//330 322//322
f 322//322 330//330 331//331
f 322//322 331//331 323//323
f 323//323 331//331 332//332
f 323//323 332//332 324//324
f 326//326 333//333 334//334
f 326//326 334//334 327//327
f 327//327 334//334 335//335
f 327//327 335//335 328//328
f 329//329 336//336 337//337
f 329//329 337//337 330//330
f 330//330 337//337 338//338
f 330//330 338//338 331//331
f 339//339 341//341 342//342
f 339//339 342//342 340//340
f 342//342 348//348 349//349
f 342//342 349//349 343//343
f 344//344 351//351 352//352
f 344//344 352//352 345//345
f 346//346 353//353 354//354
f 346//346 354//354 347//347
f 350//350 356//356 357//357
f 350//350 357//357 351//351
f 351//351 357//357 358//358
f 351//351 358//358 352//352
f 353//353 359//359 360//360
f 353//353 360//360 354//354
f 354//354 360//360 361//361
f 354//354 361//361 355//355
f 356//356 362//362 363//363
f 356//356 363//363 357//357
f 360//360 364//364 365//365
f 360//360 365//365 361//361
f 193//193 194//194 367//367
f 193//193 367//367 366//366
f 194//194 195//195 368//368
f 194//194 368//368 367//367
f 195//195 196//196 369//369
f 195//195 369//369 368//368
f 197//197 198//198 371//371
f 197//197 371//371 370//370
f 193//193 366//366 374//374
f 193//193 374//374 202//202
f 202//202 374//374 375//375
f 202//202 375//375 203//203
f 366//366 367//367 375//375
f 366//366 375//375 374//374
f 203//203 375//375 376//376
f 203//203 376//376 204//204
f 367//367 368//368 376//376
f 367//367 376//376 375//375
f 196//196 205//205 377//377
f 196//196 377//377 369//369
f 368//368 369//369 377//377
f 368//368 377//377 376//376
f 197//197 370//370 379//379
f 197//197 379//379 207//207
f 206//206 207//207 379//379
f 206//206 379//379 378//378
f 198//198 208//208 380//380
f 198//198 380//380 371//371
f 370//370 371//371 380//380
f 370//370 380//380 379//379
f 372//372 384//384 385//385
f 372//372 385//385 373//373
f 373//373 385//385 386//386
f 373//373 386//386 374//374
f 204//204 376//376 388//388
f 204//204 388//388 214//214
f 213//213 214//214 388//388
f 213//213 388//388 387//387
f 205//205 215//215 389//389
f 205//205 389//389 377//377
f 214//214 388//388 389//389
f 214//214 389//389 215//215
f 376//376 377//377 389//389
f 376//376 389//389 388//388
f 206//206 378//378 392//392
f 206//206 392//392 216//216
f 378//378 379//379 393//393
f 378//378 393//393 392//392
f 208//208 218//218 394//394
f 208//208 394//394 380//380
f 379//379 380//380 394//394
f 379//379 394//394 393//393
f 381//381 395//395 396//396
f 381//381 396//396 382//382
f 382//382 396//396 397//397
f 382//382 397//397 383//383
f 213//213 387//387 399//399
f 213//213 399//399 223//223
f 222//222 223//223 399//399
f 222//222 399//399 398//398
f 214//214 224//224 400//400
f 214//214 400//400 388//388
f 223//223 399//399 400//400
f 223//223 400//400 224//224
f 387//387 388//388 400//400
f 387//387 400//400 399//399
f 225//225 226//226 402//402
f 225//225 402//402 401//401
f 389//389 401//401 402//402
f 389//389 402//402 390//390
f 226//226 227//227 403//403
f 226//226 403//403 402//402
f 390//390 402//402 403//403
f 390//390 403//403 391//391
f 216//216 392//392 404//404
f 216//216 404//404 228//228
f 227//227 228//228 404//404
f 227//227 404//404 403//403
f 391//391 403//403 404//404
f 391//391 404//404 392//392
f 228//228 404//404 405//405
f 228//228 405//405 229//229
f 392//392 393//393 405//405
f 392//392 405//405 404//404
f 218//218 230//230 406//406
f 218//218 406//406 394//394
f 229//229 405//405 406//406
f 229//229 406//406 230//230
f 393//393 394//394 406//406
f 393//393 406//406 405//405
f 230//230 231//231 407//407
f 230//230 407//407 406//406
f 222//222 398//398 408//408
f 222//222 408//408 234//234
f 223//223 235//235 409//409
f 223//223 409//409 399//399
f 234//234 408//408 409//409
f 234//234 409//409 235//235
f 398//398 399//399 409//409
f 398//398 409//409 408//408
f 225//225 401//401 411//411
f 225//225 411//411 236//236
f 400//400 410//410 411//411
f 400//400 411//411 401//401
f 228//228 239//239 412//412
f 228//228 412//412 404//404
f 404//404 412//412 413//413
f 404//404 413//413 405//405
f 230//230 406//406 414//414
f 230//230 414//414 240//240
f 231//231 241//241 415//415
f 231//231 415//415 407//407
f 240//240 414//414 415//415
f 240//240 415//415 241//241
f 406//406 407//407 415//415
f 406//406 415//415 414//414
f 236//236 411//411 417//417
f 236//236 417//417 243//243
f 410//410 416//416 417//417
f 410//410 417//417 411//411
f 239//239 246//246 418//418
f 239//239 418//418 412//412
f 412//412 418//418 419//419
f 412//412 419//419 413//413
f 243//243 417//417 421//421
f 243//243 421//421 247//247
f 416//416 420//420 421//421
f 416//416 421//421 417//417
f 247//247 421//421 422//422
f 247//247 422//422 248//248
f 246//246 250//250 424//424
f 246//246 424//424 418//418
f 249//249 423//423 424//424
f 249//249 424//424 250//250
f 418//418 424//424 425//425
f 418//418 425//425 419//419
f 248//248 422//422 427//427
f 248//248 427//427 251//251
f 421//421 426//426 427//427
f 421//421 427//427 422//422
f 249//249 252//252 428//428
f 249//249 428//428 423//423
f 251//251 427//427 428//428
f 251//251 428//428 252//252
f 423//423 428//428 429//429
f 423//423 429//429 424//424
f 430//430 436//436 437//437
f 430//430 437//437 431//431
f 431//431 437//437 438//438
f 431//431 438//438 432//432
f 433//433 439//439 440//440
f 433//433 440//440 434//434
f 434//434 440//440 441//441
f 434//434 441//441 435//435
f 436//436 442//442 443//443
f 436//436 443//443 437//437
f 437//437 443//443 444//444
f 437//437 444//444 438//438
f 439//439 445//445 446//446
f 439//439 446//446 440//440
f 440//440 446//446 447//447
f 440//440 447//447 441//441
f 442//442 448//448 449//449
f 442//442 449//449 443//443
f 443//443 449//449 450//450
f 443//443 450//450 444//444
f 445//445 451//451 452//452
f 445//445 452//452 446//446
f 446//446 452//452 453//453
f 446//446 453//453 447//447
f 454//454 460//460 461//461
f 454//454 461//461 455//455
f 455//455 461//461 462//462
f 455//455 462//462 456//456
f 457//457 463//463 464//464
f 457//457 464//464 458//458
f 458//458 464//464 465//465
f 458//458 465//465 459//459
f 460//460 466//466 467//467
f 460//460 467//467 461//461
f 461//461 467//467 468//468
f 461//461 468//468 462//462
f 463//463 469//469 470//470
f 463//463 470//470 464//464
f 464//464 470//470 471//471
f 464//464 471//471 465//465
f 466//466 472//472 473//473
f 466//466 473//473 467//467
f 467//467 473//473 474//474
f 467//467 474//474 468//468
f 469//469 475//475 476//476
f 469//469 476//476 470//470
f 470//470 476//476 477//477
f 470//470 477//477 471//471
f 253//253 254//254 480//480
f 253//253 480//480 479//479
f 472//472 479//479 480//480
f 472//472 480//480 473//473
f 473//473 480//480 481//481
f 473//473 481//481 474//474
f 475//475 482//482 483//483
f 475//475 483//483 476//476
f 255//255 256//256 484//484
f 255//255 484//484 483//483
f 476//476 483//483 484//484
f 476//476 484//484 477//477
f 253//253 479//479 487//487
f 253//253 487//487 257//257
f 478//478 486//486 487//487
f 478//478 487//487 479//479
f 254//254 258//258 488//488
f 254//254 488//488 480//480
f 258//258 259//259 489//489
f 258//258 489//489 488//488
f 480//480 488//488 489//489
f 480//480 489//489 481//481
f 255//255 483//483 491//491
f 255//255 491//491 261//261
f 260//260 261//261 491//491
f 260//260 491//491 490//490
f 482//482 490//490 491//491
f 482//482 491//491 483//483
f 256//256 262//262 492//492
f 256//256 492//492 484//484
f 484//484 492//492 493//493
f 484//484 493//493 485//485
f 257//257 487//487 495//495
f 257//257 495//495 264//264
f 263//263 264//264 495//495
f 263//263 495//495 494//494
f 486//486 494//494 495//495
f 486//486 495//495 487//487
f 259//259 266//266 496//496
f 259//259 496//496 489//489
f 260//260 490//490 497//497
f 260//260 497//497 267//267
f 262//262 269//269 498//498
f 262//262 498//498 492//492
f 269//269 270//270 499//499
f 269//269 499//499 498//498
f 492//492 498//498 499//499
f 492//492 499//499 493//493
f 263//263 494//494 500//500
f 263//263 500//500 271//271
f 266//266 274//274 501//501
f 266//266 501//501 496//496
f 267//267 497//497 502//502
f 267//267 502//502 275//275
f 270//270 278//278 503//503
f 270//270 503//503 499//499
f 271//271 500//500 504//504
f 271//271 504//504 279//279
f 274//274 282//282 505//505
f 274//274 505//505 501//501
f 275//275 502//502 506//506
f 275//275 506//506 283//283
f 278//278 286//286 507//507
f 278//278 507//507 503//503
f 279//279 504//504 508//508
f 279//279 508//508 287//287
f 282//282 290//290 509//509
f 282//282 509//509 505//505
f 283//283 506//506 510//510
f 283//283 510//510 291//291
f 286//286 294//294 511//511
f 286//286 511//511 507//507
f 287//287 508//508 512//512
f 287//287 512//512 295//295
f 295//295 512//512 513//513
f 295//295 513//513 296//296
f 290//290 298//298 514//514
f 290//290 514//514 509//509
f 291//291 510//510 515//515
f 291//291 515//515 299//299
f 294//294 302//302 517//517
f 294//294 517//517 511//511
f 301//301 516//516 517//517
f 301//301 517//517 302//302
f 296//296 513//513 519//519
f 296//296 519//519 303//303
f 512//512 518//518 519//519
f 512//512 519//519 513//513
f 298//298 305//305 521//521
f 298//298 521//521 514//514
f 304//304 520//520 521//521
f 304//304 521//521 305//305
f 299//299 515//515 522//522
f 299//299 522//522 306//306
f 306//306 522//522 523//523
f 306//306 523//523 307//307
f 301//301 308//308 524//524
f 301//301 524//524 516//516
f 516//516 524//524 525//525
f 516//516 525//525 517//517
f 303//303 519//519 526//526
f 303//303 526//526 309//309
f 304//304 310//310 527//527
f 304//304 527//527 520//520
f 309//309 526//526 527//527
f 309//309 527//527 310//310
f 520//520 527//527 528//528
f 520//520 528//528 521//521
f 307//307 523//523 530//530
f 307//307 530//530 311//311
f 522//522 529//529 530//530
f 522//522 530//530 523//523
f 308//308 312//312 531//531
f 308//308 531//531 524//524
f 311//311 530//530 531//531
f 311//311 531//531 312//312
f 526//526 532//532 533//533
f 526//526 533//533 527//527
f 527//527 533//533 534//534
f 527//527 534//534 528//528
f 529//529 535//535 536//536
f 529//529 536//536 530//530
f 530//530 536//536 537//537
f 530//530 537//537 531//531
f 532//532 538//538 539//539
f 532//532 539//539 533//533
f 536//536 540//540 541//541
f 536//536 541//541 537//537
f 538//538 542//542 543//543
f 538//538 543//543 539//539
f 540//540 544//544 545//545
f 540//540 545//545 541//541
f 542//542 546//546 547//547
f 542//542 547//547 543//543
f 544//544 548//548 549//549
f 544//544 549//549 545//545
f 546//546 551//551 552//552
f 546//546 552//552 547//547
f 548//548 553//553 554//554
f 548//548 554//554 549//549
f 550//550 556//556 557//557
f 550//550 557//557 551//551
f 551//551 557//557 558//558
f 551//551 558//558 552//552
f 553//553 561//561 562//562
f 553//553 562//562 554//554
f 554//554 562//562 563//563
f 554//554 563//563 555//555
f 556//556 564//564 565//565
f 556//556 565//565 557//557
f 557//557 565//565 566//566
f 557//557 566//566 558//558
f 558//558 566//566 567//567
f 558//558 567//567 559//559
f 560//560 568//568 569//569
f 560//560 569//569 561//561
f 561//561 569//569 570//570
f 561//561 570//570 562//562
f 562//562 570//570 571//571
f 562//562 571//571 563//563
f 564//564 572//572 573//573
f 564//564 573//573 565//565
f 565//565 573//573 574//574
f 565//565 574//574 566//566
f 566//566 574//574 575//575
f 566//566 575//575 567//567
f 568//568 576//576 577//577
f 568//568 577//577 569//569
f 569//569 577//577 578//578
f 569//569 578//578 570//570
f 570//570 578//578 579//579
f 570//570 579//579 571//571
f 572//572 581//581 582//582
f 572//572 582//582 573//573
f 573//573 582//582 583//583
f 573//573 583//583 574//574
f 574//574 583//583 584//584
f 574//574 584//584 575//575
f 576//576 585//585 586//586
f 576//576 586//586 577//577
f 577//577 586//586 587//587
f 577//577 587//587 578//578
f 578//578 587//587 588//588
f 578//578 588//588 579//579
f 580//580 590//590 591//591
f 580//580 591//591 581//581
f 581//581 591//591 592//592
f 581//581 592//592 582//582
f 582//582 592//592 593//593
f 582//582 593//593 583//583
f 586//586 594//594 595//595
f 586//586 595//595 587//587
f 587//587 595//595 596//596
f 587//587 596//596 588//588
f 588//588 596//596 597//597
f 588//588 597//597 589//589
f 590//590 598//598 599//599
f 590//590 599//599 591//591
f 591//591 599//599 600//600
f 591//591 600//600 592//592
f 592//592 600//600 601//601
f 592//592 601//601 593//593
f 594//594 602//602 603//603
f 594//594 603//603 595//595
f 595//595 603//603 604//604
f 595//595 604//604 596//596
f 596//596 604//604 605//605
f 596//596 605//605 597//597
f 598//598 606//606 607//607
f 598//598 607//607 599//599
f 599//599 607//607 608//608
f 599//599 608//608 600//600
f 600//600 608//608 609//609
f 600//600 609//609 601//601
f 602//602 610//610 611//611
f 602//602 611//611 603//603
f 603//603 611//611 612//612
f 603//603 612//612 604//604
f 604//604 612//612 613//613
f 604//604 613//613 605//605
f 606//606 614//614 615//615
f 606//606 615//615 607//607
f 607//607 615//615 616//616
f 607//607 616//616 608//608
f 608//608 616//616 617//617
f 608//608 617//617 609//609
f 610//610 618//618 619//619
f 610//610 619//619 611//611
f 611//611 619//619 620//620
f 611//611 620//620 612//612
f 612//612 620//620 621//621
f 612//612 621//621 613//613
f 614//614 622//622 623//623
f 614//614 623//623 615//615
f 615//615 623//623 624//624
f 615//615 624//624 616//616
f 616//616 624//624 625//625
f 616//616 625//625 617//617
f 618//618 626//626 627//627
f 618//618 627//627 619//619
f 619//619 627//627 628//628
f 619//619 628//628 620//620
f 620//620 628//628 629//629
f 620//620 629//629 621//621
f 623//623 630//630 631//631
f 623//623 631//631 624//624
f 313//313 314//314 632//632
f 313//313 632//632 631//631
f 624//624 631//631 632//632
f 624//624 632//632 625//625
f 315//315 316//316 636//636
f 315//315 636//636 635//635
f 626//626 635//635 636//636
f 626//626 636//636 627//627
f 627//627 636//636 637//637
f 627//627 637//637 628//628
f 313//313 631//631 639//639
f 313//313 639//639 318//318
f 317//317 318//318 639//639
f 317//317 639//639 638//638
f 630//630 638//638 639//639
f 630//630 639//639 631//631
f 314//314 319//319 640//640
f 314//314 640//640 632//632
f 319//319 320//320 641//641
f 319//319 641//641 640//640
f 632//632 640//640 641//641
f 632//632 641//641 633//633
f 633//633 641//641 642//642
f 633//633 642//642 634//634
f 315//315 635//635 643//643
f 315//315 643//643 322//322
f 321//321 322//322 643//643
f 321//321 643//643 642//642
f 634//634 642//642 643//643
f 634//634 643//643 635//635
f 316//316 323//323 644//644
f 316//316 644//644 636//636
f 323//323 324//324 645//645
f 323//323 645//645 644//644
f 636//636 644//644 645//645
f 636//636 645//645 637//637
f 317//317 638//638 646//646
f 317//317 646//646 325//325
f 325//325 646//646 647//647
f 325//325 647//647 326//326
f 320//320 328//328 648//648
f 320//320 648//648 641//641
f 321//321 642//642 649//649
f 321//321 649//649 329//329
f 641//641 648//648 649//649
f 641//641 649//649 642//642
f 324//324 332//332 651//651
f 324//324 651//651 645//645
f 331//331 650//650 651//651
f 331//331 651//651 332//332
f 326//326 647//647 653//653
f 326//326 653//653 333//333
f 646//646 652//652 653//653
f 646//646 653//653 647//647
f 333//333 653//653 654//654
f 333//333 654//654 334//334
f 328//328 335//335 655//655
f 328//328 655//655 648//648
f 334//334 654//654 655//655
f 334//334 655//655 335//335
f 329//329 649//649 656//656
f 329//329 656//656 336//336
f 648//648 655//655 656//656
f 648//648 656//656 649//649
f 336//336 656//656 657//657
f 336//336 657//657 337//337
f 331//331 338//338 658//658
f 331//331 658//658 650//650
f 337//337 657//657 658//658
f 337//337 658//658 338//338
f 650//650 658//658 659//659
f 650//650 659//659 651//651
f 653//653 660//660 661//661
f 653//653 661//661 654//654
f 654//654 661//661 662//662
f 654//654 662//662 655//655
f 655//655 662//662 663//663
f 655//655 663//663 656//656
f 656//656 663//663 664//664
f 656//656 664//664 657//657
f 657//657 664//664 665//665
f 657//657 665//665 658//658
f 666//666 676//676 677//677
f 666//666 677//677 667//667
f 339//339 340//340 678//678
f 339//339 678//678 677//677
f 668//668 680//680 681//681
f 668//668 681//681 669//669
f 669//669 681//681 682//682
f 669//669 682//682 670//670
f 670//670 682//682 683//683
f 670//670 683//683 671//671
f 671//671 683//683 684//684
f 671//671 684//684 672//672
f 672//672 684//684 685//685
f 672//672 685//685 673//673
f 674//674 688//688 689//689
f 674//674 689//689 675//675
f 339//339 677//677 691//691
f 339//339 691//691 341//341
f 676//676 690//690 691//691
f 676//676 691//691 677//677
f 340//340 342//342 692//692
f 340//340 692//692 678//678
f 341//341 691//691 692//692
f 341//341 692//692 342//342
f 342//342 343//343 693//693
f 342//342 693//693 692//692
f 679//679 704//704 705//705
f 679//679 705//705 680//680
f 680//680 705//705 706//706
f 680//680 706//706 681//681
f 344//344 345//345 707//707
f 344//344 707//707 706//706
f 681//681 706//706 707//707
f 681//681 707//707 682//682
f 682//682 707//707 708//708
f 682//682 708//708 683//683
f 346//346 347//347 709//709
f 346//346 709//709 708//708
f 683//683 708//708 709//709
f 683//683 709//709 684//684
f 684//684 709//709 710//710
f 684//684 710//710 685//685
f 685//685 710//710 711//711
f 685//685 711//711 686//686
f 687//687 721//721 722//722
f 687//687 722//722 688//688
f 342//342 692//692 723//723
f 342//342 723//723 348//348
f 343//343 349//349 724//724
f 343//343 724//724 693//693
f 348//348 723//723 724//724
f 348//348 724//724 349//349
f 692//692 693//693 724//724
f 692//692 724//724 723//723
f 693//693 724//724 725//725
f 693//693 725//725 694//694
f 695//695 726//726 727//727
f 695//695 727//727 696//696
f 696//696 727//727 728//728
f 696//696 728//728 697//697
f 697//697 728//728 729//729
f 697//697 729//729 698//698
f 698//698 729//729 730//730
f 698//698 730//730 699//699
f 699//699 730//730 731//731
f 699//699 731//731 700//700
f 700//700 731//731 732//732
f 700//700 732//732 701//701
f 701//701 732//732 733//733
f 701//701 733//733 702//702
f 702//702 733//733 734//734
f 702//702 734//734 703//703
f 704//704 736//736 737//737
f 704//704 737//737 705//705
f 344//344 706//706 738//738
f 344//344 738//738 351//351
f 350//350 351//351 738//738
f 350//350 738//738 737//737
f 705//705 737//737 738//738
f 705//705 738//738 706//706
f 345//345 352//352 739//739
f 345//345 739//739 707//707
f 346//346 708//708 740//740
f 346//346 740//740 353//353
f 707//707 739//739 740//740
f 707//707 740//740 708//708
f 347//347 354//354 741//741
f 347//347 741//741 709//709
f 354//354 355//355 742//742
f 354//354 742//742 741//741
f 709//709 741//741 742//742
f 709//709 742//742 710//710
f 710//710 742//742 743//743
f 710//710 743//743 711//711
f 712//712 745//745 746//746
f 712//712 746//746 713//713
f 713//713 746//746 747//747
f 713//713 747//747 714//714
f 714//714 747//747 748//748
f 714//714 748//748 715//715
f 715//715 748//748 749//749
f 715//715 749//749 716//716
f 716//716 749//749 750//750
f 716//716 750//750 717//717
f 717//717 750//750 751//751
f 717//717 751//751 718//718
f 718//718 751//751 752//752
f 718//718 752//752 719//719
f 719//719 752//752 753//753
f 719//719 753//753 720//720
f 726//726 754//754 755//755
f 726//726 755//755 727//727
f 727//727 755//755 756//756
f 727//727 756//756 728//728
f 728//728 756//756 757//757
f 728//728 757//757 729//729
f 729//729 757//757 758//758
f 729//729 758//758 730//730
f 730//730 758//758 759//759
f 730//730 759//759 731//731
f 731//731 759//759 760//760
f 731//731 760//760 732//732
f 732//732 760//760 761//761
f 732//732 761//761 733//733
f 733//733 761//761 762//762
f 733//733 762//762 734//734
f 734//734 762//762 763//763
f 734//734 763//763 735//735
f 735//735 763//763 764//764
f 735//735 764//764 736//736
f 350//350 737//737 765//765
f 350//350 765//765 356//356
f 736//736 764//764 765//765
f 736//736 765//765 737//737
f 352//352 358//358 767//767
f 352//352 767//767 739//739
f 357//357 766//766 767//767
f 357//357 767//767 358//358
f 353//353 740//740 768//768
f 353//353 768//768 359//359
f 739//739 767//767 768//768
f 739//739 768//768 740//740
f 359//359 768//768 769//769
f 359//359 769//769 360//360
f 355//355 361//361 770//770
f 355//355 770//770 742//742
f 742//742 770//770 771//771
f 742//742 771//771 743//743
f 743//743 771//771 772//772
f 743//743 772//772 744//744
f 744//744 772//772 773//773
f 744//744 773//773 745//745
f 745//745 773//773 774//774
f 745//745 774//774 746//746
f 746//746 774//774 775//775
f 746//746 775//775 747//747
f 747//747 775//775 776//776
f 747//747 776//776 748//748
f 748//748 776//776 777//777
f 748//748 777//777 749//749
f 749//749 777//777 778//778
f 749//749 778//778 750//750
f 750//750 778//778 779//779
f 750//750 779//779 751//751
f 751//751 779//779 780//780
f 751//751 780//780 752//752
f 752//752 780//780 781//781
f 752//752 781//781 753//753
f 762//762 782//782 783//783
f 762//762 783//783 763//763
f 763//763 783//783 784//784
f 763//763 784//784 764//764
f 356//356 765//765 785//785
f 356//356 785//785 362//362
f 764//764 784//784 785//785
f 764//764 785//785 765//765
f 357//357 363//363 786//786
f 357//357 786//786 766//766
f 362//362 785//785 786//786
f 362//362 786//786 363//363
f 766//766 786//786 787//787
f 766//766 787//787 767//767
f 767//767 787//787 788//788
f 767//767 788//788 768//768
f 360//360 769//769 789//789
f 360//360 789//789 364//364
f 768//768 788//788 789//789
f 768//768 789//789 769//769
f 361//361 365//365 790//790
f 361//361 790//790 770//770
f 364//364 789//789 790//790
f 364//364 790//790 365//365
f 770//770 790//790 791//791
f 770//770 791//791 771//771
f 771//771 791//791 792//792
f 771//771 792//792 772//772
f 772//772 792//792 793//793
f 772//772 793//793 773//773
f 786//786 794//794 795//795
f 786//786 795//795 787//787
f 787//787 795//795 796//796
f 787//787 796//796 788//788
f 788//788 796//796 797//797
f 788//788 797//797 789//789
f 794//794 798//798 799//799
f 794//794 799//799 795//795
f 795//795 799//799 800//800
f 795//795 800//800 796//796
f 796//796 800//800 801//801
f 796//796 801//801 797//797
f 372//372 373//373 805//805
f 372//372 805//805 804//804
f 373//373 374//374 806//806
f 373//373 806//806 805//805
f 799//799 809//809 810//810
f 799//799 810//810 800//800
f 802//802 812//812 813//813
f 802//802 813//813 803//803
f 381//381 382//382 814//814
f 381//381 814//814 813//813
f 382//382 383//383 815//815
f 382//382 815//815 814//814
f 372//372 804//804 816//816
f 372//372 816//816 384//384
f 384//384 816//816 817//817
f 384//384 817//817 385//385
f 804//804 805//805 817//817
f 804//804 817//817 816//816
f 374//374 386//386 818//818
f 374//374 818//818 806//806
f 385//385 817//817 818//818
f 385//385 818//818 386//386
f 805//805 806//806 818//818
f 805//805 818//818 817//817
f 806//806 818//818 819//819
f 806//806 819//819 807//807
f 389//389 390//390 822//822
f 389//389 822//822 821//821
f 808//808 821//821 822//822
f 808//808 822//822 809//809
f 390//390 391//391 823//823
f 390//390 823//823 822//822
f 809//809 822//822 823//823
f 809//809 823//823 810//810
f 391//391 392//392 824//824
f 391//391 824//824 823//823
f 810//810 823//823 824//824
f 810//810 824//824 811//811
f 381//381 813//813 827//827
f 381//381 827//827 395//395
f 812//812 826//826 827//827
f 812//812 827//827 813//813
f 395//395 827//827 828//828
f 395//395 828//828 396//396
f 813//813 814//814 828//828
f 813//813 828//828 827//827
f 383//383 397//397 829//829
f 383//383 829//829 815//815
f 396//396 828//828 829//829
f 396//396 829//829 397//397
f 814//814 815//815 829//829
f 814//814 829//829 828//828
f 389//389 821//821 833//833
f 389//389 833//833 401//401
f 400//400 401//401 833//833
f 400//400 833//833 832//832
f 820//820 832//832 833//833
f 820//820 833//833 821//821
f 392//392 404//404 834//834
f 392//392 834//834 824//824
f 404//404 405//405 835//835
f 404//404 835//835 834//834
f 824//824 834//834 835//835
f 824//824 835//835 825//825
f 830//830 838//838 839//839
f 830//830 839//839 831//831
f 400//400 832//832 840//840
f 400//400 840//840 410//410
f 405//405 413//413 841//841
f 405//405 841//841 835//835
f 836//836 842//842 843//843
f 836//836 843//843 837//837
f 410//410 840//840 845//845
f 410//410 845//845 416//416
f 839//839 844//844 845//845
f 839//839 845//845 840//840
f 413//413 419//419 846//846
f 413//413 846//846 841//841
f 841//841 846//846 847//847
f 841//841 847//847 842//842
f 416//416 845//845 848//848
f 416//416 848//848 420//420
f 420//420 848//848 849//849
f 420//420 849//849 421//421
f 419//419 425//425 851//851
f 419//419 851//851 846//846
f 424//424 850//850 851//851
f 424//424 851//851 425//425
f 421//421 849//849 853//853
f 421//421 853//853 426//426
f 848//848 852//852 853//853
f 848//848 853//853 849//849
f 426//426 853//853 854//854
f 426//426 854//854 427//427
f 427//427 854//854 855//855
f 427//427 855//855 428//428
f 424//424 429//429 856//856
f 424//424 856//856 850//850
f 428//428 855//855 856//856
f 428//428 856//856 429//429
f 850//850 856//856 857//857
f 850//850 857//857 851//851
f 853//853 858//858 859//859
f 853//853 859//859 854//854
f 854//854 859//859 860//860
f 854//854 860//860 855//855
f 855//855 860//860 861//861
f 855//855 861//861 856//856
f 430//430 431//431 863//863
f 430//430 863//863 862//862
f 431//431 432//432 864//864
f 431//431 864//864 863//863
f 433//433 434//434 866//866
f 433//433 866//866 865//865
f 434//434 435//435 867//867
f 434//434 867//867 866//866
f 430//430 862//862 868//868
f 430//430 868//868 436//436
f 432//432 438//438 870//870
f 432//432 870//870 864//864
f 863//863 864//864 870//870
f 863//863 870//870 869//869
f 433//433 865//865 871//871
f 433//433 871//871 439//439
f 865//865 866//866 872//872
f 865//865 872//872 871//871
f 435//435 441//441 873//873
f 435//435 873//873 867//867
f 436//436 868//868 874//874
f 436//436 874//874 442//442
f 438//438 444//444 875//875
f 438//438 875//875 870//870
f 439//439 871//871 876//876
f 439//439 876//876 445//445
f 441//441 447//447 877//877
f 441//441 877//877 873//873
f 442//442 874//874 878//878
f 442//442 878//878 448//448
f 448//448 878//878 879//879
f 448//448 879//879 449//449
f 444//444 450//450 880//880
f 444//444 880//880 875//875
f 449//449 879//879 880//880
f 449//449 880//880 450//450
f 445//445 876//876 881//881
f 445//445 881//881 451//451
f 451//451 881//881 882//882
f 451//451 882//882 452//452
f 447//447 453//453 883//883
f 447//447 883//883 877//877
f 452//452 882//882 883//883
f 452//452 883//883 453//453
f 454//454 455//455 885//885
f 454//454 885//885 884//884
f 878//878 884//884 885//885
f 878//878 885//885 879//879
f 455//455 456//456 886//886
f 455//455 886//886 885//885
f 879//879 885//885 886//886
f 879//879 886//886 880//880
f 457//457 458//458 888//888
f 457//457 888//888 887//887
f 881//881 887//887 888//888
f 881//881 888//888 882//882
f 458//458 459//459 889//889
f 458//458 889//889 888//888
f 882//882 888//888 889//889
f 882//882 889//889 883//883
f 454//454 884//884 890//890
f 454//454 890//890 460//460
f 456//456 462//462 891//891
f 456//456 891//891 886//886
f 457//457 887//887 892//892
f 457//457 892//892 463//463
f 459//459 465//465 893//893
f 459//459 893//893 889//889
f 460//460 890//890 894//894
f 460//460 894//894 466//466
f 462//462 468//468 895//895
f 462//462 895//895 891//891
f 463//463 892//892 896//896
f 463//463 896//896 469//469
f 465//465 471//471 897//897
f 465//465 897//897 893//893
f 466//466 894//894 898//898
f 466//466 898//898 472//472
f 468//468 474//474 899//899
f 468//468 899//899 895//895
f 469//469 896//896 900//900
f 469//469 900//900 475//475
f 471//471 477//477 901//901
f 471//471 901//901 897//897
f 472//472 898//898 903//903
f 472//472 903//903 479//479
f 478//478 479//479 903//903
f 478//478 903//903 902//902
f 474//474 481//481 904//904
f 474//474 904//904 899//899
f 475//475 900//900 905//905
f 475//475 905//905 482//482
f 477//477 484//484 906//906
f 477//477 906//906 901//901
f 484//484 485//485 907//907
f 484//484 907//907 906//906
f 478//478 902//902 908//908
f 478//478 908//908 486//486
f 902//902 903//903 909//909
f 902//902 909//909 908//908
f 481//481 489//489 910//910
f 481//481 910//910 904//904
f 482//482 905//905 911//911
f 482//482 911//911 490//490
f 485//485 493//493 913//913
f 485//485 913//913 907//907
f 906//906 907//907 913//913
f 906//906 913//913 912//912
f 486//486 908//908 914//914
f 486//486 914//914 494//494
f 908//908 909//909 915//915
f 908//908 915//915 914//914
f 489//489 496//496 916//916
f 489//489 916//916 910//910
f 490//490 911//911 917//917
f 490//490 917//917 497//497
f 493//493 499//499 919//919
f 493//493 919//919 913//913
f 912//912 913//913 919//919
f 912//912 919//919 918//918
f 494//494 914//914 920//920
f 494//494 920//920 500//500
f 496//496 501//501 921//921
f 496//496 921//921 916//916
f 497//497 917//917 922//922
f 497//497 922//922 502//502
f 499//499 503//503 923//923
f 499//499 923//923 919//919
f 500//500 920//920 924//924
f 500//500 924//924 504//504
f 501//501 505//505 925//925
f 501//501 925//925 921//921
f 502//502 922//922 926//926
f 502//502 926//926 506//506
f 503//503 507//507 927//927
f 503//503 927//927 923//923
f 504//504 924//924 928//928
f 504//504 928//928 508//508
f 505//505 509//509 929//929
f 505//505 929//929 925//925
f 506//506 926//926 930//930
f 506//506 930//930 510//510
f 507//507 511//511 931//931
f 507//507 931//931 927//927
f 508//508 928//928 932//932
f 508//508 932//932 512//512
f 509//509 514//514 934//934
f 509//509 934//934 929//929
f 510//510 930//930 935//935
f 510//510 935//935 515//515
f 511//511 517//517 937//937
f 511//511 937//937 931//931
f 512//512 932//932 938//938
f 512//512 938//938 518//518
f 518//518 938//938 939//939
f 518//518 939//939 519//519
f 932//932 933//933 939//939
f 932//932 939//939 938//938
f 514//514 521//521 940//940
f 514//514 940//940 934//934
f 515//515 935//935 941//941
f 515//515 941//941 522//522
f 517//517 525//525 943//943
f 517//517 943//943 937//937
f 524//524 942//942 943//943
f 524//524 943//943 525//525
f 936//936 937//937 943//943
f 936//936 943//943 942//942
f 519//519 939//939 944//944
f 519//519 944//944 526//526
f 521//521 528//528 945//945
f 521//521 945//945 940//940
f 522//522 941//941 946//946
f 522//522 946//946 529//529
f 524//524 531//531 947//947
f 524//524 947//947 942//942
f 526//526 944//944 948//948
f 526//526 948//948 532//532
f 528//528 534//534 950//950
f 528//528 950//950 945//945
f 533//533 949//949 950//950
f 533//533 950//950 534//534
f 529//529 946//946 951//951
f 529//529 951//951 535//535
f 535//535 951//951 952//952
f 535//535 952//952 536//536
f 531//531 537//537 953//953
f 531//531 953//953 947//947
f 532//532 948//948 954//954
f 532//532 954//954 538//538
f 533//533 539//539 955//955
f 533//533 955//955 949//949
f 949//949 955//955 956//956
f 949//949 956//956 950//950
f 536//536 952//952 958//958
f 536//536 958//958 540//540
f 951//951 957//957 958//958
f 951//951 958//958 952//952
f 537//537 541//541 959//959
f 537//537 959//959 953//953
f 538//538 954//954 961//961
f 538//538 961//961 542//542
f 539//539 543//543 962//962
f 539//539 962//962 955//955
f 955//955 962//962 963//963
f 955//955 963//963 956//956
f 540//540 958//958 965//965
f 540//540 965//965 544//544
f 957//957 964//964 965//965
f 957//957 965//965 958//958
f 541//541 545//545 966//966
f 541//541 966//966 959//959
f 542//542 961//961 969//969
f 542//542 969//969 546//546
f 960//960 968//968 969//969
f 960//960 969//969 961//961
f 543//543 547//547 970//970
f 543//543 970//970 962//962
f 962//962 970//970 971//971
f 962//962 971//971 963//963
f 544//544 965//965 973//973
f 544//544 973//973 548//548
f 964//964 972//972 973//973
f 964//964 973//973 965//965
f 545//545 549//549 974//974
f 545//545 974//974 966//966
f 966//966 974//974 975//975
f 966//966 975//975 967//967
f 546//546 969//969 977//977
f 546//546 977//977 551//551
f 550//550 551//551 977//977
f 550//550 977//977 976//976
f 968//968 976//976 977//977
f 968//968 977//977 969//969
f 547//547 552//552 978//978
f 547//547 978//978 970//970
f 970//970 978//978 979//979
f 970//970 979//979 971//971
f 548//548 973//973 981//981
f 548//548 981//981 553//553
f 972//972 980//980 981//981
f 972//972 981//981 973//973
f 549//549 554//554 982//982
f 549//549 982//982 974//974
f 554//554 555//555 983//983
f 554//554 983//983 982//982
f 974//974 982//982 983//983
f 974//974 983//983 975//975
f 550//550 976//976 984//984
f 550//550 984//984 556//556
f 552//552 558//558 985//985
f 552//552 985//985 978//978
f 558//558 559//559 986//986
f 558//558 986//986 985//985
f 978//978 985//985 986//986
f 978//978 986//986 979//979
f 553//553 981//981 988//988
f 553//553 988//988 561//561
f 560//560 561//561 988//988
f 560//560 988//988 987//987
f 980//980 987//987 988//988
f 980//980 988//988 981//981
f 555//555 563//563 989//989
f 555//555 989//989 983//983
f 556//556 984//984 991//991
f 556//556 991//991 564//564
f 559//559 567//567 992//992
f 559//559 992//992 986//986
f 560//560 987//987 993//993
f 560//560 993//993 568//568
f 563//563 571//571 994//994
f 563//563 994//994 989//989
f 564//564 991//991 997//997
f 564//564 997//997 572//572
f 990//990 996//996 997//997
f 990//990 997//997 991//991
f 567//567 575//575 998//998
f 567//567 998//998 992//992
f 568//568 993//993 999//999
f 568//568 999//999 576//576
f 571//571 579//579 1000//1000
f 571//571 1000//1000 994//994
f 994//994 1000//1000 1001//1001
f 994//994 1001//1001 995//995
f 572//572 997//997 1003//1003
f 572//572 1003//1003 581//581
f 580//580 581//581 1003//1003
f 580//580 1003//1003 1002//1002
f 996//996 1002//1002 1003//1003
f 996//996 1003//1003 997//997
f 575//575 584//584 1005//1005
f 575//575 1005//1005 998//998
f 583//583 1004//1004 1005//1005
f 583//583 1005//1005 584//584
f 576//576 999//999 1006//1006
f 576//576 1006//1006 585//585
f 585//585 1006//1006 1007//1007
f 585//585 1007//1007 586//586
f 579//579 588//588 1008//1008
f 579//579 1008//1008 1000//1000
f 588//588 589//589 1009//1009
f 588//588 1009//1009 1008//1008
f 1000//1000 1008//1008 1009//1009
f 1000//1000 1009//1009 1001//1001
f 580//580 1002//1002 1010//1010
f 580//580 1010//1010 590//590
f 583//583 593//593 1011//1011
f 583//583 1011//1011 1004//1004
f 1004//1004 1011//1011 1012//1012
f 1004//1004 1012//1012 1005//1005
f 586//586 1007//1007 1014//1014
f 586//586 1014//1014 594//594
f 1006//1006 1013//1013 1014//1014
f 1006//1006 1014//1014 1007//1007
f 589//589 597//597 1015//1015
f 589//589 1015//1015 1009//1009
f 590//590 1010//1010 1016//1016
f 590//590 1016//1016 598//598
f 593//593 601//601 1017//1017
f 593//593 1017//1017 1011//1011
f 1011//1011 1017//1017 1018//1018
f 1011//1011 1018//1018 1012//1012
f 594//594 1014//1014 1020//1020
f 594//594 1020//1020 602//602
f 1013//1013 1019//1019 1020//1020
f 1013//1013 1020//1020 1014//1014
f 597//597 605//605 1021//1021
f 597//597 1021//1021 1015//1015
f 598//598 1016//1016 1022//1022
f 598//598 1022//1022 606//606
f 601//601 609//609 1023//1023
f 601//601 1023//1023 1017//1017
f 1017//1017 1023//1023 1024//1024
f 1017//1017 1024//1024 1018//1018
f 602//602 1020//1020 1026//1026
f 602//602 1026//1026 610//610
f 1019//1019 1025//1025 1026//1026
f 1019//1019 1026//1026 1020//1020
f 605//605 613//613 1027//1027
f 605//605 1027//1027 1021//1021
f 606//606 1022//1022 1028//1028
f 606//606 1028//1028 614//614
f 609//609 617//617 1029//1029
f 609//609 1029//1029 1023//1023
f 1023//1023 1029//1029 1030//1030
f 1023//1023 1030//1030 1024//1024
f 610//610 1026//1026 1032//1032
f 610//610 1032//1032 618//618
f 1025//1025 1031//1031 1032//1032
f 1025//1025 1032//1032 1026//1026
f 613//613 621//621 1033//1033
f 613//613 1033//1033 1027//1027
f 614//614 1028//1028 1034//1034
f 614//614 1034//1034 622//622
f 622//622 1034//1034 1035//1035
f 622//622 1035//1035 623//623
f 617//617 625//625 1036//1036
f 617//617 1036//1036 1029//1029
f 618//618 1032//1032 1037//1037
f 618//618 1037//1037 626//626
f 621//621 629//629 1039//1039
f 621//621 1039//1039 1033//1033
f 628//628 1038//1038 1039//1039
f 628//628 1039//1039 629//629
f 623//623 1035//1035 1041//1041
f 623//623 1041//1041 630//630
f 1034//1034 1040//1040 1041//1041
f 1034//1034 1041//1041 1035//1035
f 625//625 632//632 1042//1042
f 625//625 1042//1042 1036//1036
f 632//632 633//633 1043//1043
f 632//632 1043//1043 1042//1042
f 633//633 634//634 1044//1044
f 633//633 1044//1044 1043//1043
f 626//626 1037//1037 1045//1045
f 626//626 1045//1045 635//635
f 634//634 635//635 1045//1045
f 634//634 1045//1045 1044//1044
f 628//628 637//637 1046//1046
f 628//628 1046//1046 1038//1038
f 1038//1038 1046//1046 1047//1047
f 1038//1038 1047//1047 1039//1039
f 630//630 1041//1041 1049//1049
f 630//630 1049//1049 638//638
f 1040//1040 1048//1048 1049//1049
f 1040//1040 1049//1049 1041//1041
f 637//637 645//645 1050//1050
f 637//637 1050//1050 1046//1046
f 1046//1046 1050//1050 1051//1051
f 1046//1046 1051//1051 1047//1047
f 638//638 1049//1049 1053//1053
f 638//638 1053//1053 646//646
f 1048//1048 1052//1052 1053//1053
f 1048//1048 1053//1053 1049//1049
f 645//645 651//651 1054//1054
f 645//645 1054//1054 1050//1050
f 1050//1050 1054//1054 1055//1055
f 1050//1050 1055//1055 1051//1051
f 646//646 1053//1053 1057//1057
f 646//646 1057//1057 652//652
f 1052//1052 1056//1056 1057//1057
f 1052//1052 1057//1057 1053//1053
f 652//652 1057//1057 1058//1058
f 652//652 1058//1058 653//653
f 651//651 659//659 1060//1060
f 651//651 1060//1060 1054//1054
f 658//658 1059//1059 1060//1060
f 658//658 1060//1060 659//659
f 1054//1054 1060//1060 1061//1061
f 1054//1054 1061//1061 1055//1055
f 653//653 1058//1058 1063//1063
f 653//653 1063//1063 660//660
f 1057//1057 1062//1062 1063//1063
f 1057//1057 1063//1063 1058//1058
f 660//660 1063//1063 1064//1064
f 660//660 1064//1064 661//661
f 661//661 1064//1064 1065//1065
f 661//661 1065//1065 662//662
f 662//662 1065//1065 1066//1066
f 662//662 1066//1066 663//663
f 663//663 1066//1066 1067//1067
f 663//663 1067//1067 664//664
f 658//658 665//665 1068//1068
f 658//658 1068//1068 1059//1059
f 664//664 1067//1067 1068//1068
f 664//664 1068//1068 665//665
f 1059//1059 1068//1068 1069//1069
f 1059//1059 1069//1069 1060//1060
f 1063//1063 1070//1070 1071//1071
f 1063//1063 1071//1071 1064//1064
f 1064//1064 1071//1071 1072//1072
f 1064//1064 1072//1072 1065//1065
f 1065//1065 1072//1072 1073//1073
f 1065//1065 1073//1073 1066//1066
f 1066//1066 1073//1073 1074//1074
f 1066//1066 1074//1074 1067//1067
f 1067//1067 1074//1074 1075//1075
f 1067//1067 1075//1075 1068//1068
f 1076//1076 1081//1081 1082//1082
f 1076//1076 1082//1082 1077//1077
f 1078//1078 1083//1083 1084//1084
f 1078//1078 1084//1084 1079//1079
f 1080//1080 1087//1087 1088//1088
f 1080//1080 1088//1088 1081//1081
f 1081//1081 1088//1088 1089//1089
f 1081//1081 1089//1089 1082//1082
f 1082//1082 1089//1089 1090//1090
f 1082//1082 1090//1090 1083//1083
f 1083//1083 1090//1090 1091//1091
f 1083//1083 1091//1091 1084//1084
f 1084//1084 1091//1091 1092//1092
f 1084//1084 1092//1092 1085//1085
f 666//666 667//667 1095//1095
f 666//666 1095//1095 1094//1094
f 1086//1086 1096//1096 1097//1097
f 1086//1086 1097//1097 1087//1087
f 668//668 669//669 1098//1098
f 668//668 1098//1098 1097//1097
f 1087//1087 1097//1097 1098//1098
f 1087//1087 1098//1098 1088//1088
f 669//669 670//670 1099//1099
f 669//669 1099//1099 1098//1098
f 1088//1088 1098//1098 1099//1099
f 1088//1088 1099//1099 1089//1089
f 670//670 671//671 1100//1100
f 670//670 1100//1100 1099//1099
f 1089//1089 1099//1099 1100//1100
f 1089//1089 1100//1100 1090//1090
f 671//671 672//672 1101//1101
f 671//671 1101//1101 1100//1100
f 1090//1090 1100//1100 1101//1101
f 1090//1090 1101//1101 1091//1091
f 672//672 673//673 1102//1102
f 672//672 1102//1102 1101//1101
f 1091//1091 1101//1101 1102//1102
f 1091//1091 1102//1102 1092//1092
f 1092//1092 1102//1102 1103//1103
f 1092//1092 1103//1103 1093//1093
f 674//674 675//675 1105//1105
f 674//674 1105//1105 1104//1104
f 666//666 1094//1094 1106//1106
f 666//666 1106//1106 676//676
f 667//667 677//677 1107//1107
f 667//667 1107//1107 1095//1095
f 677//677 678//678 1108//1108
f 677//677 1108//1108 1107//1107
f 668//668 1097//1097 1110//1110
f 668//668 1110//1110 680//680
f 679//679 680//680 1110//1110
f 679//679 1110//1110 1109//1109
f 1096//1096 1109//1109 1110//1110
f 1096//1096 1110//1110 1097//1097
f 673//673 685//685 1111//1111
f 673//673 1111//1111 1102//1102
f 685//685 686//686 1112//1112
f 685//685 1112//1112 1111//1111
f 1102//1102 1111//1111 1112//1112
f 1102//1102 1112//1112 1103//1103
f 674//674 1104//1104 1114//1114
f 674//674 1114//1114 688//688
f 687//687 688//688 1114//1114
f 687//687 1114//1114 1113//1113
f 675//675 689//689 1115//1115
f 675//675 1115//1115 1105//1105
f 688//688 1114//1114 1115//1115
f 688//688 1115//1115 689//689
f 676//676 1106//1106 1116//1116
f 676//676 1116//1116 690//690
f 690//690 1116//1116 1117//1117
f 690//690 1117//1117 691//691
f 678//678 692//692 1118//1118
f 678//678 1118//1118 1108//1108
f 691//691 1117//1117 1118//1118
f 691//691 1118//1118 692//692
f 693//693 694//694 1120//1120
f 693//693 1120//1120 1119//1119
f 695//695 696//696 1125//1125
f 695//695 1125//1125 1124//1124
f 696//696 697//697 1126//1126
f 696//696 1126//1126 1125//1125
f 697//697 698//698 1127//1127
f 697//697 1127//1127 1126//1126
f 698//698 699//699 1128//1128
f 698//698 1128//1128 1127//1127
f 699//699 700//700 1129//1129
f 699//699 1129//1129 1128//1128
f 700//700 701//701 1130//1130
f 700//700 1130//1130 1129//1129
f 701//701 702//702 1131//1131
f 701//701 1131//1131 1130//1130
f 702//702 703//703 1132//1132
f 702//702 1132//1132 1131//1131
f 679//679 1109//1109 1133//1133
f 679//679 1133//1133 704//704
f 686//686 711//711 1134//1134
f 686//686 1134//1134 1112//1112
f 712//712 713//713 1136//1136
f 712//712 1136//1136 1135//1135
f 713//713 714//714 1137//1137
f 713//713 1137//1137 1136//1136
f 714//714 715//715 1138//1138
f 714//714 1138//1138 1137//1137
f 715//715 716//716 1139//1139
f 715//715 1139//1139 1138//1138
f 716//716 717//717 1140//1140
f 716//716 1140//1140 1139//1139
f 717//717 718//718 1141//1141
f 717//717 1141//1141 1140//1140
f 718//718 719//719 1142//1142
f 718//718 1142//1142 1141//1141
f 719//719 720//720 1143//1143
f 719//719 1143//1143 1142//1142
f 687//687 1113//1113 1147//1147
f 687//687 1147//1147 721//721
f 688//688 722//722 1148//1148
f 688//688 1148//1148 1114//1114
f 721//721 1147//1147 1148//1148
f 721//721 1148//1148 722//722
f 1113//1113 1114//1114 1148//1148
f 1113//1113 1148//1148 1147//1147
f 1114//1114 1148//1148 1149//1149
f 1114//1114 1149//1149 1115//1115
f 693//693 1119//1119 1150//1150
f 693//693 1150//1150 724//724
f 694//694 725//725 1151//1151
f 694//694 1151//1151 1120//1120
f 724//724 1150//1150 1151//1151
f 724//724 1151//1151 725//725
f 1119//1119 1120//1120 1151//1151
f 1119//1119 1151//1151 1150//1150
f 1121//1121 1152//1152 1153//1153
f 1121//1121 1153//1153 1122//1122
f 1122//1122 1153//1153 1154//1154
f 1122//1122 1154//1154 1123//1123
f 695//695 1124//1124 1155//1155
f 695//695 1155//1155 726//726
f 1123//1123 1154//1154 1155//1155
f 1123//1123 1155//1155 1124//1124
f 703//703 734//734 1156//1156
f 703//703 1156//1156 1132//1132
f 734//734 735//735 1157//1157
f 734//734 1157//1157 1156//1156
f 704//704 1133//1133 1158//1158
f 704//704 1158//1158 736//736
f 735//735 736//736 1158//1158
f 735//735 1158//1158 1157//1157
f 711//711 743//743 1159//1159
f 711//711 1159//1159 1134//1134
f 743//743 744//744 1160//1160
f 743//743 1160//1160 1159//1159
f 712//712 1135//1135 1161//1161
f 712//712 1161//1161 745//745
f 744//744 745//745 1161//1161
f 744//744 1161//1161 1160//1160
f 720//720 753//753 1162//1162
f 720//720 1162//1162 1143//1143
f 1143//1143 1162//1162 1163//1163
f 1143//1143 1163//1163 1144//1144
f 1144//1144 1163//1163 1164//1164
f 1144//1144 1164//1164 1145//1145
f 1145//1145 1164//1164 1165//1165
f 1145//1145 1165//1165 1146//1146
f 1152//1152 1166//1166 1167//1167
f 1152//1152 1167//1167 1153//1153
f 1153//1153 1167//1167 1168//1168
f 1153//1153 1168//1168 1154//1154
f 726//726 1155//1155 1169//1169
f 726//726 1169//1169 754//754
f 1154//1154 1168//1168 1169//1169
f 1154//1154 1169//1169 1155//1155
f 754//754 1169//1169 1170//1170
f 754//754 1170//1170 755//755
f 755//755 1170//1170 1171//1171
f 755//755 1171//1171 756//756
f 756//756 1171//1171 1172//1172
f 756//756 1172//1172 757//757
f 757//757 1172//1172 1173//1173
f 757//757 1173//1173 758//758
f 758//758 1173//1173 1174//1174
f 758//758 1174//1174 759//759
f 759//759 1174//1174 1175//1175
f 759//759 1175//1175 760//760
f 760//760 1175//1175 1176//1176
f 760//760 1176//1176 761//761
f 761//761 1176//1176 1177//1177
f 761//761 1177//1177 762//762
f 773//773 1178//1178 1179//1179
f 773//773 1179//1179 774//774
f 774//774 1179//1179 1180//1180
f 774//774 1180//1180 775//775
f 775//775 1180//1180 1181//1181
f 775//775 1181//1181 776//776
f 776//776 1181//1181 1182//1182
f 776//776 1182//1182 777//777
f 777//777 1182//1182 1183//1183
f 777//777 1183//1183 778//778
f 778//778 1183//1183 1184//1184
f 778//778 1184//1184 779//779
f 779//779 1184//1184 1185//1185
f 779//779 1185//1185 780//780
f 753//753 781//781 1186//1186
f 753//753 1186//1186 1162//1162
f 780//780 1185//1185 1186//1186
f 780//780 1186//1186 781//781
f 1162//1162 1186//1186 1187//1187
f 1162//1162 1187//1187 1163//1163
f 1163//1163 1187//1187 1188//1188
f 1163//1163 1188//1188 1164//1164
f 1164//1164 1188//1188 1189//1189
f 1164//1164 1189//1189 1165//1165
f 762//762 1177//1177 1190//1190
f 762//762 1190//1190 782//782
f 782//782 1190//1190 1191//1191
f 782//782 1191//1191 783//783
f 783//783 1191//1191 1192//1192
f 783//783 1192//1192 784//784
f 784//784 1192//1192 1193//1193
f 784//784 1193//1193 785//785
f 785//785 1193//1193 1194//1194
f 785//785 1194//1194 786//786
f 789//789 1195//1195 1196//1196
f 789//789 1196//1196 790//790
f 790//790 1196//1196 1197//1197
f 790//790 1197//1197 791//791
f 791//791 1197//1197 1198//1198
f 791//791 1198//1198 792//792
f 773//773 793//793 1199//1199
f 773//773 1199//1199 1178//1178
f 792//792 1198//1198 1199//1199
f 792//792 1199//1199 793//793
f 786//786 1194//1194 1202//1202
f 786//786 1202//1202 794//794
f 789//789 797//797 1203//1203
f 789//789 1203//1203 1195//1195
f 1200//1200 1206//1206 1207//1207
f 1200//1200 1207//1207 1201//1201
f 794//794 1202//1202 1208//1208
f 794//794 1208//1208 798//798
f 798//798 1208//1208 1209//1209
f 798//798 1209//1209 799//799
f 797//797 801//801 1211//1211
f 797//797 1211//1211 1203//1203
f 800//800 1210//1210 1211//1211
f 800//800 1211//1211 801//801
f 1204//1204 1212//1212 1213//1213
f 1204//1204 1213//1213 1205//1205
f 802//802 803//803 1214//1214
f 802//802 1214//1214 1213//1213
f 806//806 807//807 1216//1216
f 806//806 1216//1216 1215//1215
f 799//799 1209//1209 1219//1219
f 799//799 1219//1219 809//809
f 808//808 809//809 1219//1219
f 808//808 1219//1219 1218//1218
f 1208//1208 1218//1218 1219//1219
f 1208//1208 1219//1219 1209//1209
f 800//800 810//810 1220//1220
f 800//800 1220//1220 1210//1210
f 810//810 811//811 1221//1221
f 810//810 1221//1221 1220//1220
f 1210//1210 1220//1220 1221//1221
f 1210//1210 1221//1221 1211//1211
f 802//802 1213//1213 1223//1223
f 802//802 1223//1223 812//812
f 803//803 813//813 1224//1224
f 803//803 1224//1224 1214//1214
f 1213//1213 1214//1214 1224//1224
f 1213//1213 1224//1224 1223//1223
f 806//806 1215//1215 1225//1225
f 806//806 1225//1225 818//818
f 807//807 819//819 1226//1226
f 807//807 1226//1226 1216//1216
f 818//818 1225//1225 1226//1226
f 818//818 1226//1226 819//819
f 1215//1215 1216//1216 1226//1226
f 1215//1215 1226//1226 1225//1225
f 808//808 1218//1218 1228//1228
f 808//808 1228//1228 821//821
f 820//820 821//821 1228//1228
f 820//820 1228//1228 1227//1227
f 1217//1217 1227//1227 1228//1228
f 1217//1217 1228//1228 1218//1218
f 811//811 824//824 1229//1229
f 811//811 1229//1229 1221//1221
f 824//824 825//825 1230//1230
f 824//824 1230//1230 1229//1229
f 1221//1221 1229//1229 1230//1230
f 1221//1221 1230//1230 1222//1222
f 812//812 1223//1223 1231//1231
f 812//812 1231//1231 826//826
f 813//813 827//827 1232//1232
f 813//813 1232//1232 1224//1224
f 826//826 1231//1231 1232//1232
f 826//826 1232//1232 827//827
f 1223//1223 1224//1224 1232//1232
f 1223//1223 1232//1232 1231//1231
f 830//830 831//831 1234//1234
f 830//830 1234//1234 1233//1233
f 820//820 1227//1227 1235//1235
f 820//820 1235//1235 832//832
f 1226//1226 1234//1234 1235//1235
f 1226//1226 1235//1235 1227//1227
f 825//825 835//835 1236//1236
f 825//825 1236//1236 1230//1230
f 1230//1230 1236//1236 1237//1237
f 1230//1230 1237//1237 1231//1231
f 836//836 837//837 1238//1238
f 836//836 1238//1238 1237//1237
f 830//830 1233//1233 1239//1239
f 830//830 1239//1239 838//838
f 831//831 839//839 1240//1240
f 831//831 1240//1240 1234//1234
f 838//838 1239//1239 1240//1240
f 838//838 1240//1240 839//839
f 1233//1233 1234//1234 1240//1240
f 1233//1233 1240//1240 1239//1239
f 832//832 1235//1235 1241//1241
f 832//832 1241//1241 840//840
f 839//839 840//840 1241//1241
f 839//839 1241//1241 1240//1240
f 1234//1234 1240//1240 1241//1241
f 1234//1234 1241//1241 1235//1235
f 835//835 841//841 1242//1242
f 835//835 1242//1242 1236//1236
f 836//836 1237//1237 1243//1243
f 836//836 1243//1243 842//842
f 841//841 842//842 1243//1243
f 841//841 1243//1243 1242//1242
f 1236//1236 1242//1242 1243//1243
f 1236//1236 1243//1243 1237//1237
f 837//837 843//843 1244//1244
f 837//837 1244//1244 1238//1238
f 842//842 1243//1243 1244//1244
f 842//842 1244//1244 843//843
f 1237//1237 1238//1238 1244//1244
f 1237//1237 1244//1244 1243//1243
f 839//839 1240//1240 1245//1245
f 839//839 1245//1245 844//844
f 844//844 1245//1245 1246//1246
f 844//844 1246//1246 845//845
f 842//842 847//847 1248//1248
f 842//842 1248//1248 1243//1243
f 846//846 1247//1247 1248//1248
f 846//846 1248//1248 847//847
f 845//845 1246//1246 1250//1250
f 845//845 1250//1250 848//848
f 1245//1245 1249//1249 1250//1250
f 1245//1245 1250//1250 1246//1246
f 846//846 851//851 1251//1251
f 846//846 1251//1251 1247//1247
f 1247//1247 1251//1251 1252//1252
f 1247//1247 1252//1252 1248//1248
f 848//848 1250//1250 1253//1253
f 848//848 1253//1253 852//852
f 852//852 1253//1253 1254//1254
f 852//852 1254//1254 853//853
f 851//851 857//857 1256//1256
f 851//851 1256//1256 1251//1251
f 856//856 1255//1255 1256//1256
f 856//856 1256//1256 857//857
f 853//853 1254//1254 1257//1257
f 853//853 1257//1257 858//858
f 858//858 1257//1257 1258//1258
f 858//858 1258//1258 859//859
f 859//859 1258//1258 1259//1259
f 859//859 1259//1259 860//860
f 856//856 861//861 1260//1260
f 856//856 1260//1260 1255//1255
f 860//860 1259//1259 1260//1260
f 860//860 1260//1260 861//861
f 862//862 863//863 1262//1262
f 862//862 1262//1262 1261//1261
f 866//866 867//867 1264//1264
f 866//866 1264//1264 1263//1263
f 862//862 1261//1261 1265//1265
f 862//862 1265//1265 868//868
f 863//863 869//869 1266//1266
f 863//863 1266//1266 1262//1262
f 869//869 870//870 1267//1267
f 869//869 1267//1267 1266//1266
f 866//866 1263//1263 1269//1269
f 866//866 1269//1269 872//872
f 871//871 872//872 1269//1269
f 871//871 1269//1269 1268//1268
f 867//867 873//873 1270//1270
f 867//867 1270//1270 1264//1264
f 868//868 1265//1265 1271//1271
f 868//868 1271//1271 874//874
f 870//870 875//875 1273//1273
f 870//870 1273//1273 1267//1267
f 871//871 1268//1268 1274//1274
f 871//871 1274//1274 876//876
f 873//873 877//877 1276//1276
f 873//873 1276//1276 1270//1270
f 874//874 1271//1271 1277//1277
f 874//874 1277//1277 878//878
f 1271//1271 1272//1272 1278//1278
f 1271//1271 1278//1278 1277//1277
f 875//875 880//880 1279//1279
f 875//875 1279//1279 1273//1273
f 1272//1272 1273//1273 1279//1279
f 1272//1272 1279//1279 1278//1278
f 876//876 1274//1274 1280//1280
f 876//876 1280//1280 881//881
f 1274//1274 1275//1275 1281//1281
f 1274//1274 1281//1281 1280//1280
f 877//877 883//883 1282//1282
f 877//877 1282//1282 1276//1276
f 1275//1275 1276//1276 1282//1282
f 1275//1275 1282//1282 1281//1281
f 878//878 1277//1277 1283//1283
f 878//878 1283//1283 884//884
f 1277//1277 1278//1278 1284//1284
f 1277//1277 1284//1284 1283//1283
f 880//880 886//886 1285//1285
f 880//880 1285//1285 1279//1279
f 1278//1278 1279//1279 1285//1285
f 1278//1278 1285//1285 1284//1284
f 881//881 1280//1280 1286//1286
f 881//881 1286//1286 887//887
f 1280//1280 1281//1281 1287//1287
f 1280//1280 1287//1287 1286//1286
f 883//883 889//889 1288//1288
f 883//883 1288//1288 1282//1282
f 1281//1281 1282//1282 1288//1288
f 1281//1281 1288//1288 1287//1287
f 884//884 1283//1283 1289//1289
f 884//884 1289//1289 890//890
f 1283//1283 1284//1284 1290//1290
f 1283//1283 1290//1290 1289//1289
f 886//886 891//891 1291//1291
f 886//886 1291//1291 1285//1285
f 1284//1284 1285//1285 1291//1291
f 1284//1284 1291//1291 1290//1290
f 887//887 1286//1286 1292//1292
f 887//887 1292//1292 892//892
f 1286//1286 1287//1287 1293//1293
f 1286//1286 1293//1293 1292//1292
f 889//889 893//893 1294//1294
f 889//889 1294//1294 1288//1288
f 1287//1287 1288//1288 1294//1294
f 1287//1287 1294//1294 1293//1293
f 890//890 1289//1289 1295//1295
f 890//890 1295//1295 894//894
f 1289//1289 1290//1290 1296//1296
f 1289//1289 1296//1296 1295//1295
f 891//891 895//895 1297//1297
f 891//891 1297//1297 1291//1291
f 1290//1290 1291//1291 1297//1297
f 1290//1290 1297//1297 1296//1296
f 892//892 1292//1292 1298//1298
f 892//892 1298//1298 896//896
f 1292//1292 1293//1293 1299//1299
f 1292//1292 1299//1299 1298//1298
f 893//893 897//897 1300//1300
f 893//893 1300//1300 1294//1294
f 1293//1293 1294//1294 1300//1300
f 1293//1293 1300//1300 1299//1299
f 894//894 1295//1295 1301//1301
f 894//894 1301//1301 898//898
f 1295//1295 1296//1296 1302//1302
f 1295//1295 1302//1302 1301//1301
f 895//895 899//899 1303//1303
f 895//895 1303//1303 1297//1297
f 1296//1296 1297//1297 1303//1303
f 1296//1296 1303//1303 1302//1302
f 896//896 1298//1298 1304//1304
f 896//896 1304//1304 900//900
f 1298//1298 1299//1299 1305//1305
f 1298//1298 1305//1305 1304//1304
f 897//897 901//901 1306//1306
f 897//897 1306//1306 1300//1300
f 1299//1299 1300//1300 1306//1306
f 1299//1299 1306//1306 1305//1305
f 898//898 1301//1301 1307//1307
f 898//898 1307//1307 903//903
f 1301//1301 1302//1302 1308//1308
f 1301//1301 1308//1308 1307//1307
f 899//899 904//904 1309//1309
f 899//899 1309//1309 1303//1303
f 1302//1302 1303//1303 1309//1309
f 1302//1302 1309//1309 1308//1308
f 900//900 1304//1304 1310//1310
f 900//900 1310//1310 905//905
f 1304//1304 1305//1305 1311//1311
f 1304//1304 1311//1311 1310//1310
f 901//901 906//906 1312//1312
f 901//901 1312//1312 1306//1306
f 1305//1305 1306//1306 1312//1312
f 1305//1305 1312//1312 1311//1311
f 903//903 1307//1307 1313//1313
f 903//903 1313//1313 909//909
f 1307//1307 1308//1308 1314//1314
f 1307//1307 1314//1314 1313//1313
f 904//904 910//910 1315//1315
f 904//904 1315//1315 1309//1309
f 1308//1308 1309//1309 1315//1315
f 1308//1308 1315//1315 1314//1314
f 905//905 1310//1310 1316//1316
f 905//905 1316//1316 911//911
f 1310//1310 1311//1311 1317//1317
f 1310//1310 1317//1317 1316//1316
f 906//906 912//912 1318//1318
f 906//906 1318//1318 1312//1312
f 1311//1311 1312//1312 1318//1318
f 1311//1311 1318//1318 1317//1317
f 909//909 1313//1313 1320//1320
f 909//909 1320//1320 915//915
f 914//914 915//915 1320//1320
f 914//914 1320//1320 1319//1319
f 1313//1313 1314//1314 1321//1321
f 1313//1313 1321//1321 1320//1320
f 910//910 916//916 1322//1322
f 910//910 1322//1322 1315//1315
f 1314//1314 1315//1315 1322//1322
f 1314//1314 1322//1322 1321//1321
f 911//911 1316//1316 1323//1323
f 911//911 1323//1323 917//917
f 1316//1316 1317//1317 1324//1324
f 1316//1316 1324//1324 1323//1323
f 912//912 918//918 1325//1325
f 912//912 1325//1325 1318//1318
f 1317//1317 1318//1318 1325//1325
f 1317//1317 1325//1325 1324//1324
f 918//918 919//919 1326//1326
f 918//918 1326//1326 1325//1325
f 914//914 1319//1319 1327//1327
f 914//914 1327//1327 920//920
f 1319//1319 1320//1320 1328//1328
f 1319//1319 1328//1328 1327//1327
f 1320//1320 1321//1321 1329//1329
f 1320//1320 1329//1329 1328//1328
f 916//916 921//921 1330//1330
f 916//916 1330//1330 1322//1322
f 1321//1321 1322//1322 1330//1330
f 1321//1321 1330//1330 1329//1329
f 917//917 1323//1323 1331//1331
f 917//917 1331//1331 922//922
f 1323//1323 1324//1324 1332//1332
f 1323//1323 1332//1332 1331//1331
f 1324//1324 1325//1325 1333//1333
f 1324//1324 1333//1333 1332//1332
f 919//919 923//923 1334//1334
f 919//919 1334//1334 1326//1326
f 1325//1325 1326//1326 1334//1334
f 1325//1325 1334//1334 1333//1333
f 920//920 1327//1327 1335//1335
f 920//920 1335//1335 924//924
f 1327//1327 1328//1328 1336//1336
f 1327//1327 1336//1336 1335//1335
f 1328//1328 1329//1329 1337//1337
f 1328//1328 1337//1337 1336//1336
f 921//921 925//925 1338//1338
f 921//921 1338//1338 1330//1330
f 1329//1329 1330//1330 1338//1338
f 1329//1329 1338//1338 1337//1337
f 922//922 1331//1331 1339//1339
f 922//922 1339//1339 926//926
f 1331//1331 1332//1332 1340//1340
f 1331//1331 1340//1340 1339//1339
f 1332//1332 1333//1333 1341//1341
f 1332//1332 1341//1341 1340//1340
f 923//923 927//927 1342//1342
f 923//923 1342//1342 1334//1334
f 1333//1333 1334//1334 1342//1342
f 1333//1333 1342//1342 1341//1341
f 924//924 1335//1335 1343//1343
f 924//924 1343//1343 928//928
f 1335//1335 1336//1336 1344//1344
f 1335//1335 1344//1344 1343//1343
f 1336//1336 1337//1337 1345//1345
f 1336//1336 1345//1345 1344//1344
f 925//925 929//929 1346//1346
f 925//925 1346//1346 1338//1338
f 1337//1337 1338//1338 1346//1346
f 1337//1337 1346//1346 1345//1345
f 926//926 1339//1339 1347//1347
f 926//926 1347//1347 930//930
f 1339//1339 1340//1340 1348//1348
f 1339//1339 1348//1348 1347//1347
f 1340//1340 1341//1341 1349//1349
f 1340//1340 1349//1349 1348//1348
f 927//927 931//931 1350//1350
f 927//927 1350//1350 1342//1342
f 1341//1341 1342//1342 1350//1350
f 1341//1341 1350//1350 1349//1349
f 928//928 1343//1343 1351//1351
f 928//928 1351//1351 932//932
f 932//932 1351//1351 1352//1352
f 932//932 1352//1352 933//933
f 1343//1343 1344//1344 1352//1352
f 1343//1343 1352//1352 1351//1351
f 929//929 934//934 1354//1354
f 929//929 1354//1354 1346//1346
f 1345//1345 1346//1346 1354//1354
f 1345//1345 1354//1354 1353//1353
f 930//930 1347//1347 1355//1355
f 930//930 1355//1355 935//935
f 1347//1347 1348//1348 1356//1356
f 1347//1347 1356//1356 1355//1355
f 931//931 937//937 1358//1358
f 931//931 1358//1358 1350//1350
f 936//936 1357//1357 1358//1358
f 936//936 1358//1358 937//937
f 1349//1349 1350//1350 1358//1358
f 1349//1349 1358//1358 1357//1357
f 933//933 1352//1352 1359//1359
f 933//933 1359//1359 939//939
f 1352//1352 1353//1353 1360//1360
f 1352//1352 1360//1360 1359//1359
f 934//934 940//940 1361//1361
f 934//934 1361//1361 1354//1354
f 1353//1353 1354//1354 1361//1361
f 1353//1353 1361//1361 1360//1360
f 935//935 1355//1355 1362//1362
f 935//935 1362//1362 941//941
f 1355//1355 1356//1356 1363//1363
f 1355//1355 1363//1363 1362//1362
f 936//936 942//942 1364//1364
f 936//936 1364//1364 1357//1357
f 1356//1356 1357//1357 1364//1364
f 1356//1356 1364//1364 1363//1363
f 939//939 1359//1359 1365//1365
f 939//939 1365//1365 944//944
f 940//940 945//945 1367//1367
f 940//940 1367//1367 1361//1361
f 1360//1360 1361//1361 1367//1367
f 1360//1360 1367//1367 1366//1366
f 941//941 1362//1362 1368//1368
f 941//941 1368//1368 946//946
f 1362//1362 1363//1363 1369//1369
f 1362//1362 1369//1369 1368//1368
f 942//942 947//947 1370//1370
f 942//942 1370//1370 1364//1364
f 944//944 1365//1365 1371//1371
f 944//944 1371//1371 948//948
f 945//945 950//950 1372//1372
f 945//945 1372//1372 1367//1367
f 946//946 1368//1368 1373//1373
f 946//946 1373//1373 951//951
f 947//947 953//953 1374//1374
f 947//947 1374//1374 1370//1370
f 948//948 1371//1371 1375//1375
f 948//948 1375//1375 954//954
f 950//950 956//956 1376//1376
f 950//950 1376//1376 1372//1372
f 951//951 1373//1373 1377//1377
f 951//951 1377//1377 957//957
f 953//953 959//959 1378//1378
f 953//953 1378//1378 1374//1374
f 954//954 1375//1375 1380//1380
f 954//954 1380//1380 961//961
f 960//960 961//961 1380//1380
f 960//960 1380//1380 1379//1379
f 956//956 963//963 1381//1381
f 956//956 1381//1381 1376//1376
f 957//957 1377//1377 1382//1382
f 957//957 1382//1382 964//964
f 959//959 966//966 1383//1383
f 959//959 1383//1383 1378//1378
f 966//966 967//967 1384//1384
f 966//966 1384//1384 1383//1383
f 960//960 1379//1379 1385//1385
f 960//960 1385//1385 968//968
f 1379//1379 1380//1380 1386//1386
f 1379//1379 1386//1386 1385//1385
f 963//963 971//971 1387//1387
f 963//963 1387//1387 1381//1381
f 964//964 1382//1382 1388//1388
f 964//964 1388//1388 972//972
f 967//967 975//975 1390//1390
f 967//967 1390//1390 1384//1384
f 1383//1383 1384//1384 1390//1390
f 1383//1383 1390//1390 1389//1389
f 968//968 1385//1385 1391//1391
f 968//968 1391//1391 976//976
f 971//971 979//979 1392//1392
f 971//971 1392//1392 1387//1387
f 972//972 1388//1388 1393//1393
f 972//972 1393//1393 980//980
f 975//975 983//983 1394//1394
f 975//975 1394//1394 1390//1390
f 976//976 1391//1391 1395//1395
f 976//976 1395//1395 984//984
f 979//979 986//986 1396//1396
f 979//979 1396//1396 1392//1392
f 980//980 1393//1393 1397//1397
f 980//980 1397//1397 987//987
f 983//983 989//989 1398//1398
f 983//983 1398//1398 1394//1394
f 984//984 1395//1395 1400//1400
f 984//984 1400//1400 991//991
f 990//990 991//991 1400//1400
f 990//990 1400//1400 1399//1399
f 986//986 992//992 1401//1401
f 986//986 1401//1401 1396//1396
f 987//987 1397//1397 1402//1402
f 987//987 1402//1402 993//993
f 989//989 994//994 1403//1403
f 989//989 1403//1403 1398//1398
f 994//994 995//995 1404//1404
f 994//994 1404//1404 1403//1403
f 990//990 1399//1399 1405//1405
f 990//990 1405//1405 996//996
f 992//992 998//998 1406//1406
f 992//992 1406//1406 1401//1401
f 993//993 1402//1402 1407//1407
f 993//993 1407//1407 999//999
f 995//995 1001//1001 1408//1408
f 995//995 1408//1408 1404//1404
f 996//996 1405//1405 1409//1409
f 996//996 1409//1409 1002//1002
f 998//998 1005//1005 1410//1410
f 998//998 1410//1410 1406//1406
f 999//999 1407//1407 1411//1411
f 999//999 1411//1411 1006//1006
f 1001//1001 1009//1009 1412//1412
f 1001//1001 1412//1412 1408//1408
f 1002//1002 1409//1409 1414//1414
f 1002//1002 1414//1414 1010//1010
f 1005//1005 1012//1012 1415//1415
f 1005//1005 1415//1415 1410//1410
f 1006//1006 1411//1411 1416//1416
f 1006//1006 1416//1416 1013//1013
f 1009//1009 1015//1015 1417//1417
f 1009//1009 1417//1417 1412//1412
f 1010//1010 1414//1414 1420//1420
f 1010//1010 1420//1420 1016//1016
f 1413//1413 1419//1419 1420//1420
f 1413//1413 1420//1420 1414//1414
f 1012//1012 1018//1018 1421//1421
f 1012//1012 1421//1421 1415//1415
f 1013//1013 1416//1416 1422//1422
f 1013//1013 1422//1422 1019//1019
f 1015//1015 1021//1021 1423//1423
f 1015//1015 1423//1423 1417//1417
f 1417//1417 1423//1423 1424//1424
f 1417//1417 1424//1424 1418//1418
f 1016//1016 1420//1420 1426//1426
f 1016//1016 1426//1426 1022//1022
f 1018//1018 1024//1024 1427//1427
f 1018//1018 1427//1427 1421//1421
f 1019//1019 1422//1422 1428//1428
f 1019//1019 1428//1428 1025//1025
f 1021//1021 1027//1027 1429//1429
f 1021//1021 1429//1429 1423//1423
f 1022//1022 1426//1426 1432//1432
f 1022//1022 1432//1432 1028//1028
f 1425//1425 1431//1431 1432//1432
f 1425//1425 1432//1432 1426//1426
f 1024//1024 1030//1030 1434//1434
f 1024//1024 1434//1434 1427//1427
f 1029//1029 1433//1433 1434//1434
f 1029//1029 1434//1434 1030//1030
f 1025//1025 1428//1428 1435//1435
f 1025//1025 1435//1435 1031//1031
f 1031//1031 1435//1435 1436//1436
f 1031//1031 1436//1436 1032//1032
f 1027//1027 1033//1033 1437//1437
f 1027//1027 1437//1437 1429//1429
f 1429//1429 1437//1437 1438//1438
f 1429//1429 1438//1438 1430//1430
f 1028//1028 1432//1432 1440//1440
f 1028//1028 1440//1440 1034//1034
f 1431//1431 1439//1439 1440//1440
f 1431//1431 1440//1440 1432//1432
f 1029//1029 1036//1036 1441//1441
f 1029//1029 1441//1441 1433//1433
f 1433//1433 1441//1441 1442//1442
f 1433//1433 1442//1442 1434//1434
f 1032//1032 1436//1436 1444//1444
f 1032//1032 1444//1444 1037//1037
f 1435//1435 1443//1443 1444//1444
f 1435//1435 1444//1444 1436//1436
f 1033//1033 1039//1039 1445//1445
f 1033//1033 1445//1445 1437//1437
f 1437//1437 1445//1445 1446//1446
f 1437//1437 1446//1446 1438//1438
f 1034//1034 1440//1440 1447//1447
f 1034//1034 1447//1447 1040//1040
f 1036//1036 1042//1042 1448//1448
f 1036//1036 1448//1448 1441//1441
f 1042//1042 1043//1043 1449//1449
f 1042//1042 1449//1449 1448//1448
f 1043//1043 1044//1044 1450//1450
f 1043//1043 1450//1450 1449//1449
f 1037//1037 1444//1444 1451//1451
f 1037//1037 1451//1451 1045//1045
f 1044//1044 1045//1045 1451//1451
f 1044//1044 1451//1451 1450//1450
f 1039//1039 1047//1047 1452//1452
f 1039//1039 1452//1452 1445//1445
f 1040//1040 1447//1447 1453//1453
f 1040//1040 1453//1453 1048//1048
f 1047//1047 1051//1051 1454//1454
f 1047//1047 1454//1454 1452//1452
f 1048//1048 1453//1453 1455//1455
f 1048//1048 1455//1455 1052//1052
f 1051//1051 1055//1055 1456//1456
f 1051//1051 1456//1456 1454//1454
f 1052//1052 1455//1455 1457//1457
f 1052//1052 1457//1457 1056//1056
f 1056//1056 1457//1457 1458//1458
f 1056//1056 1458//1458 1057//1057
f 1055//1055 1061//1061 1460//1460
f 1055//1055 1460//1460 1456//1456
f 1060//1060 1459//1459 1460//1460
f 1060//1060 1460//1460 1061//1061
f 1057//1057 1458//1458 1462//1462
f 1057//1057 1462//1462 1062//1062
f 1457//1457 1461//1461 1462//1462
f 1457//1457 1462//1462 1458//1458
f 1062//1062 1462//1462 1463//1463
f 1062//1062 1463//1463 1063//1063
f 1060//1060 1069//1069 1465//1465
f 1060//1060 1465//1465 1459//1459
f 1068//1068 1464//1464 1465//1465
f 1068//1068 1465//1465 1069//1069
f 1459//1459 1465//1465 1466//1466
f 1459//1459 1466//1466 1460//1460
f 1063//1063 1463//1463 1468//1468
f 1063//1063 1468//1468 1070//1070
f 1462//1462 1467//1467 1468//1468
f 1462//1462 1468//1468 1463//1463
f 1070//1070 1468//1468 1469//1469
f 1070//1070 1469//1469 1071//1071
f 1071//1071 1469//1469 1470//1470
f 1071//1071 1470//1470 1072//1072
f 1072//1072 1470//1470 1471//1471
f 1072//1072 1471//1471 1073//1073
f 1073//1073 1471//1471 1472//1472
f 1073//1073 1472//1472 1074//1074
f 1068//1068 1075//1075 1473//1473
f 1068//1068 1473//1473 1464//1464
f 1074//1074 1472//1472 1473//1473
f 1074//1074 1473//1473 1075//1075
f 1464//1464 1473//1473 1474//1474
f 1464//1464 1474//1474 1465//1465
f 1468//1468 1475//1475 1476//1476
f 1468//1468 1476//1476 1469//1469
f 1469//1469 1476//1476 1477//1477
f 1469//1469 1477//1477 1470//1470
f 1470//1470 1477//1477 1478//1478
f 1470//1470 1478//1478 1471//1471
f 1471//1471 1478//1478 1479//1479
f 1471//1471 1479//1479 1472//1472
f 1472//1472 1479//1479 1480//1480
f 1472//1472 1480//1480 1473//1473
f 1476//1476 1482//1482 1483//1483
f 1476//1476 1483//1483 1477//1477
f 1477//1477 1483//1483 1484//1484
f 1477//1477 1484//1484 1478//1478
f 1478//1478 1484//1484 1485//1485
f 1478//1478 1485//1485 1479//1479
f 1481//1481 1487//1487 1488//1488
f 1481//1481 1488//1488 1482//1482
f 1076//1076 1077//1077 1489//1489
f 1076//1076 1489//1489 1488//1488
f 1482//1482 1488//1488 1489//1489
f 1482//1482 1489//1489 1483//1483
f 1483//1483 1489//1489 1490//1490
f 1483//1483 1490//1490 1484//1484
f 1078//1078 1079//1079 1491//1491
f 1078//1078 1491//1491 1490//1490
f 1484//1484 1490//1490 1491//1491
f 1484//1484 1491//1491 1485//1485
f 1485//1485 1491//1491 1492//1492
f 1485//1485 1492//1492 1486//1486
f 1076//1076 1488//1488 1495//1495
f 1076//1076 1495//1495 1081//1081
f 1080//1080 1081//1081 1495//1495
f 1080//1080 1495//1495 1494//1494
f 1487//1487 1494//1494 1495//1495
f 1487//1487 1495//1495 1488//1488
f 1077//1077 1082//1082 1496//1496
f 1077//1077 1496//1496 1489//1489
f 1078//1078 1490//1490 1497//1497
f 1078//1078 1497//1497 1083//1083
f 1082//1082 1083//1083 1497//1497
f 1082//1082 1497//1497 1496//1496
f 1489//1489 1496//1496 1497//1497
f 1489//1489 1497//1497 1490//1490
f 1079//1079 1084//1084 1498//1498
f 1079//1079 1498//1498 1491//1491
f 1084//1084 1085//1085 1499//1499
f 1084//1084 1499//1499 1498//1498
f 1491//1491 1498//1498 1499//1499
f 1491//1491 1499//1499 1492//1492
f 1080//1080 1494//1494 1502//1502
f 1080//1080 1502//1502 1087//1087
f 1086//1086 1087//1087 1502//1502
f 1086//1086 1502//1502 1501//1501
f 1493//1493 1501//1501 1502//1502
f 1493//1493 1502//1502 1494//1494
f 1085//1085 1092//1092 1503//1503
f 1085//1085 1503//1503 1499//1499
f 1092//1092 1093//1093 1504//1504
f 1092//1092 1504//1504 1503//1503
f 1499//1499 1503//1503 1504//1504
f 1499//1499 1504//1504 1500//1500
f 1094//1094 1095//1095 1506//1506
f 1094//1094 1506//1506 1505//1505
f 1086//1086 1501//1501 1507//1507
f 1086//1086 1507//1507 1096//1096
f 1093//1093 1103//1103 1508//1508
f 1093//1093 1508//1508 1504//1504
f 1104//1104 1105//1105 1510//1510
f 1104//1104 1510//1510 1509//1509
f 1094//1094 1505//1505 1511//1511
f 1094//1094 1511//1511 1106//1106
f 1095//1095 1107//1107 1512//1512
f 1095//1095 1512//1512 1506//1506
f 1505//1505 1506//1506 1512//1512
f 1505//1505 1512//1512 1511//1511
f 1107//1107 1108//1108 1513//1513
f 1107//1107 1513//1513 1512//1512
f 1096//1096 1507//1507 1514//1514
f 1096//1096 1514//1514 1109//1109
f 1103//1103 1112//1112 1515//1515
f 1103//1103 1515//1515 1508//1508
f 1104//1104 1509//1509 1517//1517
f 1104//1104 1517//1517 1114//1114
f 1105//1105 1115//1115 1518//1518
f 1105//1105 1518//1518 1510//1510
f 1509//1509 1510//1510 1518//1518
f 1509//1509 1518//1518 1517//1517
f 1106//1106 1511//1511 1519//1519
f 1106//1106 1519//1519 1116//1116
f 1116//1116 1519//1519 1520//1520
f 1116//1116 1520//1520 1117//1117
f 1108//1108 1118//1118 1521//1521
f 1108//1108 1521//1521 1513//1513
f 1117//1117 1520//1520 1521//1521
f 1117//1117 1521//1521 1118//1118
f 1121//1121 1122//1122 1530//1530
f 1121//1121 1530//1530 1529//1529
f 1122//1122 1123//1123 1531//1531
f 1122//1122 1531//1531 1530//1530
f 1123//1123 1124//1124 1532//1532
f 1123//1123 1532//1532 1531//1531
f 1124//1124 1125//1125 1533//1533
f 1124//1124 1533//1533 1532//1532
f 1125//1125 1126//1126 1534//1534
f 1125//1125 1534//1534 1533//1533
f 1126//1126 1127//1127 1535//1535
f 1126//1126 1535//1535 1534//1534
f 1127//1127 1128//1128 1536//1536
f 1127//1127 1536//1536 1535//1535
f 1128//1128 1129//1129 1537//1537
f 1128//1128 1537//1537 1536//1536
f 1129//1129 1130//1130 1538//1538
f 1129//1129 1538//1538 1537//1537
f 1130//1130 1131//1131 1539//1539
f 1130//1130 1539//1539 1538//1538
f 1131//1131 1132//1132 1540//1540
f 1131//1131 1540//1540 1539//1539
f 1109//1109 1514//1514 1541//1541
f 1109//1109 1541//1541 1133//1133
f 1112//1112 1134//1134 1542//1542
f 1112//1112 1542//1542 1515//1515
f 1135//1135 1136//1136 1544//1544
f 1135//1135 1544//1544 1543//1543
f 1136//1136 1137//1137 1545//1545
f 1136//1136 1545//1545 1544//1544
f 1137//1137 1138//1138 1546//1546
f 1137//1137 1546//1546 1545//1545
f 1138//1138 1139//1139 1547//1547
f 1138//1138 1547//1547 1546//1546
f 1139//1139 1140//1140 1548//1548
f 1139//1139 1548//1548 1547//1547
f 1140//1140 1141//1141 1549//1549
f 1140//1140 1549//1549 1548//1548
f 1141//1141 1142//1142 1550//1550
f 1141//1141 1550//1550 1549//1549
f 1142//1142 1143//1143 1551//1551
f 1142//1142 1551//1551 1550//1550
f 1143//1143 1144//1144 1552//1552
f 1143//1143 1552//1552 1551//1551
f 1144//1144 1145//1145 1553//1553
f 1144//1144 1553//1553 1552//1552
f 1145//1145 1146//1146 1554//1554
f 1145//1145 1554//1554 1553//1553
f 1114//1114 1517//1517 1563//1563
f 1114//1114 1563//1563 1148//1148
f 1516//1516 1562//1562 1563//1563
f 1516//1516 1563//1563 1517//1517
f 1115//1115 1149//1149 1564//1564
f 1115//1115 1564//1564 1518//1518
f 1148//1148 1563//1563 1564//1564
f 1148//1148 1564//1564 1149//1149
f 1522//1522 1569//1569 1570//1570
f 1522//1522 1570//1570 1523//1523
f 1523//1523 1570//1570 1571//1571
f 1523//1523 1571//1571 1524//1524
f 1524//1524 1571//1571 1572//1572
f 1524//1524 1572//1572 1525//1525
f 1525//1525 1572//1572 1573//1573
f 1525//1525 1573//1573 1526//1526
f 1526//1526 1573//1573 1574//1574
f 1526//1526 1574//1574 1527//1527
f 1527//1527 1574//1574 1575//1575
f 1527//1527 1575//1575 1528//1528
f 1121//1121 1529//1529 1576//1576
f 1121//1121 1576//1576 1152//1152
f 1528//1528 1575//1575 1576//1576
f 1528//1528 1576//1576 1529//1529
f 1533//1533 1534//1534 1579//1579
f 1533//1533 1579//1579 1578//1578
f 1534//1534 1535//1535 1580//1580
f 1534//1534 1580//1580 1579//1579
f 1535//1535 1536//1536 1581//1581
f 1535//1535 1581//1581 1580//1580
f 1536//1536 1537//1537 1582//1582
f 1536//1536 1582//1582 1581//1581
f 1537//1537 1538//1538 1583//1583
f 1537//1537 1583//1583 1582//1582
f 1538//1538 1539//1539 1584//1584
f 1538//1538 1584//1584 1583//1583
f 1132//1132 1156//1156 1585//1585
f 1132//1132 1585//1585 1540//1540
f 1539//1539 1540//1540 1585//1585
f 1539//1539 1585//1585 1584//1584
f 1156//1156 1157//1157 1586//1586
f 1156//1156 1586//1586 1585//1585
f 1133//1133 1541//1541 1587//1587
f 1133//1133 1587//1587 1158//1158
f 1157//1157 1158//1158 1587//1587
f 1157//1157 1587//1587 1586//1586
f 1134//1134 1159//1159 1588//1588
f 1134//1134 1588//1588 1542//1542
f 1159//1159 1160//1160 1589//1589
f 1159//1159 1589//1589 1588//1588
f 1135//1135 1543//1543 1590//1590
f 1135//1135 1590//1590 1161//1161
f 1160//1160 1161//1161 1590//1590
f 1160//1160 1590//1590 1589//1589
f 1543//1543 1544//1544 1591//1591
f 1543//1543 1591//1591 1590//1590
f 1544//1544 1545//1545 1592//1592
f 1544//1544 1592//1592 1591//1591
f 1545//1545 1546//1546 1593//1593
f 1545//1545 1593//1593 1592//1592
f 1546//1546 1547//1547 1594//1594
f 1546//1546 1594//1594 1593//1593
f 1547//1547 1548//1548 1595//1595
f 1547//1547 1595//1595 1594//1594
f 1548//1548 1549//1549 1596//1596
f 1548//1548 1596//1596 1595//1595
f 1549//1549 1550//1550 1597//1597
f 1549//1549 1597//1597 1596//1596
f 1146//1146 1165//1165 1599//1599
f 1146//1146 1599//1599 1554//1554
f 1554//1554 1599//1599 1600//1600
f 1554//1554 1600//1600 1555//1555
f 1555//1555 1600//1600 1601//1601
f 1555//1555 1601//1601 1556//1556
f 1556//1556 1601//1601 1602//1602
f 1556//1556 1602//1602 1557//1557
f 1557//1557 1602//1602 1603//1603
f 1557//1557 1603//1603 1558//1558
f 1558//1558 1603//1603 1604//1604
f 1558//1558 1604//1604 1559//1559
f 1559//1559 1604//1604 1605//1605
f 1559//1559 1605//1605 1560//1560
f 1560//1560 1605//1605 1606//1606
f 1560//1560 1606//1606 1561//1561
f 1565//1565 1609//1609 1610//1610
f 1565//1565 1610//1610 1566//1566
f 1567//1567 1611//1611 1612//1612
f 1567//1567 1612//1612 1568//1568
f 1152//1152 1576//1576 1614//1614
f 1152//1152 1614//1614 1166//1166
f 1575//1575 1613//1613 1614//1614
f 1575//1575 1614//1614 1576//1576
f 1166//1166 1614//1614 1615//1615
f 1166//1166 1615//1615 1167//1167
f 1167//1167 1615//1615 1616//1616
f 1167//1167 1616//1616 1168//1168
f 1168//1168 1616//1616 1617//1617
f 1168//1168 1617//1617 1169//1169
f 1169//1169 1617//1617 1618//1618
f 1169//1169 1618//1618 1170//1170
f 1577//1577 1578//1578 1618//1618
f 1577//1577 1618//1618 1617//1617
f 1170//1170 1618//1618 1619//1619
f 1170//1170 1619//1619 1171//1171
f 1578//1578 1579//1579 1619//1619
f 1578//1578 1619//1619 1618//1618
f 1171//1171 1619//1619 1620//1620
f 1171//1171 1620//1620 1172//1172
f 1579//1579 1580//1580 1620//1620
f 1579//1579 1620//1620 1619//1619
f 1172//1172 1620//1620 1621//1621
f 1172//1172 1621//1621 1173//1173
f 1580//1580 1581//1581 1621//1621
f 1580//1580 1621//1621 1620//1620
f 1173//1173 1621//1621 1622//1622
f 1173//1173 1622//1622 1174//1174
f 1581//1581 1582//1582 1622//1622
f 1581//1581 1622//1622 1621//1621
f 1174//1174 1622//1622 1623//1623
f 1174//1174 1623//1623 1175//1175
f 1582//1582 1583//1583 1623//1623
f 1582//1582 1623//1623 1622//1622
f 1175//1175 1623//1623 1624//1624
f 1175//1175 1624//1624 1176//1176
f 1583//1583 1584//1584 1624//1624
f 1583//1583 1624//1624 1623//1623
f 1176//1176 1624//1624 1625//1625
f 1176//1176 1625//1625 1177//1177
f 1584//1584 1585//1585 1625//1625
f 1584//1584 1625//1625 1624//1624
f 1585//1585 1586//1586 1626//1626
f 1585//1585 1626//1626 1625//1625
f 1586//1586 1587//1587 1627//1627
f 1586//1586 1627//1627 1626//1626
f 1588//1588 1589//1589 1635//1635
f 1588//1588 1635//1635 1634//1634
f 1589//1589 1590//1590 1636//1636
f 1589//1589 1636//1636 1635//1635
f 1178//1178 1636//1636 1637//1637
f 1178//1178 1637//1637 1179//1179
f 1590//1590 1591//1591 1637//1637
f 1590//1590 1637//1637 1636//1636
f 1179//1179 1637//1637 1638//1638
f 1179//1179 1638//1638 1180//1180
f 1591//1591 1592//1592 1638//1638
f 1591//1591 1638//1638 1637//1637
f 1180//1180 1638//1638 1639//1639
f 1180//1180 1639//1639 1181//1181
f 1592//1592 1593//1593 1639//1639
f 1592//1592 1639//1639 1638//1638
f 1181//1181 1639//1639 1640//1640
f 1181//1181 1640//1640 1182//1182
f 1593//1593 1594//1594 1640//1640
f 1593//1593 1640//1640 1639//1639
f 1182//1182 1640//1640 1641//1641
f 1182//1182 1641//1641 1183//1183
f 1594//1594 1595//1595 1641//1641
f 1594//1594 1641//1641 1640//1640
f 1183//1183 1641//1641 1642//1642
f 1183//1183 1642//1642 1184//1184
f 1595//1595 1596//1596 1642//1642
f 1595//1595 1642//1642 1641//1641
f 1184//1184 1642//1642 1643//1643
f 1184//1184 1643//1643 1185//1185
f 1596//1596 1597//1597 1643//1643
f 1596//1596 1643//1643 1642//1642
f 1185//1185 1643//1643 1644//1644
f 1185//1185 1644//1644 1186//1186
f 1597//1597 1598//1598 1644//1644
f 1597//1597 1644//1644 1643//1643
f 1186//1186 1644//1644 1645//1645
f 1186//1186 1645//1645 1187//1187
f 1187//1187 1645//1645 1646//1646
f 1187//1187 1646//1646 1188//1188
f 1165//1165 1189//1189 1647//1647
f 1165//1165 1647//1647 1599//1599
f 1188//1188 1646//1646 1647//1647
f 1188//1188 1647//1647 1189//1189
f 1599//1599 1647//1647 1648//1648
f 1599//1599 1648//1648 1600//1600
f 1607//1607 1651//1651 1652//1652
f 1607//1607 1652//1652 1608//1608
f 1610//1610 1653//1653 1654//1654
f 1610//1610 1654//1654 1611//1611
f 1177//1177 1625//1625 1655//1655
f 1177//1177 1655//1655 1190//1190
f 1190//1190 1655//1655 1656//1656
f 1190//1190 1656//1656 1191//1191
f 1625//1625 1626//1626 1656//1656
f 1625//1625 1656//1656 1655//1655
f 1191//1191 1656//1656 1657//1657
f 1191//1191 1657//1657 1192//1192
f 1626//1626 1627//1627 1657//1657
f 1626//1626 1657//1657 1656//1656
f 1192//1192 1657//1657 1658//1658
f 1192//1192 1658//1658 1193//1193
f 1627//1627 1628//1628 1658//1658
f 1627//1627 1658//1658 1657//1657
f 1193//1193 1658//1658 1659//1659
f 1193//1193 1659//1659 1194//1194
f 1628//1628 1629//1629 1659//1659
f 1628//1628 1659//1659 1658//1658
f 1630//1630 1631//1631 1661//1661
f 1630//1630 1661//1661 1660//1660
f 1195//1195 1662//1662 1663//1663
f 1195//1195 1663//1663 1196//1196
f 1632//1632 1633//1633 1663//1663
f 1632//1632 1663//1663 1662//1662
f 1196//1196 1663//1663 1664//1664
f 1196//1196 1664//1664 1197//1197
f 1633//1633 1634//1634 1664//1664
f 1633//1633 1664//1664 1663//1663
f 1197//1197 1664//1664 1665//1665
f 1197//1197 1665//1665 1198//1198
f 1634//1634 1635//1635 1665//1665
f 1634//1634 1665//1665 1664//1664
f 1178//1178 1199//1199 1666//1666
f 1178//1178 1666//1666 1636//1636
f 1198//1198 1665//1665 1666//1666
f 1198//1198 1666//1666 1199//1199
f 1635//1635 1636//1636 1666//1666
f 1635//1635 1666//1666 1665//1665
f 1649//1649 1667//1667 1668//1668
f 1649//1649 1668//1668 1650//1650
f 1650//1650 1668//1668 1669//1669
f 1650//1650 1669//1669 1651//1651
f 1200//1200 1201//1201 1671//1671
f 1200//1200 1671//1671 1670//1670
f 1194//1194 1659//1659 1672//1672
f 1194//1194 1672//1672 1202//1202
f 1659//1659 1660//1660 1673//1673
f 1659//1659 1673//1673 1672//1672
f 1195//1195 1203//1203 1675//1675
f 1195//1195 1675//1675 1662//1662
f 1661//1661 1662//1662 1675//1675
f 1661//1661 1675//1675 1674//1674
f 1204//1204 1205//1205 1677//1677
f 1204//1204 1677//1677 1676//1676
f 1200//1200 1670//1670 1678//1678
f 1200//1200 1678//1678 1206//1206
f 1201//1201 1207//1207 1679//1679
f 1201//1201 1679//1679 1671//1671
f 1206//1206 1678//1678 1679//1679
f 1206//1206 1679//1679 1207//1207
f 1670//1670 1671//1671 1679//1679
f 1670//1670 1679//1679 1678//1678
f 1202//1202 1672//1672 1680//1680
f 1202//1202 1680//1680 1208//1208
f 1672//1672 1673//1673 1681//1681
f 1672//1672 1681//1681 1680//1680
f 1203//1203 1211//1211 1683//1683
f 1203//1203 1683//1683 1675//1675
f 1674//1674 1675//1675 1683//1683
f 1674//1674 1683//1683 1682//1682
f 1204//1204 1676//1676 1684//1684
f 1204//1204 1684//1684 1212//1212
f 1205//1205 1213//1213 1685//1685
f 1205//1205 1685//1685 1677//1677
f 1212//1212 1684//1684 1685//1685
f 1212//1212 1685//1685 1213//1213
f 1676//1676 1677//1677 1685//1685
f 1676//1676 1685//1685 1684//1684
f 1208//1208 1680//1680 1687//1687
f 1208//1208 1687//1687 1218//1218
f 1217//1217 1218//1218 1687//1687
f 1217//1217 1687//1687 1686//1686
f 1211//1211 1221//1221 1688//1688
f 1211//1211 1688//1688 1683//1683
f 1221//1221 1222//1222 1689//1689
f 1221//1221 1689//1689 1688//1688
f 1217//1217 1686//1686 1691//1691
f 1217//1217 1691//1691 1227//1227
f 1226//1226 1227//1227 1691//1691
f 1226//1226 1691//1691 1690//1690
f 1222//1222 1230//1230 1692//1692
f 1222//1222 1692//1692 1689//1689
f 1230//1230 1231//1231 1693//1693
f 1230//1230 1693//1693 1692//1692
f 1226//1226 1690//1690 1694//1694
f 1226//1226 1694//1694 1234//1234
f 1231//1231 1237//1237 1695//1695
f 1231//1231 1695//1695 1693//1693
f 1234//1234 1694//1694 1697//1697
f 1234//1234 1697//1697 1240//1240
f 1237//1237 1243//1243 1698//1698
f 1237//1237 1698//1698 1695//1695
f 1240//1240 1697//1697 1701//1701
f 1240//1240 1701//1701 1245//1245
f 1696//1696 1700//1700 1701//1701
f 1696//1696 1701//1701 1697//1697
f 1243//1243 1248//1248 1702//1702
f 1243//1243 1702//1702 1698//1698
f 1698//1698 1702//1702 1703//1703
f 1698//1698 1703//1703 1699//1699
f 1245//1245 1701//1701 1704//1704
f 1245//1245 1704//1704 1249//1249
f 1249//1249 1704//1704 1705//1705
f 1249//1249 1705//1705 1250//1250
f 1248//1248 1252//1252 1707//1707
f 1248//1248 1707//1707 1702//1702
f 1251//1251 1706//1706 1707//1707
f 1251//1251 1707//1707 1252//1252
f 1250//1250 1705//1705 1708//1708
f 1250//1250 1708//1708 1253//1253
f 1253//1253 1708//1708 1709//1709
f 1253//1253 1709//1709 1254//1254
f 1251//1251 1256//1256 1711//1711
f 1251//1251 1711//1711 1706//1706
f 1255//1255 1710//1710 1711//1711
f 1255//1255 1711//1711 1256//1256
f 1254//1254 1709//1709 1713//1713
f 1254//1254 1713//1713 1257//1257
f 1708//1708 1712//1712 1713//1713
f 1708//1708 1713//1713 1709//1709
f 1257//1257 1713//1713 1714//1714
f 1257//1257 1714//1714 1258//1258
f 1258//1258 1714//1714 1715//1715
f 1258//1258 1715//1715 1259//1259
f 1255//1255 1260//1260 1716//1716
f 1255//1255 1716//1716 1710//1710
f 1259//1259 1715//1715 1716//1716
f 1259//1259 1716//1716 1260//1260
f 1710//1710 1716//1716 1717//1717
f 1710//1710 1717//1717 1711//1711
f 1261//1261 1262//1262 1719//1719
f 1261//1261 1719//1719 1718//1718
f 1263//1263 1264//1264 1723//1723
f 1263//1263 1723//1723 1722//1722
f 1261//1261 1718//1718 1724//1724
f 1261//1261 1724//1724 1265//1265
f 1262//1262 1266//1266 1725//1725
f 1262//1262 1725//1725 1719//1719
f 1266//1266 1267//1267 1726//1726
f 1266//1266 1726//1726 1725//1725
f 1719//1719 1725//1725 1726//1726
f 1719//1719 1726//1726 1720//1720
f 1263//1263 1722//1722 1728//1728
f 1263//1263 1728//1728 1269//1269
f 1268//1268 1269//1269 1728//1728
f 1268//1268 1728//1728 1727//1727
f 1721//1721 1727//1727 1728//1728
f 1721//1721 1728//1728 1722//1722
f 1264//1264 1270//1270 1729//1729
f 1264//1264 1729//1729 1723//1723
f 1265//1265 1724//1724 1730//1730
f 1265//1265 1730//1730 1271//1271
f 1271//1271 1730//1730 1731//1731
f 1271//1271 1731//1731 1272//1272
f 1267//1267 1273//1273 1732//1732
f 1267//1267 1732//1732 1726//1726
f 1272//1272 1731//1731 1732//1732
f 1272//1272 1732//1732 1273//1273
f 1725//1725 1726//1726 1732//1732
f 1725//1725 1732//1732 1731//1731
f 1268//1268 1727//1727 1733//1733
f 1268//1268 1733//1733 1274//1274
f 1274//1274 1733//1733 1734//1734
f 1274//1274 1734//1734 1275//1275
f 1727//1727 1728//1728 1734//1734
f 1727//1727 1734//1734 1733//1733
f 1270//1270 1276//1276 1735//1735
f 1270//1270 1735//1735 1729//1729
f 1275//1275 1734//1734 1735//1735
f 1275//1275 1735//1735 1276//1276
f 1344//1344 1345//1345 1737//1737
f 1344//1344 1737//1737 1736//1736
f 1348//1348 1349//1349 1739//1739
f 1348//1348 1739//1739 1738//1738
f 1344//1344 1736//1736 1740//1740
f 1344//1344 1740//1740 1352//1352
f 1345//1345 1353//1353 1741//1741
f 1345//1345 1741//1741 1737//1737
f 1352//1352 1740//1740 1741//1741
f 1352//1352 1741//1741 1353//1353
f 1736//1736 1737//1737 1741//1741
f 1736//1736 1741//1741 1740//1740
f 1348//1348 1738//1738 1742//1742
f 1348//1348 1742//1742 1356//1356
f 1349//1349 1357//1357 1743//1743
f 1349//1349 1743//1743 1739//1739
f 1356//1356 1742//1742 1743//1743
f 1356//1356 1743//1743 1357//1357
f 1738//1738 1739//1739 1743//1743
f 1738//1738 1743//1743 1742//1742
f 1359//1359 1360//1360 1745//1745
f 1359//1359 1745//1745 1744//1744
f 1363//1363 1364//1364 1747//1747
f 1363//1363 1747//1747 1746//1746
f 1359//1359 1744//1744 1748//1748
f 1359//1359 1748//1748 1365//1365
f 1360//1360 1366//1366 1749//1749
f 1360//1360 1749//1749 1745//1745
f 1744//1744 1745//1745 1749//1749
f 1744//1744 1749//1749 1748//1748
f 1366//1366 1367//1367 1750//1750
f 1366//1366 1750//1750 1749//1749
f 1363//1363 1746//1746 1752//1752
f 1363//1363 1752//1752 1369//1369
f 1368//1368 1369//1369 1752//1752
f 1368//1368 1752//1752 1751//1751
f 1364//1364 1370//1370 1753//1753
f 1364//1364 1753//1753 1747//1747
f 1746//1746 1747//1747 1753//1753
f 1746//1746 1753//1753 1752//1752
f 1365//1365 1748//1748 1754//1754
f 1365//1365 1754//1754 1371//1371
f 1748//1748 1749//1749 1755//1755
f 1748//1748 1755//1755 1754//1754
f 1367//1367 1372//1372 1756//1756
f 1367//1367 1756//1756 1750//1750
f 1749//1749 1750//1750 1756//1756
f 1749//1749 1756//1756 1755//1755
f 1368//1368 1751//1751 1757//1757
f 1368//1368 1757//1757 1373//1373
f 1751//1751 1752//1752 1758//1758
f 1751//1751 1758//1758 1757//1757
f 1370//1370 1374//1374 1759//1759
f 1370//1370 1759//1759 1753//1753
f 1752//1752 1753//1753 1759//1759
f 1752//1752 1759//1759 1758//1758
f 1371//1371 1754//1754 1760//1760
f 1371//1371 1760//1760 1375//1375
f 1754//1754 1755//1755 1761//1761
f 1754//1754 1761//1761 1760//1760
f 1372//1372 1376//1376 1762//1762
f 1372//1372 1762//1762 1756//1756
f 1755//1755 1756//1756 1762//1762
f 1755//1755 1762//1762 1761//1761
f 1373//1373 1757//1757 1763//1763
f 1373//1373 1763//1763 1377//1377
f 1757//1757 1758//1758 1764//1764
f 1757//1757 1764//1764 1763//1763
f 1374//1374 1378//1378 1765//1765
f 1374//1374 1765//1765 1759//1759
f 1758//1758 1759//1759 1765//1765
f 1758//1758 1765//1765 1764//1764
f 1375//1375 1760//1760 1766//1766
f 1375//1375 1766//1766 1380//1380
f 1760//1760 1761//1761 1767//1767
f 1760//1760 1767//1767 1766//1766
f 1376//1376 1381//1381 1768//1768
f 1376//1376 1768//1768 1762//1762
f 1761//1761 1762//1762 1768//1768
f 1761//1761 1768//1768 1767//1767
f 1377//1377 1763//1763 1769//1769
f 1377//1377 1769//1769 1382//1382
f 1763//1763 1764//1764 1770//1770
f 1763//1763 1770//1770 1769//1769
f 1378//1378 1383//1383 1771//1771
f 1378//1378 1771//1771 1765//1765
f 1764//1764 1765//1765 1771//1771
f 1764//1764 1771//1771 1770//1770
f 1380//1380 1766//1766 1773//1773
f 1380//1380 1773//1773 1386//1386
f 1385//1385 1386//1386 1773//1773
f 1385//1385 1773//1773 1772//1772
f 1766//1766 1767//1767 1774//1774
f 1766//1766 1774//1774 1773//1773
f 1381//1381 1387//1387 1775//1775
f 1381//1381 1775//1775 1768//1768
f 1767//1767 1768//1768 1775//1775
f 1767//1767 1775//1775 1774//1774
f 1382//1382 1769//1769 1776//1776
f 1382//1382 1776//1776 1388//1388
f 1769//1769 1770//1770 1777//1777
f 1769//1769 1777//1777 1776//1776
f 1383//1383 1389//1389 1778//1778
f 1383//1383 1778//1778 1771//1771
f 1770//1770 1771//1771 1778//1778
f 1770//1770 1778//1778 1777//1777
f 1389//1389 1390//1390 1779//1779
f 1389//1389 1779//1779 1778//1778
f 1385//1385 1772//1772 1780//1780
f 1385//1385 1780//1780 1391//1391
f 1772//1772 1773//1773 1781//1781
f 1772//1772 1781//1781 1780//1780
f 1773//1773 1774//1774 1782//1782
f 1773//1773 1782//1782 1781//1781
f 1387//1387 1392//1392 1783//1783
f 1387//1387 1783//1783 1775//1775
f 1774//1774 1775//1775 1783//1783
f 1774//1774 1783//1783 1782//1782
f 1388//1388 1776//1776 1784//1784
f 1388//1388 1784//1784 1393//1393
f 1776//1776 1777//1777 1785//1785
f 1776//1776 1785//1785 1784//1784
f 1777//1777 1778//1778 1786//1786
f 1777//1777 1786//1786 1785//1785
f 1390//1390 1394//1394 1787//1787
f 1390//1390 1787//1787 1779//1779
f 1778//1778 1779//1779 1787//1787
f 1778//1778 1787//1787 1786//1786
f 1391//1391 1780//1780 1788//1788
f 1391//1391 1788//1788 1395//1395
f 1780//1780 1781//1781 1789//1789
f 1780//1780 1789//1789 1788//1788
f 1392//1392 1396//1396 1791//1791
f 1392//1392 1791//1791 1783//1783
f 1782//1782 1783//1783 1791//1791
f 1782//1782 1791//1791 1790//1790
f 1393//1393 1784//1784 1792//1792
f 1393//1393 1792//1792 1397//1397
f 1784//1784 1785//1785 1793//1793
f 1784//1784 1793//1793 1792//1792
f 1394//1394 1398//1398 1795//1795
f 1394//1394 1795//1795 1787//1787
f 1786//1786 1787//1787 1795//1795
f 1786//1786 1795//1795 1794//1794
f 1395//1395 1788//1788 1797//1797
f 1395//1395 1797//1797 1400//1400
f 1399//1399 1400//1400 1797//1797
f 1399//1399 1797//1797 1796//1796
f 1396//1396 1401//1401 1799//1799
f 1396//1396 1799//1799 1791//1791
f 1790//1790 1791//1791 1799//1799
f 1790//1790 1799//1799 1798//1798
f 1397//1397 1792//1792 1800//1800
f 1397//1397 1800//1800 1402//1402
f 1792//1792 1793//1793 1801//1801
f 1792//1792 1801//1801 1800//1800
f 1398//1398 1403//1403 1802//1802
f 1398//1398 1802//1802 1795//1795
f 1403//1403 1404//1404 1803//1803
f 1403//1403 1803//1803 1802//1802
f 1399//1399 1796//1796 1804//1804
f 1399//1399 1804//1804 1405//1405
f 1796//1796 1797//1797 1805//1805
f 1796//1796 1805//1805 1804//1804
f 1401//1401 1406//1406 1806//1806
f 1401//1401 1806//1806 1799//1799
f 1402//1402 1800//1800 1807//1807
f 1402//1402 1807//1807 1407//1407
f 1404//1404 1408//1408 1809//1809
f 1404//1404 1809//1809 1803//1803
f 1802//1802 1803//1803 1809//1809
f 1802//1802 1809//1809 1808//1808
f 1405//1405 1804//1804 1810//1810
f 1405//1405 1810//1810 1409//1409
f 1406//1406 1410//1410 1811//1811
f 1406//1406 1811//1811 1806//1806
f 1407//1407 1807//1807 1812//1812
f 1407//1407 1812//1812 1411//1411
f 1408//1408 1412//1412 1813//1813
f 1408//1408 1813//1813 1809//1809
f 1409//1409 1810//1810 1815//1815
f 1409//1409 1815//1815 1414//1414
f 1413//1413 1414//1414 1815//1815
f 1413//1413 1815//1815 1814//1814
f 1410//1410 1415//1415 1817//1817
f 1410//1410 1817//1817 1811//1811
f 1411//1411 1812//1812 1818//1818
f 1411//1411 1818//1818 1416//1416
f 1412//1412 1417//1417 1820//1820
f 1412//1412 1820//1820 1813//1813
f 1417//1417 1418//1418 1821//1821
f 1417//1417 1821//1821 1820//1820
f 1413//1413 1814//1814 1822//1822
f 1413//1413 1822//1822 1419//1419
f 1419//1419 1822//1822 1823//1823
f 1419//1419 1823//1823 1420//1420
f 1814//1814 1815//1815 1823//1823
f 1814//1814 1823//1823 1822//1822
f 1415//1415 1421//1421 1825//1825
f 1415//1415 1825//1825 1817//1817
f 1816//1816 1817//1817 1825//1825
f 1816//1816 1825//1825 1824//1824
f 1416//1416 1818//1818 1826//1826
f 1416//1416 1826//1826 1422//1422
f 1818//1818 1819//1819 1827//1827
f 1818//1818 1827//1827 1826//1826
f 1418//1418 1424//1424 1829//1829
f 1418//1418 1829//1829 1821//1821
f 1423//1423 1828//1828 1829//1829
f 1423//1423 1829//1829 1424//1424
f 1820//1820 1821//1821 1829//1829
f 1820//1820 1829//1829 1828//1828
f 1420//1420 1823//1823 1831//1831
f 1420//1420 1831//1831 1426//1426
f 1425//1425 1426//1426 1831//1831
f 1425//1425 1831//1831 1830//1830
f 1421//1421 1427//1427 1833//1833
f 1421//1421 1833//1833 1825//1825
f 1824//1824 1825//1825 1833//1833
f 1824//1824 1833//1833 1832//1832
f 1422//1422 1826//1826 1834//1834
f 1422//1422 1834//1834 1428//1428
f 1826//1826 1827//1827 1835//1835
f 1826//1826 1835//1835 1834//1834
f 1423//1423 1429//1429 1836//1836
f 1423//1423 1836//1836 1828//1828
f 1429//1429 1430//1430 1837//1837
f 1429//1429 1837//1837 1836//1836
f 1425//1425 1830//1830 1838//1838
f 1425//1425 1838//1838 1431//1431
f 1830//1830 1831//1831 1839//1839
f 1830//1830 1839//1839 1838//1838
f 1427//1427 1434//1434 1841//1841
f 1427//1427 1841//1841 1833//1833
f 1832//1832 1833//1833 1841//1841
f 1832//1832 1841//1841 1840//1840
f 1428//1428 1834//1834 1842//1842
f 1428//1428 1842//1842 1435//1435
f 1834//1834 1835//1835 1843//1843
f 1834//1834 1843//1843 1842//1842
f 1430//1430 1438//1438 1845//1845
f 1430//1430 1845//1845 1837//1837
f 1836//1836 1837//1837 1845//1845
f 1836//1836 1845//1845 1844//1844
f 1431//1431 1838//1838 1846//1846
f 1431//1431 1846//1846 1439//1439
f 1439//1439 1846//1846 1847//1847
f 1439//1439 1847//1847 1440//1440
f 1838//1838 1839//1839 1847//1847
f 1838//1838 1847//1847 1846//1846
f 1434//1434 1442//1442 1849//1849
f 1434//1434 1849//1849 1841//1841
f 1441//1441 1848//1848 1849//1849
f 1441//1441 1849//1849 1442//1442
f 1840//1840 1841//1841 1849//1849
f 1840//1840 1849//1849 1848//1848
f 1435//1435 1842//1842 1850//1850
f 1435//1435 1850//1850 1443//1443
f 1443//1443 1850//1850 1851//1851
f 1443//1443 1851//1851 1444//1444
f 1842//1842 1843//1843 1851//1851
f 1842//1842 1851//1851 1850//1850
f 1438//1438 1446//1446 1853//1853
f 1438//1438 1853//1853 1845//1845
f 1445//1445 1852//1852 1853//1853
f 1445//1445 1853//1853 1446//1446
f 1844//1844 1845//1845 1853//1853
f 1844//1844 1853//1853 1852//1852
f 1440//1440 1847//1847 1854//1854
f 1440//1440 1854//1854 1447//1447
f 1441//1441 1448//1448 1855//1855
f 1441//1441 1855//1855 1848//1848
f 1448//1448 1449//1449 1856//1856
f 1448//1448 1856//1856 1855//1855
f 1449//1449 1450//1450 1857//1857
f 1449//1449 1857//1857 1856//1856
f 1444//1444 1851//1851 1858//1858
f 1444//1444 1858//1858 1451//1451
f 1450//1450 1451//1451 1858//1858
f 1450//1450 1858//1858 1857//1857
f 1445//1445 1452//1452 1859//1859
f 1445//1445 1859//1859 1852//1852
f 1447//1447 1854//1854 1860//1860
f 1447//1447 1860//1860 1453//1453
f 1452//1452 1454//1454 1861//1861
f 1452//1452 1861//1861 1859//1859
f 1453//1453 1860//1860 1862//1862
f 1453//1453 1862//1862 1455//1455
f 1454//1454 1456//1456 1863//1863
f 1454//1454 1863//1863 1861//1861
f 1455//1455 1862//1862 1864//1864
f 1455//1455 1864//1864 1457//1457
f 1456//1456 1460//1460 1865//1865
f 1456//1456 1865//1865 1863//1863
f 1457//1457 1864//1864 1866//1866
f 1457//1457 1866//1866 1461//1461
f 1461//1461 1866//1866 1867//1867
f 1461//1461 1867//1867 1462//1462
f 1460//1460 1466//1466 1869//1869
f 1460//1460 1869//1869 1865//1865
f 1465//1465 1868//1868 1869//1869
f 1465//1465 1869//1869 1466//1466
f 1462//1462 1867//1867 1870//1870
f 1462//1462 1870//1870 1467//1467
f 1467//1467 1870//1870 1871//1871
f 1467//1467 1871//1871 1468//1468
f 1465//1465 1474//1474 1873//1873
f 1465//1465 1873//1873 1868//1868
f 1473//1473 1872//1872 1873//1873
f 1473//1473 1873//1873 1474//1474
f 1468//1468 1871//1871 1875//1875
f 1468//1468 1875//1875 1475//1475
f 1870//1870 1874//1874 1875//1875
f 1870//1870 1875//1875 1871//1871
f 1475//1475 1875//1875 1876//1876
f 1475//1475 1876//1876 1476//1476
f 1473//1473 1480//1480 1878//1878
f 1473//1473 1878//1878 1872//1872
f 1479//1479 1877//1877 1878//1878
f 1479//1479 1878//1878 1480//1480
f 1872//1872 1878//1878 1879//1879
f 1872//1872 1879//1879 1873//1873
f 1476//1476 1876//1876 1881//1881
f 1476//1476 1881//1881 1482//1482
f 1481//1481 1482//1482 1881//1881
f 1481//1481 1881//1881 1880//1880
f 1875//1875 1880//1880 1881//1881
f 1875//1875 1881//1881 1876//1876
f 1479//1479 1485//1485 1882//1882
f 1479//1479 1882//1882 1877//1877
f 1485//1485 1486//1486 1883//1883
f 1485//1485 1883//1883 1882//1882
f 1877//1877 1882//1882 1883//1883
f 1877//1877 1883//1883 1878//1878
f 1481//1481 1880//1880 1885//1885
f 1481//1481 1885//1885 1487//1487
f 1486//1486 1492//1492 1886//1886
f 1486//1486 1886//1886 1883//1883
f 1487//1487 1885//1885 1889//1889
f 1487//1487 1889//1889 1494//1494
f 1493//1493 1494//1494 1889//1889
f 1493//1493 1889//1889 1888//1888
f 1884//1884 1888//1888 1889//1889
f 1884//1884 1889//1889 1885//1885
f 1492//1492 1499//1499 1890//1890
f 1492//1492 1890//1890 1886//1886
f 1499//1499 1500//1500 1891//1891
f 1499//1499 1891//1891 1890//1890
f 1886//1886 1890//1890 1891//1891
f 1886//1886 1891//1891 1887//1887
f 1493//1493 1888//1888 1892//1892
f 1493//1493 1892//1892 1501//1501
f 1500//1500 1504//1504 1893//1893
f 1500//1500 1893//1893 1891//1891
f 1501//1501 1892//1892 1894//1894
f 1501//1501 1894//1894 1507//1507
f 1504//1504 1508//1508 1895//1895
f 1504//1504 1895//1895 1893//1893
f 1511//1511 1512//1512 1897//1897
f 1511//1511 1897//1897 1896//1896
f 1512//1512 1513//1513 1898//1898
f 1512//1512 1898//1898 1897//1897
f 1507//1507 1894//1894 1899//1899
f 1507//1507 1899//1899 1514//1514
f 1508//1508 1515//1515 1900//1900
f 1508//1508 1900//1900 1895//1895
f 1516//1516 1517//1517 1902//1902
f 1516//1516 1902//1902 1901//1901
f 1517//1517 1518//1518 1903//1903
f 1517//1517 1903//1903 1902//1902
f 1511//1511 1896//1896 1904//1904
f 1511//1511 1904//1904 1519//1519
f 1519//1519 1904//1904 1905//1905
f 1519//1519 1905//1905 1520//1520
f 1513//1513 1521//1521 1906//1906
f 1513//1513 1906//1906 1898//1898
f 1520//1520 1905//1905 1906//1906
f 1520//1520 1906//1906 1521//1521
f 1897//1897 1898//1898 1906//1906
f 1897//1897 1906//1906 1905//1905
f 1522//1522 1523//1523 1909//1909
f 1522//1522 1909//1909 1908//1908
f 1523//1523 1524//1524 1910//1910
f 1523//1523 1910//1910 1909//1909
f 1524//1524 1525//1525 1911//1911
f 1524//1524 1911//1911 1910//1910
f 1525//1525 1526//1526 1912//1912
f 1525//1525 1912//1912 1911//1911
f 1526//1526 1527//1527 1913//1913
f 1526//1526 1913//1913 1912//1912
f 1527//1527 1528//1528 1914//1914
f 1527//1527 1914//1914 1913//1913
f 1528//1528 1529//1529 1915//1915
f 1528//1528 1915//1915 1914//1914
f 1529//1529 1530//1530 1916//1916
f 1529//1529 1916//1916 1915//1915
f 1530//1530 1531//1531 1917//1917
f 1530//1530 1917//1917 1916//1916
f 1531//1531 1532//1532 1918//1918
f 1531//1531 1918//1918 1917//1917
f 1532//1532 1533//1533 1919//1919
f 1532//1532 1919//1919 1918//1918
f 1514//1514 1899//1899 1920//1920
f 1514//1514 1920//1920 1541//1541
f 1515//1515 1542//1542 1923//1923
f 1515//1515 1923//1923 1900//1900
f 1550//1550 1551//1551 1925//1925
f 1550//1550 1925//1925 1924//1924
f 1551//1551 1552//1552 1926//1926
f 1551//1551 1926//1926 1925//1925
f 1552//1552 1553//1553 1927//1927
f 1552//1552 1927//1927 1926//1926
f 1553//1553 1554//1554 1928//1928
f 1553//1553 1928//1928 1927//1927
f 1554//1554 1555//1555 1929//1929
f 1554//1554 1929//1929 1928//1928
f 1555//1555 1556//1556 1930//1930
f 1555//1555 1930//1930 1929//1929
f 1556//1556 1557//1557 1931//1931
f 1556//1556 1931//1931 1930//1930
f 1557//1557 1558//1558 1932//1932
f 1557//1557 1932//1932 1931//1931
f 1558//1558 1559//1559 1933//1933
f 1558//1558 1933//1933 1932//1932
f 1559//1559 1560//1560 1934//1934
f 1559//1559 1934//1934 1933//1933
f 1560//1560 1561//1561 1935//1935
f 1560//1560 1935//1935 1934//1934
f 1516//1516 1901//1901 1937//1937
f 1516//1516 1937//1937 1562//1562
f 1562//1562 1937//1937 1938//1938
f 1562//1562 1938//1938 1563//1563
f 1901//1901 1902//1902 1938//1938
f 1901//1901 1938//1938 1937//1937
f 1518//1518 1564//1564 1939//1939
f 1518//1518 1939//1939 1903//1903
f 1563//1563 1938//1938 1939//1939
f 1563//1563 1939//1939 1564//1564
f 1565//1565 1566//1566 1941//1941
f 1565//1565 1941//1941 1940//1940
f 1567//1567 1568//1568 1943//1943
f 1567//1567 1943//1943 1942//1942
f 1906//1906 1942//1942 1943//1943
f 1906//1906 1943//1943 1907//1907
f 1522//1522 1908//1908 1944//1944
f 1522//1522 1944//1944 1569//1569
f 1569//1569 1944//1944 1945//1945
f 1569//1569 1945//1945 1570//1570
f 1570//1570 1945//1945 1946//1946
f 1570//1570 1946//1946 1571//1571
f 1571//1571 1946//1946 1947//1947
f 1571//1571 1947//1947 1572//1572
f 1572//1572 1947//1947 1948//1948
f 1572//1572 1948//1948 1573//1573
f 1573//1573 1948//1948 1949//1949
f 1573//1573 1949//1949 1574//1574
f 1912//1912 1913//1913 1949//1949
f 1912//1912 1949//1949 1948//1948
f 1574//1574 1949//1949 1950//1950
f 1574//1574 1950//1950 1575//1575
f 1913//1913 1914//1914 1950//1950
f 1913//1913 1950//1950 1949//1949
f 1914//1914 1915//1915 1951//1951
f 1914//1914 1951//1951 1950//1950
f 1915//1915 1916//1916 1952//1952
f 1915//1915 1952//1952 1951//1951
f 1916//1916 1917//1917 1953//1953
f 1916//1916 1953//1953 1952//1952
f 1917//1917 1918//1918 1954//1954
f 1917//1917 1954//1954 1953//1953
f 1533//1533 1578//1578 1955//1955
f 1533//1533 1955//1955 1919//1919
f 1577//1577 1954//1954 1955//1955
f 1577//1577 1955//1955 1578//1578
f 1918//1918 1919//1919 1955//1955
f 1918//1918 1955//1955 1954//1954
f 1541//1541 1920//1920 1956//1956
f 1541//1541 1956//1956 1587//1587
f 1920//1920 1921//1921 1957//1957
f 1920//1920 1957//1957 1956//1956
f 1542//1542 1588//1588 1963//1963
f 1542//1542 1963//1963 1923//1923
f 1922//1922 1923//1923 1963//1963
f 1922//1922 1963//1963 1962//1962
f 1550//1550 1924//1924 1964//1964
f 1550//1550 1964//1964 1597//1597
f 1597//1597 1964//1964 1965//1965
f 1597//1597 1965//1965 1598//1598
f 1924//1924 1925//1925 1965//1965
f 1924//1924 1965//1965 1964//1964
f 1925//1925 1926//1926 1966//1966
f 1925//1925 1966//1966 1965//1965
f 1926//1926 1927//1927 1967//1967
f 1926//1926 1967//1967 1966//1966
f 1927//1927 1928//1928 1968//1968
f 1927//1927 1968//1968 1967//1967
f 1928//1928 1929//1929 1969//1969
f 1928//1928 1969//1969 1968//1968
f 1600//1600 1969//1969 1970//1970
f 1600//1600 1970//1970 1601//1601
f 1929//1929 1930//1930 1970//1970
f 1929//1929 1970//1970 1969//1969
f 1601//1601 1970//1970 1971//1971
f 1601//1601 1971//1971 1602//1602
f 1930//1930 1931//1931 1971//1971
f 1930//1930 1971//1971 1970//1970
f 1602//1602 1971//1971 1972//1972
f 1602//1602 1972//1972 1603//1603
f 1603//1603 1972//1972 1973//1973
f 1603//1603 1973//1973 1604//1604
f 1604//1604 1973//1973 1974//1974
f 1604//1604 1974//1974 1605//1605
f 1561//1561 1606//1606 1975//1975
f 1561//1561 1975//1975 1935//1935
f 1605//1605 1974//1974 1975//1975
f 1605//1605 1975//1975 1606//1606
f 1936//1936 1976//1976 1977//1977
f 1936//1936 1977//1977 1937//1937
f 1607//1607 1608//1608 1979//1979
f 1607//1607 1979//1979 1978//1978
f 1565//1565 1940//1940 1980//1980
f 1565//1565 1980//1980 1609//1609
f 1566//1566 1610//1610 1981//1981
f 1566//1566 1981//1981 1941//1941
f 1609//1609 1980//1980 1981//1981
f 1609//1609 1981//1981 1610//1610
f 1567//1567 1942//1942 1982//1982
f 1567//1567 1982//1982 1611//1611
f 1610//1610 1611//1611 1982//1982
f 1610//1610 1982//1982 1981//1981
f 1941//1941 1981//1981 1982//1982
f 1941//1941 1982//1982 1942//1942
f 1568//1568 1612//1612 1983//1983
f 1568//1568 1983//1983 1943//1943
f 1611//1611 1982//1982 1983//1983
f 1611//1611 1983//1983 1612//1612
f 1575//1575 1950//1950 1984//1984
f 1575//1575 1984//1984 1613//1613
f 1613//1613 1984//1984 1985//1985
f 1613//1613 1985//1985 1614//1614
f 1950//1950 1951//1951 1985//1985
f 1950//1950 1985//1985 1984//1984
f 1614//1614 1985//1985 1986//1986
f 1614//1614 1986//1986 1615//1615
f 1951//1951 1952//1952 1986//1986
f 1951//1951 1986//1986 1985//1985
f 1615//1615 1986//1986 1987//1987
f 1615//1615 1987//1987 1616//1616
f 1952//1952 1953//1953 1987//1987
f 1952//1952 1987//1987 1986//1986
f 1577//1577 1617//1617 1988//1988
f 1577//1577 1988//1988 1954//1954
f 1616//1616 1987//1987 1988//1988
f 1616//1616 1988//1988 1617//1617
f 1953//1953 1954//1954 1988//1988
f 1953//1953 1988//1988 1987//1987
f 1587//1587 1956//1956 1989//1989
f 1587//1587 1989//1989 1627//1627
f 1627//1627 1989//1989 1990//1990
f 1627//1627 1990//1990 1628//1628
f 1956//1956 1957//1957 1990//1990
f 1956//1956 1990//1990 1989//1989
f 1628//1628 1990//1990 1991//1991
f 1628//1628 1991//1991 1629//1629
f 1957//1957 1958//1958 1991//1991
f 1957//1957 1991//1991 1990//1990
f 1958//1958 1959//1959 1992//1992
f 1958//1958 1992//1992 1991//1991
f 1630//1630 1992//1992 1993//1993
f 1630//1630 1993//1993 1631//1631
f 1959//1959 1960//1960 1993//1993
f 1959//1959 1993//1993 1992//1992
f 1960//1960 1961//1961 1994//1994
f 1960//1960 1994//1994 1993//1993
f 1632//1632 1994//1994 1995//1995
f 1632//1632 1995//1995 1633//1633
f 1961//1961 1962//1962 1995//1995
f 1961//1961 1995//1995 1994//1994
f 1588//1588 1634//1634 1996//1996
f 1588//1588 1996//1996 1963//1963
f 1633//1633 1995//1995 1996//1996
f 1633//1633 1996//1996 1634//1634
f 1962//1962 1963//1963 1996//1996
f 1962//1962 1996//1996 1995//1995
f 1598//1598 1965//1965 1997//1997
f 1598//1598 1997//1997 1644//1644
f 1644//1644 1997//1997 1998//1998
f 1644//1644 1998//1998 1645//1645
f 1965//1965 1966//1966 1998//1998
f 1965//1965 1998//1998 1997//1997
f 1645//1645 1998//1998 1999//1999
f 1645//1645 1999//1999 1646//1646
f 1966//1966 1967//1967 1999//1999
f 1966//1966 1999//1999 1998//1998
f 1646//1646 1999//1999 2000//2000
f 1646//1646 2000//2000 1647//1647
f 1967//1967 1968//1968 2000//2000
f 1967//1967 2000//2000 1999//1999
f 1600//1600 1648//1648 2001//2001
f 1600//1600 2001//2001 1969//1969
f 1647//1647 2000//2000 2001//2001
f 1647//1647 2001//2001 1648//1648
f 1968//1968 1969//1969 2001//2001
f 1968//1968 2001//2001 2000//2000
f 1649//1649 1650//1650 2003//2003
f 1649//1649 2003//2003 2002//2002
f 1976//1976 2002//2002 2003//2003
f 1976//1976 2003//2003 1977//1977
f 1607//1607 1978//1978 2004//2004
f 1607//1607 2004//2004 1651//1651
f 1650//1650 1651//1651 2004//2004
f 1650//1650 2004//2004 2003//2003
f 1977//1977 2003//2003 2004//2004
f 1977//1977 2004//2004 1978//1978
f 1608//1608 1652//1652 2005//2005
f 1608//1608 2005//2005 1979//1979
f 1651//1651 2004//2004 2005//2005
f 1651//1651 2005//2005 1652//1652
f 1610//1610 1981//1981 2007//2007
f 1610//1610 2007//2007 1653//1653
f 1980//1980 2006//2006 2007//2007
f 1980//1980 2007//2007 1981//1981
f 1611//1611 1654//1654 2008//2008
f 1611//1611 2008//2008 1982//1982
f 1653//1653 2007//2007 2008//2008
f 1653//1653 2008//2008 1654//1654
f 1629//1629 1991//1991 2009//2009
f 1629//1629 2009//2009 1659//1659
f 1630//1630 1660//1660 2010//2010
f 1630//1630 2010//2010 1992//1992
f 1659//1659 2009//2009 2010//2010
f 1659//1659 2010//2010 1660//1660
f 1991//1991 1992//1992 2010//2010
f 1991//1991 2010//2010 2009//2009
f 1631//1631 1993//1993 2011//2011
f 1631//1631 2011//2011 1661//1661
f 1660//1660 1661//1661 2011//2011
f 1660//1660 2011//2011 2010//2010
f 1632//1632 1662//1662 2012//2012
f 1632//1632 2012//2012 1994//1994
f 1661//1661 2011//2011 2012//2012
f 1661//1661 2012//2012 1662//1662
f 1993//1993 1994//1994 2012//2012
f 1993//1993 2012//2012 2011//2011
f 1649//1649 2002//2002 2013//2013
f 1649//1649 2013//2013 1667//1667
f 1667//1667 2013//2013 2014//2014
f 1667//1667 2014//2014 1668//1668
f 2002//2002 2003//2003 2014//2014
f 2002//2002 2014//2014 2013//2013
f 1651//1651 1669//1669 2015//2015
f 1651//1651 2015//2015 2004//2004
f 1668//1668 2014//2014 2015//2015
f 1668//1668 2015//2015 1669//1669
f 2004//2004 2015//2015 2016//2016
f 2004//2004 2016//2016 2005//2005
f 1660//1660 2010//2010 2017//2017
f 1660//1660 2017//2017 1673//1673
f 1661//1661 1674//1674 2018//2018
f 1661//1661 2018//2018 2011//2011
f 2010//2010 2011//2011 2018//2018
f 2010//2010 2018//2018 2017//2017
f 1673//1673 2017//2017 2021//2021
f 1673//1673 2021//2021 1681//1681
f 1680//1680 1681//1681 2021//2021
f 1680//1680 2021//2021 2020//2020
f 1674//1674 1682//1682 2022//2022
f 1674//1674 2022//2022 2018//2018
f 2017//2017 2018//2018 2022//2022
f 2017//2017 2022//2022 2021//2021
f 1682//1682 1683//1683 2023//2023
f 1682//1682 2023//2023 2022//2022
f 1680//1680 2020//2020 2026//2026
f 1680//1680 2026//2026 1687//1687
f 1686//1686 1687//1687 2026//2026
f 1686//1686 2026//2026 2025//2025
f 2019//2019 2025//2025 2026//2026
f 2019//2019 2026//2026 2020//2020
f 1683//1683 1688//1688 2027//2027
f 1683//1683 2027//2027 2023//2023
f 1688//1688 1689//1689 2028//2028
f 1688//1688 2028//2028 2027//2027
f 2023//2023 2027//2027 2028//2028
f 2023//2023 2028//2028 2024//2024
f 1686//1686 2025//2025 2030//2030
f 1686//1686 2030//2030 1691//1691
f 1690//1690 1691//1691 2030//2030
f 1690//1690 2030//2030 2029//2029
f 1689//1689 1692//1692 2031//2031
f 1689//1689 2031//2031 2028//2028
f 1692//1692 1693//1693 2032//2032
f 1692//1692 2032//2032 2031//2031
f 1690//1690 2029//2029 2033//2033
f 1690//1690 2033//2033 1694//1694
f 2029//2029 2030//2030 2034//2034
f 2029//2029 2034//2034 2033//2033
f 1693//1693 1695//1695 2036//2036
f 1693//1693 2036//2036 2032//2032
f 2031//2031 2032//2032 2036//2036
f 2031//2031 2036//2036 2035//2035
f 1694//1694 2033//2033 2038//2038
f 1694//1694 2038//2038 1697//1697
f 1696//1696 1697//1697 2038//2038
f 1696//1696 2038//2038 2037//2037
f 2033//2033 2034//2034 2039//2039
f 2033//2033 2039//2039 2038//2038
f 1695//1695 1698//1698 2041//2041
f 1695//1695 2041//2041 2036//2036
f 2035//2035 2036//2036 2041//2041
f 2035//2035 2041//2041 2040//2040
f 1698//1698 1699//1699 2042//2042
f 1698//1698 2042//2042 2041//2041
f 1696//1696 2037//2037 2043//2043
f 1696//1696 2043//2043 1700//1700
f 1700//1700 2043//2043 2044//2044
f 1700//1700 2044//2044 1701//1701
f 2037//2037 2038//2038 2044//2044
f 2037//2037 2044//2044 2043//2043
f 1699//1699 1703//1703 2046//2046
f 1699//1699 2046//2046 2042//2042
f 1702//1702 2045//2045 2046//2046
f 1702//1702 2046//2046 1703//1703
f 2041//2041 2042//2042 2046//2046
f 2041//2041 2046//2046 2045//2045
f 1701//1701 2044//2044 2048//2048
f 1701//1701 2048//2048 1704//1704
f 1704//1704 2048//2048 2049//2049
f 1704//1704 2049//2049 1705//1705
f 1702//1702 1707//1707 2053//2053
f 1702//1702 2053//2053 2045//2045
f 1706//1706 2052//2052 2053//2053
f 1706//1706 2053//2053 1707//1707
f 2047//2047 2057//2057 2058//2058
f 2047//2047 2058//2058 2048//2048
f 1705//1705 2049//2049 2059//2059
f 1705//1705 2059//2059 1708//1708
f 2050//2050 2051//2051 2061//2061
f 2050//2050 2061//2061 2060//2060
f 1706//1706 1711//1711 2062//2062
f 1706//1706 2062//2062 2052//2052
f 2053//2053 2063//2063 2064//2064
f 2053//2053 2064//2064 2054//2054
f 2055//2055 2067//2067 2068//2068
f 2055//2055 2068//2068 2056//2056
f 2056//2056 2068//2068 2069//2069
f 2056//2056 2069//2069 2057//2057
f 1708//1708 2059//2059 2070//2070
f 1708//1708 2070//2070 1712//1712
f 1712//1712 2070//2070 2071//2071
f 1712//1712 2071//2071 1713//1713
f 1713//1713 2071//2071 2072//2072
f 1713//1713 2072//2072 1714//1714
f 1714//1714 2072//2072 2073//2073
f 1714//1714 2073//2073 1715//1715
f 1715//1715 2073//2073 2074//2074
f 1715//1715 2074//2074 1716//1716
f 1711//1711 1717//1717 2075//2075
f 1711//1711 2075//2075 2062//2062
f 1716//1716 2074//2074 2075//2075
f 1716//1716 2075//2075 1717//1717
f 2063//2063 2076//2076 2077//2077
f 2063//2063 2077//2077 2064//2064
f 2064//2064 2077//2077 2078//2078
f 2064//2064 2078//2078 2065//2065
f 2065//2065 2078//2078 2079//2079
f 2065//2065 2079//2079 2066//2066
f 2067//2067 2080//2080 2081//2081
f 2067//2067 2081//2081 2068//2068
f 2068//2068 2081//2081 2082//2082
f 2068//2068 2082//2082 2069//2069
f 2075//2075 2083//2083 2084//2084
f 2075//2075 2084//2084 2076//2076
f 2078//2078 2086//2086 2087//2087
f 2078//2078 2087//2087 2079//2079
f 2080//2080 2088//2088 2089//2089
f 2080//2080 2089//2089 2081//2081
f 2084//2084 2090//2090 2091//2091
f 2084//2084 2091//2091 2085//2085
f 1718//1718 1719//1719 2093//2093
f 1718//1718 2093//2093 2092//2092
f 1719//1719 1720//1720 2094//2094
f 1719//1719 2094//2094 2093//2093
f 1721//1721 1722//1722 2096//2096
f 1721//1721 2096//2096 2095//2095
f 1722//1722 1723//1723 2097//2097
f 1722//1722 2097//2097 2096//2096
f 1718//1718 2092//2092 2098//2098
f 1718//1718 2098//2098 1724//1724
f 1720//1720 1726//1726 2100//2100
f 1720//1720 2100//2100 2094//2094
f 1725//1725 2099//2099 2100//2100
f 1725//1725 2100//2100 1726//1726
f 1721//1721 2095//2095 2101//2101
f 1721//1721 2101//2101 1727//1727
f 1727//1727 2101//2101 2102//2102
f 1727//1727 2102//2102 1728//1728
f 1723//1723 1729//1729 2103//2103
f 1723//1723 2103//2103 2097//2097
f 1724//1724 2098//2098 2104//2104
f 1724//1724 2104//2104 1730//1730
f 1725//1725 1731//1731 2105//2105
f 1725//1725 2105//2105 2099//2099
f 1730//1730 2104//2104 2105//2105
f 1730//1730 2105//2105 1731//1731
f 2098//2098 2099//2099 2105//2105
f 2098//2098 2105//2105 2104//2104
f 1728//1728 2102//2102 2106//2106
f 1728//1728 2106//2106 1734//1734
f 1729//1729 1735//1735 2107//2107
f 1729//1729 2107//2107 2103//2103
f 1734//1734 2106//2106 2107//2107
f 1734//1734 2107//2107 1735//1735
f 2102//2102 2103//2103 2107//2107
f 2102//2102 2107//2107 2106//2106
f 1781//1781 1782//1782 2109//2109
f 1781//1781 2109//2109 2108//2108
f 1785//1785 1786//1786 2111//2111
f 1785//1785 2111//2111 2110//2110
f 1781//1781 2108//2108 2113//2113
f 1781//1781 2113//2113 1789//1789
f 1788//1788 1789//1789 2113//2113
f 1788//1788 2113//2113 2112//2112
f 1782//1782 1790//1790 2114//2114
f 1782//1782 2114//2114 2109//2109
f 2108//2108 2109//2109 2114//2114
f 2108//2108 2114//2114 2113//2113
f 1785//1785 2110//2110 2115//2115
f 1785//1785 2115//2115 1793//1793
f 1786//1786 1794//1794 2116//2116
f 1786//1786 2116//2116 2111//2111
f 2110//2110 2111//2111 2116//2116
f 2110//2110 2116//2116 2115//2115
f 1794//1794 1795//1795 2117//2117
f 1794//1794 2117//2117 2116//2116
f 1788//1788 2112//2112 2118//2118
f 1788//1788 2118//2118 1797//1797
f 2112//2112 2113//2113 2119//2119
f 2112//2112 2119//2119 2118//2118
f 1790//1790 1798//1798 2120//2120
f 1790//1790 2120//2120 2114//2114
f 2113//2113 2114//2114 2120//2120
f 2113//2113 2120//2120 2119//2119
f 1798//1798 1799//1799 2121//2121
f 1798//1798 2121//2121 2120//2120
f 1793//1793 2115//2115 2123//2123
f 1793//1793 2123//2123 1801//1801
f 1800//1800 1801//1801 2123//2123
f 1800//1800 2123//2123 2122//2122
f 2115//2115 2116//2116 2124//2124
f 2115//2115 2124//2124 2123//2123
f 1795//1795 1802//1802 2125//2125
f 1795//1795 2125//2125 2117//2117
f 2116//2116 2117//2117 2125//2125
f 2116//2116 2125//2125 2124//2124
f 1797//1797 2118//2118 2127//2127
f 1797//1797 2127//2127 1805//1805
f 1804//1804 1805//1805 2127//2127
f 1804//1804 2127//2127 2126//2126
f 2118//2118 2119//2119 2128//2128
f 2118//2118 2128//2128 2127//2127
f 2119//2119 2120//2120 2129//2129
f 2119//2119 2129//2129 2128//2128
f 1799//1799 1806//1806 2130//2130
f 1799//1799 2130//2130 2121//2121
f 2120//2120 2121//2121 2130//2130
f 2120//2120 2130//2130 2129//2129
f 1800//1800 2122//2122 2131//2131
f 1800//1800 2131//2131 1807//1807
f 2122//2122 2123//2123 2132//2132
f 2122//2122 2132//2132 2131//2131
f 2123//2123 2124//2124 2133//2133
f 2123//2123 2133//2133 2132//2132
f 1802//1802 1808//1808 2134//2134
f 1802//1802 2134//2134 2125//2125
f 2124//2124 2125//2125 2134//2134
f 2124//2124 2134//2134 2133//2133
f 1808//1808 1809//1809 2135//2135
f 1808//1808 2135//2135 2134//2134
f 1804//1804 2126//2126 2136//2136
f 1804//1804 2136//2136 1810//1810
f 2126//2126 2127//2127 2137//2137
f 2126//2126 2137//2137 2136//2136
f 2127//2127 2128//2128 2138//2138
f 2127//2127 2138//2138 2137//2137
f 2128//2128 2129//2129 2139//2139
f 2128//2128 2139//2139 2138//2138
f 1806//1806 1811//1811 2140//2140
f 1806//1806 2140//2140 2130//2130
f 2129//2129 2130//2130 2140//2140
f 2129//2129 2140//2140 2139//2139
f 1807//1807 2131//2131 2141//2141
f 1807//1807 2141//2141 1812//1812
f 2131//2131 2132//2132 2142//2142
f 2131//2131 2142//2142 2141//2141
f 2132//2132 2133//2133 2143//2143
f 2132//2132 2143//2143 2142//2142
f 2133//2133 2134//2134 2144//2144
f 2133//2133 2144//2144 2143//2143
f 1809//1809 1813//1813 2145//2145
f 1809//1809 2145//2145 2135//2135
f 2134//2134 2135//2135 2145//2145
f 2134//2134 2145//2145 2144//2144
f 1810//1810 2136//2136 2146//2146
f 1810//1810 2146//2146 1815//1815
f 2136//2136 2137//2137 2147//2147
f 2136//2136 2147//2147 2146//2146
f 2137//2137 2138//2138 2148//2148
f 2137//2137 2148//2148 2147//2147
f 2138//2138 2139//2139 2149//2149
f 2138//2138 2149//2149 2148//2148
f 1811//1811 1817//1817 2150//2150
f 1811//1811 2150//2150 2140//2140
f 1816//1816 2149//2149 2150//2150
f 1816//1816 2150//2150 1817//1817
f 2139//2139 2140//2140 2150//2150
f 2139//2139 2150//2150 2149//2149
f 1812//1812 2141//2141 2151//2151
f 1812//1812 2151//2151 1818//1818
f 1818//1818 2151//2151 2152//2152
f 1818//1818 2152//2152 1819//1819
f 2141//2141 2142//2142 2152//2152
f 2141//2141 2152//2152 2151//2151
f 2142//2142 2143//2143 2153//2153
f 2142//2142 2153//2153 2152//2152
f 2143//2143 2144//2144 2154//2154
f 2143//2143 2154//2154 2153//2153
f 1813//1813 1820//1820 2155//2155
f 1813//1813 2155//2155 2145//2145
f 2144//2144 2145//2145 2155//2155
f 2144//2144 2155//2155 2154//2154
f 1815//1815 2146//2146 2156//2156
f 1815//1815 2156//2156 1823//1823
f 2146//2146 2147//2147 2157//2157
f 2146//2146 2157//2157 2156//2156
f 2147//2147 2148//2148 2158//2158
f 2147//2147 2158//2158 2157//2157
f 1816//1816 1824//1824 2159//2159
f 1816//1816 2159//2159 2149//2149
f 2148//2148 2149//2149 2159//2159
f 2148//2148 2159//2159 2158//2158
f 1819//1819 2152//2152 2160//2160
f 1819//1819 2160//2160 1827//1827
f 2152//2152 2153//2153 2161//2161
f 2152//2152 2161//2161 2160//2160
f 2153//2153 2154//2154 2162//2162
f 2153//2153 2162//2162 2161//2161
f 1820//1820 1828//1828 2163//2163
f 1820//1820 2163//2163 2155//2155
f 2154//2154 2155//2155 2163//2163
f 2154//2154 2163//2163 2162//2162
f 1823//1823 2156//2156 2164//2164
f 1823//1823 2164//2164 1831//1831
f 2156//2156 2157//2157 2165//2165
f 2156//2156 2165//2165 2164//2164
f 1824//1824 1832//1832 2167//2167
f 1824//1824 2167//2167 2159//2159
f 2158//2158 2159//2159 2167//2167
f 2158//2158 2167//2167 2166//2166
f 1827//1827 2160//2160 2168//2168
f 1827//1827 2168//2168 1835//1835
f 2160//2160 2161//2161 2169//2169
f 2160//2160 2169//2169 2168//2168
f 1828//1828 1836//1836 2171//2171
f 1828//1828 2171//2171 2163//2163
f 2162//2162 2163//2163 2171//2171
f 2162//2162 2171//2171 2170//2170
f 1831//1831 2164//2164 2172//2172
f 1831//1831 2172//2172 1839//1839
f 2164//2164 2165//2165 2173//2173
f 2164//2164 2173//2173 2172//2172
f 1832//1832 1840//1840 2175//2175
f 1832//1832 2175//2175 2167//2167
f 2166//2166 2167//2167 2175//2175
f 2166//2166 2175//2175 2174//2174
f 1835//1835 2168//2168 2176//2176
f 1835//1835 2176//2176 1843//1843
f 2168//2168 2169//2169 2177//2177
f 2168//2168 2177//2177 2176//2176
f 1836//1836 1844//1844 2179//2179
f 1836//1836 2179//2179 2171//2171
f 2170//2170 2171//2171 2179//2179
f 2170//2170 2179//2179 2178//2178
f 1839//1839 2172//2172 2180//2180
f 1839//1839 2180//2180 1847//1847
f 2172//2172 2173//2173 2181//2181
f 2172//2172 2181//2181 2180//2180
f 1840//1840 1848//1848 2183//2183
f 1840//1840 2183//2183 2175//2175
f 2174//2174 2175//2175 2183//2183
f 2174//2174 2183//2183 2182//2182
f 1843//1843 2176//2176 2184//2184
f 1843//1843 2184//2184 1851//1851
f 2176//2176 2177//2177 2185//2185
f 2176//2176 2185//2185 2184//2184
f 1844//1844 1852//1852 2187//2187
f 1844//1844 2187//2187 2179//2179
f 2178//2178 2179//2179 2187//2187
f 2178//2178 2187//2187 2186//2186
f 1847//1847 2180//2180 2188//2188
f 1847//1847 2188//2188 1854//1854
f 2180//2180 2181//2181 2189//2189
f 2180//2180 2189//2189 2188//2188
f 2181//2181 2182//2182 2190//2190
f 2181//2181 2190//2190 2189//2189
f 1848//1848 1855//1855 2191//2191
f 1848//1848 2191//2191 2183//2183
f 2182//2182 2183//2183 2191//2191
f 2182//2182 2191//2191 2190//2190
f 1855//1855 1856//1856 2192//2192
f 1855//1855 2192//2192 2191//2191
f 1856//1856 1857//1857 2193//2193
f 1856//1856 2193//2193 2192//2192
f 1851//1851 2184//2184 2194//2194
f 1851//1851 2194//2194 1858//1858
f 1857//1857 1858//1858 2194//2194
f 1857//1857 2194//2194 2193//2193
f 2184//2184 2185//2185 2195//2195
f 2184//2184 2195//2195 2194//2194
f 2185//2185 2186//2186 2196//2196
f 2185//2185 2196//2196 2195//2195
f 1852//1852 1859//1859 2197//2197
f 1852//1852 2197//2197 2187//2187
f 2186//2186 2187//2187 2197//2197
f 2186//2186 2197//2197 2196//2196
f 1854//1854 2188//2188 2198//2198
f 1854//1854 2198//2198 1860//1860
f 2188//2188 2189//2189 2199//2199
f 2188//2188 2199//2199 2198//2198
f 2189//2189 2190//2190 2200//2200
f 2189//2189 2200//2200 2199//2199
f 2190//2190 2191//2191 2201//2201
f 2190//2190 2201//2201 2200//2200
f 2191//2191 2192//2192 2202//2202
f 2191//2191 2202//2202 2201//2201
f 2192//2192 2193//2193 2203//2203
f 2192//2192 2203//2203 2202//2202
f 2193//2193 2194//2194 2204//2204
f 2193//2193 2204//2204 2203//2203
f 2194//2194 2195//2195 2205//2205
f 2194//2194 2205//2205 2204//2204
f 2195//2195 2196//2196 2206//2206
f 2195//2195 2206//2206 2205//2205
f 1859//1859 1861//1861 2207//2207
f 1859//1859 2207//2207 2197//2197
f 2196//2196 2197//2197 2207//2207
f 2196//2196 2207//2207 2206//2206
f 1860//1860 2198//2198 2208//2208
f 1860//1860 2208//2208 1862//1862
f 2198//2198 2199//2199 2209//2209
f 2198//2198 2209//2209 2208//2208
f 2199//2199 2200//2200 2210//2210
f 2199//2199 2210//2210 2209//2209
f 2200//2200 2201//2201 2211//2211
f 2200//2200 2211//2211 2210//2210
f 2204//2204 2205//2205 2213//2213
f 2204//2204 2213//2213 2212//2212
f 2205//2205 2206//2206 2214//2214
f 2205//2205 2214//2214 2213//2213
f 1861//1861 1863//1863 2215//2215
f 1861//1861 2215//2215 2207//2207
f 2206//2206 2207//2207 2215//2215
f 2206//2206 2215//2215 2214//2214
f 1862//1862 2208//2208 2216//2216
f 1862//1862 2216//2216 1864//1864
f 2208//2208 2209//2209 2217//2217
f 2208//2208 2217//2217 2216//2216
f 2209//2209 2210//2210 2218//2218
f 2209//2209 2218//2218 2217//2217
f 2213//2213 2214//2214 2220//2220
f 2213//2213 2220//2220 2219//2219
f 1863//1863 1865//1865 2221//2221
f 1863//1863 2221//2221 2215//2215
f 2214//2214 2215//2215 2221//2221
f 2214//2214 2221//2221 2220//2220
f 1864//1864 2216//2216 2222//2222
f 1864//1864 2222//2222 1866//1866
f 1866//1866 2222//2222 2223//2223
f 1866//1866 2223//2223 1867//1867
f 2216//2216 2217//2217 2223//2223
f 2216//2216 2223//2223 2222//2222
f 1865//1865 1869//1869 2225//2225
f 1865//1865 2225//2225 2221//2221
f 1868//1868 2224//2224 2225//2225
f 1868//1868 2225//2225 1869//1869
f 2220//2220 2221//2221 2225//2225
f 2220//2220 2225//2225 2224//2224
f 1867//1867 2223//2223 2226//2226
f 1867//1867 2226//2226 1870//1870
f 1868//1868 1873//1873 2229//2229
f 1868//1868 2229//2229 2224//2224
f 1870//1870 2226//2226 2230//2230
f 1870//1870 2230//2230 1874//1874
f 1874//1874 2230//2230 2231//2231
f 1874//1874 2231//2231 1875//1875
f 2226//2226 2227//2227 2231//2231
f 2226//2226 2231//2231 2230//2230
f 1873//1873 1879//1879 2233//2233
f 1873//1873 2233//2233 2229//2229
f 1878//1878 2232//2232 2233//2233
f 1878//1878 2233//2233 1879//1879
f 2228//2228 2229//2229 2233//2233
f 2228//2228 2233//2233 2232//2232
f 1875//1875 2231//2231 2234//2234
f 1875//1875 2234//2234 1880//1880
f 1878//1878 1883//1883 2235//2235
f 1878//1878 2235//2235 2232//2232
f 1880//1880 2234//2234 2237//2237
f 1880//1880 2237//2237 1885//1885
f 1884//1884 1885//1885 2237//2237
f 1884//1884 2237//2237 2236//2236
f 1883//1883 1886//1886 2238//2238
f 1883//1883 2238//2238 2235//2235
f 1886//1886 1887//1887 2239//2239
f 1886//1886 2239//2239 2238//2238
f 1884//1884 2236//2236 2240//2240
f 1884//1884 2240//2240 1888//1888
f 2236//2236 2237//2237 2241//2241
f 2236//2236 2241//2241 2240//2240
f 1887//1887 1891//1891 2243//2243
f 1887//1887 2243//2243 2239//2239
f 2238//2238 2239//2239 2243//2243
f 2238//2238 2243//2243 2242//2242
f 1888//1888 2240//2240 2244//2244
f 1888//1888 2244//2244 1892//1892
f 1891//1891 1893//1893 2245//2245
f 1891//1891 2245//2245 2243//2243
f 1892//1892 2244//2244 2248//2248
f 1892//1892 2248//2248 1894//1894
f 1893//1893 1895//1895 2249//2249
f 1893//1893 2249//2249 2245//2245
f 1896//1896 1897//1897 2253//2253
f 1896//1896 2253//2253 2252//2252
f 2246//2246 2252//2252 2253//2253
f 2246//2246 2253//2253 2247//2247
f 1894//1894 2248//2248 2254//2254
f 1894//1894 2254//2254 1899//1899
f 1895//1895 1900//1900 2255//2255
f 1895//1895 2255//2255 2249//2249
f 1902//1902 1903//1903 2258//2258
f 1902//1902 2258//2258 2257//2257
f 2250//2250 2257//2257 2258//2258
f 2250//2250 2258//2258 2251//2251
f 1896//1896 2252//2252 2259//2259
f 1896//1896 2259//2259 1904//1904
f 1897//1897 1905//1905 2260//2260
f 1897//1897 2260//2260 2253//2253
f 1904//1904 2259//2259 2260//2260
f 1904//1904 2260//2260 1905//1905
f 1906//1906 1907//1907 2262//2262
f 1906//1906 2262//2262 2261//2261
f 1908//1908 1909//1909 2264//2264
f 1908//1908 2264//2264 2263//2263
f 1909//1909 1910//1910 2265//2265
f 1909//1909 2265//2265 2264//2264
f 1910//1910 1911//1911 2266//2266
f 1910//1910 2266//2266 2265//2265
f 1911//1911 1912//1912 2267//2267
f 1911//1911 2267//2267 2266//2266
f 1899//1899 2254//2254 2268//2268
f 1899//1899 2268//2268 1920//1920
f 1920//1920 2268//2268 2269//2269
f 1920//1920 2269//2269 1921//1921
f 1900//1900 1923//1923 2275//2275
f 1900//1900 2275//2275 2255//2255
f 1922//1922 2274//2274 2275//2275
f 1922//1922 2275//2275 1923//1923
f 1931//1931 1932//1932 2277//2277
f 1931//1931 2277//2277 2276//2276
f 1932//1932 1933//1933 2278//2278
f 1932//1932 2278//2278 2277//2277
f 1933//1933 1934//1934 2279//2279
f 1933//1933 2279//2279 2278//2278
f 1934//1934 1935//1935 2280//2280
f 1934//1934 2280//2280 2279//2279
f 1936//1936 1937//1937 2282//2282
f 1936//1936 2282//2282 2281//2281
f 1902//1902 2257//2257 2283//2283
f 1902//1902 2283//2283 1938//1938
f 2256//2256 2282//2282 2283//2283
f 2256//2256 2283//2283 2257//2257
f 1903//1903 1939//1939 2284//2284
f 1903//1903 2284//2284 2258//2258
f 1938//1938 2283//2283 2284//2284
f 1938//1938 2284//2284 1939//1939
f 1940//1940 1941//1941 2286//2286
f 1940//1940 2286//2286 2285//2285
f 1906//1906 2261//2261 2287//2287
f 1906//1906 2287//2287 1942//1942
f 1941//1941 1942//1942 2287//2287
f 1941//1941 2287//2287 2286//2286
f 1907//1907 1943//1943 2288//2288
f 1907//1907 2288//2288 2262//2262
f 2261//2261 2262//2262 2288//2288
f 2261//2261 2288//2288 2287//2287
f 1908//1908 2263//2263 2289//2289
f 1908//1908 2289//2289 1944//1944
f 1944//1944 2289//2289 2290//2290
f 1944//1944 2290//2290 1945//1945
f 2263//2263 2264//2264 2290//2290
f 2263//2263 2290//2290 2289//2289
f 1945//1945 2290//2290 2291//2291
f 1945//1945 2291//2291 1946//1946
f 2264//2264 2265//2265 2291//2291
f 2264//2264 2291//2291 2290//2290
f 1946//1946 2291//2291 2292//2292
f 1946//1946 2292//2292 1947//1947
f 1912//1912 1948//1948 2293//2293
f 1912//1912 2293//2293 2267//2267
f 1947//1947 2292//2292 2293//2293
f 1947//1947 2293//2293 1948//1948
f 2266//2266 2267//2267 2293//2293
f 2266//2266 2293//2293 2292//2292
f 1921//1921 2269//2269 2294//2294
f 1921//1921 2294//2294 1957//1957
f 1957//1957 2294//2294 2295//2295
f 1957//1957 2295//2295 1958//1958
f 2269//2269 2270//2270 2295//2295
f 2269//2269 2295//2295 2294//2294
f 1958//1958 2295//2295 2296//2296
f 1958//1958 2296//2296 1959//1959
f 2270//2270 2271//2271 2296//2296
f 2270//2270 2296//2296 2295//2295
f 1959//1959 2296//2296 2297//2297
f 1959//1959 2297//2297 1960//1960
f 2271//2271 2272//2272 2297//2297
f 2271//2271 2297//2297 2296//2296
f 1960//1960 2297//2297 2298//2298
f 1960//1960 2298//2298 1961//1961
f 2272//2272 2273//2273 2298//2298
f 2272//2272 2298//2298 2297//2297
f 1922//1922 1962//1962 2299//2299
f 1922//1922 2299//2299 2274//2274
f 1961//1961 2298//2298 2299//2299
f 1961//1961 2299//2299 1962//1962
f 2273//2273 2274//2274 2299//2299
f 2273//2273 2299//2299 2298//2298
f 1931//1931 2276//2276 2300//2300
f 1931//1931 2300//2300 1971//1971
f 1971//1971 2300//2300 2301//2301
f 1971//1971 2301//2301 1972//1972
f 2276//2276 2277//2277 2301//2301
f 2276//2276 2301//2301 2300//2300
f 1972//1972 2301//2301 2302//2302
f 1972//1972 2302//2302 1973//1973
f 1973//1973 2302//2302 2303//2303
f 1973//1973 2303//2303 1974//1974
f 2278//2278 2279//2279 2303//2303
f 2278//2278 2303//2303 2302//2302
f 1935//1935 1975//1975 2304//2304
f 1935//1935 2304//2304 2280//2280
f 1974//1974 2303//2303 2304//2304
f 1974//1974 2304//2304 1975//1975
f 2279//2279 2280//2280 2304//2304
f 2279//2279 2304//2304 2303//2303
f 1936//1936 2281//2281 2305//2305
f 1936//1936 2305//2305 1976//1976
f 1937//1937 1977//1977 2306//2306
f 1937//1937 2306//2306 2282//2282
f 2281//2281 2282//2282 2306//2306
f 2281//2281 2306//2306 2305//2305
f 1977//1977 1978//1978 2307//2307
f 1977//1977 2307//2307 2306//2306
f 1978//1978 1979//1979 2308//2308
f 1978//1978 2308//2308 2307//2307
f 1940//1940 2285//2285 2309//2309
f 1940//1940 2309//2309 1980//1980
f 2285//2285 2286//2286 2310//2310
f 2285//2285 2310//2310 2309//2309
f 2286//2286 2287//2287 2311//2311
f 2286//2286 2311//2311 2310//2310
f 1943//1943 1983//1983 2312//2312
f 1943//1943 2312//2312 2288//2288
f 1982//1982 2311//2311 2312//2312
f 1982//1982 2312//2312 1983//1983
f 1976//1976 2305//2305 2317//2317
f 1976//1976 2317//2317 2002//2002
f 2002//2002 2317//2317 2318//2318
f 2002//2002 2318//2318 2003//2003
f 2305//2305 2306//2306 2318//2318
f 2305//2305 2318//2318 2317//2317
f 2306//2306 2307//2307 2319//2319
f 2306//2306 2319//2319 2318//2318
f 1979//1979 2005//2005 2320//2320
f 1979//1979 2320//2320 2308//2308
f 1980//1980 2309//2309 2321//2321
f 1980//1980 2321//2321 2006//2006
f 2006//2006 2321//2321 2322//2322
f 2006//2006 2322//2322 2007//2007
f 2309//2309 2310//2310 2322//2322
f 2309//2309 2322//2322 2321//2321
f 1982//1982 2008//2008 2323//2323
f 1982//1982 2323//2323 2311//2311
f 2007//2007 2322//2322 2323//2323
f 2007//2007 2323//2323 2008//2008
f 2310//2310 2311//2311 2323//2323
f 2310//2310 2323//2323 2322//2322
f 2311//2311 2323//2323 2324//2324
f 2311//2311 2324//2324 2312//2312
f 2313//2313 2325//2325 2326//2326
f 2313//2313 2326//2326 2314//2314
f 2315//2315 2327//2327 2328//2328
f 2315//2315 2328//2328 2316//2316
f 2003//2003 2318//2318 2329//2329
f 2003//2003 2329//2329 2014//2014
f 2014//2014 2329//2329 2330//2330
f 2014//2014 2330//2330 2015//2015
f 2318//2318 2319//2319 2330//2330
f 2318//2318 2330//2330 2329//2329
f 2005//2005 2016//2016 2331//2331
f 2005//2005 2331//2331 2320//2320
f 2015//2015 2330//2330 2331//2331
f 2015//2015 2331//2331 2016//2016
f 2319//2319 2320//2320 2331//2331
f 2319//2319 2331//2331 2330//2330
f 2325//2325 2334//2334 2335//2335
f 2325//2325 2335//2335 2326//2326
f 2327//2327 2338//2338 2339//2339
f 2327//2327 2339//2339 2328//2328
f 2332//2332 2341//2341 2342//2342
f 2332//2332 2342//2342 2333//2333
f 2333//2333 2342//2342 2343//2343
f 2333//2333 2343//2343 2334//2334
f 2019//2019 2020//2020 2344//2344
f 2019//2019 2344//2344 2343//2343
f 2020//2020 2021//2021 2345//2345
f 2020//2020 2345//2345 2344//2344
f 2021//2021 2022//2022 2346//2346
f 2021//2021 2346//2346 2345//2345
f 2336//2336 2345//2345 2346//2346
f 2336//2336 2346//2346 2337//2337
f 2022//2022 2023//2023 2347//2347
f 2022//2022 2347//2347 2346//2346
f 2023//2023 2024//2024 2348//2348
f 2023//2023 2348//2348 2347//2347
f 2339//2339 2348//2348 2349//2349
f 2339//2339 2349//2349 2340//2340
f 2019//2019 2343//2343 2352//2352
f 2019//2019 2352//2352 2025//2025
f 2024//2024 2028//2028 2357//2357
f 2024//2024 2357//2357 2348//2348
f 2350//2350 2360//2360 2361//2361
f 2350//2350 2361//2361 2351//2351
f 2025//2025 2352//2352 2362//2362
f 2025//2025 2362//2362 2030//2030
f 2353//2353 2354//2354 2364//2364
f 2353//2353 2364//2364 2363//2363
f 2354//2354 2355//2355 2365//2365
f 2354//2354 2365//2365 2364//2364
f 2355//2355 2356//2356 2366//2366
f 2355//2355 2366//2366 2365//2365
f 2028//2028 2031//2031 2367//2367
f 2028//2028 2367//2367 2357//2357
f 2358//2358 2368//2368 2369//2369
f 2358//2358 2369//2369 2359//2359
f 2030//2030 2362//2362 2372//2372
f 2030//2030 2372//2372 2034//2034
f 2364//2364 2365//2365 2374//2374
f 2364//2364 2374//2374 2373//2373
f 2031//2031 2035//2035 2375//2375
f 2031//2031 2375//2375 2367//2367
f 2370//2370 2378//2378 2379//2379
f 2370//2370 2379//2379 2371//2371
f 2034//2034 2372//2372 2381//2381
f 2034//2034 2381//2381 2039//2039
f 2038//2038 2039//2039 2381//2381
f 2038//2038 2381//2381 2380//2380
f 2373//2373 2374//2374 2384//2384
f 2373//2373 2384//2384 2383//2383
f 2035//2035 2040//2040 2386//2386
f 2035//2035 2386//2386 2375//2375
f 2040//2040 2041//2041 2387//2387
f 2040//2040 2387//2387 2386//2386
f 2376//2376 2388//2388 2389//2389
f 2376//2376 2389//2389 2377//2377
f 2038//2038 2380//2380 2390//2390
f 2038//2038 2390//2390 2044//2044
f 2380//2380 2381//2381 2391//2391
f 2380//2380 2391//2391 2390//2390
f 2382//2382 2383//2383 2393//2393
f 2382//2382 2393//2393 2392//2392
f 2383//2383 2384//2384 2394//2394
f 2383//2383 2394//2394 2393//2393
f 2384//2384 2385//2385 2395//2395
f 2384//2384 2395//2395 2394//2394
f 2041//2041 2045//2045 2397//2397
f 2041//2041 2397//2397 2387//2387
f 2386//2386 2387//2387 2397//2397
f 2386//2386 2397//2397 2396//2396
f 2044//2044 2390//2390 2399//2399
f 2044//2044 2399//2399 2048//2048
f 2047//2047 2048//2048 2399//2399
f 2047//2047 2399//2399 2398//2398
f 2048//2048 2399//2399 2400//2400
f 2048//2048 2400//2400 2049//2049
f 2390//2390 2391//2391 2400//2400
f 2390//2390 2400//2400 2399//2399
f 2050//2050 2401//2401 2402//2402
f 2050//2050 2402//2402 2051//2051
f 2045//2045 2053//2053 2404//2404
f 2045//2045 2404//2404 2397//2397
f 2052//2052 2403//2403 2404//2404
f 2052//2052 2404//2404 2053//2053
f 2396//2396 2397//2397 2404//2404
f 2396//2396 2404//2404 2403//2403
f 2053//2053 2054//2054 2405//2405
f 2053//2053 2405//2405 2404//2404
f 2055//2055 2056//2056 2407//2407
f 2055//2055 2407//2407 2406//2406
f 2047//2047 2398//2398 2408//2408
f 2047//2047 2408//2408 2057//2057
f 2056//2056 2057//2057 2408//2408
f 2056//2056 2408//2408 2407//2407
f 2048//2048 2058//2058 2409//2409
f 2048//2048 2409//2409 2399//2399
f 2057//2057 2408//2408 2409//2409
f 2057//2057 2409//2409 2058//2058
f 2398//2398 2399//2399 2409//2409
f 2398//2398 2409//2409 2408//2408
f 2049//2049 2400//2400 2410//2410
f 2049//2049 2410//2410 2059//2059
f 2050//2050 2060//2060 2412//2412
f 2050//2050 2412//2412 2401//2401
f 2051//2051 2402//2402 2413//2413
f 2051//2051 2413//2413 2061//2061
f 2060//2060 2061//2061 2413//2413
f 2060//2060 2413//2413 2412//2412
f 2401//2401 2412//2412 2413//2413
f 2401//2401 2413//2413 2402//2402
f 2052//2052 2062//2062 2415//2415
f 2052//2052 2415//2415 2403//2403
f 2053//2053 2404//2404 2416//2416
f 2053//2053 2416//2416 2063//2063
f 2054//2054 2064//2064 2417//2417
f 2054//2054 2417//2417 2405//2405
f 2404//2404 2405//2405 2417//2417
f 2404//2404 2417//2417 2416//2416
f 2064//2064 2065//2065 2418//2418
f 2064//2064 2418//2418 2417//2417
f 2065//2065 2066//2066 2419//2419
f 2065//2065 2419//2419 2418//2418
f 2055//2055 2406//2406 2420//2420
f 2055//2055 2420//2420 2067//2067
f 2406//2406 2407//2407 2421//2421
f 2406//2406 2421//2421 2420//2420
f 2057//2057 2069//2069 2422//2422
f 2057//2057 2422//2422 2408//2408
f 2407//2407 2408//2408 2422//2422
f 2407//2407 2422//2422 2421//2421
f 2059//2059 2410//2410 2423//2423
f 2059//2059 2423//2423 2070//2070
f 2070//2070 2423//2423 2424//2424
f 2070//2070 2424//2424 2071//2071
f 2410//2410 2411//2411 2424//2424
f 2410//2410 2424//2424 2423//2423
f 2071//2071 2424//2424 2425//2425
f 2071//2071 2425//2425 2072//2072
f 2072//2072 2425//2425 2426//2426
f 2072//2072 2426//2426 2073//2073
f 2073//2073 2426//2426 2427//2427
f 2073//2073 2427//2427 2074//2074
f 2062//2062 2075//2075 2428//2428
f 2062//2062 2428//2428 2415//2415
f 2074//2074 2427//2427 2428//2428
f 2074//2074 2428//2428 2075//2075
f 2414//2414 2415//2415 2428//2428
f 2414//2414 2428//2428 2427//2427
f 2063//2063 2416//2416 2429//2429
f 2063//2063 2429//2429 2076//2076
f 2075//2075 2076//2076 2429//2429
f 2075//2075 2429//2429 2428//2428
f 2076//2076 2429//2429 2430//2430
f 2076//2076 2430//2430 2077//2077
f 2416//2416 2417//2417 2430//2430
f 2416//2416 2430//2430 2429//2429
f 2077//2077 2430//2430 2431//2431
f 2077//2077 2431//2431 2078//2078
f 2417//2417 2418//2418 2431//2431
f 2417//2417 2431//2431 2430//2430
f 2066//2066 2079//2079 2432//2432
f 2066//2066 2432//2432 2419//2419
f 2418//2418 2419//2419 2432//2432
f 2418//2418 2432//2432 2431//2431
f 2067//2067 2420//2420 2433//2433
f 2067//2067 2433//2433 2080//2080
f 2420//2420 2421//2421 2434//2434
f 2420//2420 2434//2434 2433//2433
f 2069//2069 2082//2082 2435//2435
f 2069//2069 2435//2435 2422//2422
f 2081//2081 2434//2434 2435//2435
f 2081//2081 2435//2435 2082//2082
f 2421//2421 2422//2422 2435//2435
f 2421//2421 2435//2435 2434//2434
f 2075//2075 2428//2428 2437//2437
f 2075//2075 2437//2437 2083//2083
f 2076//2076 2084//2084 2438//2438
f 2076//2076 2438//2438 2429//2429
f 2083//2083 2437//2437 2438//2438
f 2083//2083 2438//2438 2084//2084
f 2428//2428 2429//2429 2438//2438
f 2428//2428 2438//2438 2437//2437
f 2084//2084 2085//2085 2439//2439
f 2084//2084 2439//2439 2438//2438
f 2078//2078 2431//2431 2440//2440
f 2078//2078 2440//2440 2086//2086
f 2079//2079 2087//2087 2441//2441
f 2079//2079 2441//2441 2432//2432
f 2086//2086 2440//2440 2441//2441
f 2086//2086 2441//2441 2087//2087
f 2431//2431 2432//2432 2441//2441
f 2431//2431 2441//2441 2440//2440
f 2080//2080 2433//2433 2442//2442
f 2080//2080 2442//2442 2088//2088
f 2081//2081 2089//2089 2443//2443
f 2081//2081 2443//2443 2434//2434
f 2088//2088 2442//2442 2443//2443
f 2088//2088 2443//2443 2089//2089
f 2433//2433 2434//2434 2443//2443
f 2433//2433 2443//2443 2442//2442
f 2434//2434 2443//2443 2444//2444
f 2434//2434 2444//2444 2435//2435
f 2435//2435 2444//2444 2445//2445
f 2435//2435 2445//2445 2436//2436
f 2084//2084 2438//2438 2446//2446
f 2084//2084 2446//2446 2090//2090
f 2085//2085 2091//2091 2447//2447
f 2085//2085 2447//2447 2439//2439
f 2090//2090 2446//2446 2447//2447
f 2090//2090 2447//2447 2091//2091
f 2439//2439 2447//2447 2448//2448
f 2439//2439 2448//2448 2440//2440
f 2440//2440 2448//2448 2449//2449
f 2440//2440 2449//2449 2441//2441
f 2443//2443 2450//2450 2451//2451
f 2443//2443 2451//2451 2444//2444
f 2446//2446 2452//2452 2453//2453
f 2446//2446 2453//2453 2447//2447
f 2447//2447 2453//2453 2454//2454
f 2447//2447 2454//2454 2448//2448
f 2092//2092 2093//2093 2456//2456
f 2092//2092 2456//2456 2455//2455
f 2093//2093 2094//2094 2457//2457
f 2093//2093 2457//2457 2456//2456
f 2095//2095 2096//2096 2459//2459
f 2095//2095 2459//2459 2458//2458
f 2096//2096 2097//2097 2460//2460
f 2096//2096 2460//2460 2459//2459
f 2092//2092 2455//2455 2461//2461
f 2092//2092 2461//2461 2098//2098
f 2098//2098 2461//2461 2462//2462
f 2098//2098 2462//2462 2099//2099
f 2455//2455 2456//2456 2462//2462
f 2455//2455 2462//2462 2461//2461
f 2094//2094 2100//2100 2463//2463
f 2094//2094 2463//2463 2457//2457
f 2099//2099 2462//2462 2463//2463
f 2099//2099 2463//2463 2100//2100
f 2456//2456 2457//2457 2463//2463
f 2456//2456 2463//2463 2462//2462
f 2095//2095 2458//2458 2464//2464
f 2095//2095 2464//2464 2101//2101
f 2101//2101 2464//2464 2465//2465
f 2101//2101 2465//2465 2102//2102
f 2458//2458 2459//2459 2465//2465
f 2458//2458 2465//2465 2464//2464
f 2097//2097 2103//2103 2466//2466
f 2097//2097 2466//2466 2460//2460
f 2102//2102 2465//2465 2466//2466
f 2102//2102 2466//2466 2103//2103
f 2459//2459 2460//2460 2466//2466
f 2459//2459 2466//2466 2465//2465
f 2157//2157 2158//2158 2468//2468
f 2157//2157 2468//2468 2467//2467
f 2161//2161 2162//2162 2470//2470
f 2161//2161 2470//2470 2469//2469
f 2157//2157 2467//2467 2471//2471
f 2157//2157 2471//2471 2165//2165
f 2158//2158 2166//2166 2472//2472
f 2158//2158 2472//2472 2468//2468
f 2467//2467 2468//2468 2472//2472
f 2467//2467 2472//2472 2471//2471
f 2161//2161 2469//2469 2473//2473
f 2161//2161 2473//2473 2169//2169
f 2162//2162 2170//2170 2474//2474
f 2162//2162 2474//2474 2470//2470
f 2469//2469 2470//2470 2474//2474
f 2469//2469 2474//2474 2473//2473
f 2165//2165 2471//2471 2475//2475
f 2165//2165 2475//2475 2173//2173
f 2166//2166 2174//2174 2476//2476
f 2166//2166 2476//2476 2472//2472
f 2471//2471 2472//2472 2476//2476
f 2471//2471 2476//2476 2475//2475
f 2169//2169 2473//2473 2477//2477
f 2169//2169 2477//2477 2177//2177
f 2170//2170 2178//2178 2478//2478
f 2170//2170 2478//2478 2474//2474
f 2473//2473 2474//2474 2478//2478
f 2473//2473 2478//2478 2477//2477
f 2173//2173 2475//2475 2479//2479
f 2173//2173 2479//2479 2181//2181
f 2174//2174 2182//2182 2480//2480
f 2174//2174 2480//2480 2476//2476
f 2181//2181 2479//2479 2480//2480
f 2181//2181 2480//2480 2182//2182
f 2475//2475 2476//2476 2480//2480
f 2475//2475 2480//2480 2479//2479
f 2177//2177 2477//2477 2481//2481
f 2177//2177 2481//2481 2185//2185
f 2178//2178 2186//2186 2482//2482
f 2178//2178 2482//2482 2478//2478
f 2185//2185 2481//2481 2482//2482
f 2185//2185 2482//2482 2186//2186
f 2477//2477 2478//2478 2482//2482
f 2477//2477 2482//2482 2481//2481
f 2201//2201 2202//2202 2484//2484
f 2201//2201 2484//2484 2483//2483
f 2202//2202 2203//2203 2485//2485
f 2202//2202 2485//2485 2484//2484
f 2203//2203 2204//2204 2486//2486
f 2203//2203 2486//2486 2485//2485
f 2201//2201 2483//2483 2488//2488
f 2201//2201 2488//2488 2211//2211
f 2210//2210 2211//2211 2488//2488
f 2210//2210 2488//2488 2487//2487
f 2483//2483 2484//2484 2489//2489
f 2483//2483 2489//2489 2488//2488
f 2484//2484 2485//2485 2490//2490
f 2484//2484 2490//2490 2489//2489
f 2204//2204 2212//2212 2491//2491
f 2204//2204 2491//2491 2486//2486
f 2485//2485 2486//2486 2491//2491
f 2485//2485 2491//2491 2490//2490
f 2212//2212 2213//2213 2492//2492
f 2212//2212 2492//2492 2491//2491
f 2210//2210 2487//2487 2494//2494
f 2210//2210 2494//2494 2218//2218
f 2217//2217 2218//2218 2494//2494
f 2217//2217 2494//2494 2493//2493
f 2487//2487 2488//2488 2495//2495
f 2487//2487 2495//2495 2494//2494
f 2488//2488 2489//2489 2496//2496
f 2488//2488 2496//2496 2495//2495
f 2489//2489 2490//2490 2497//2497
f 2489//2489 2497//2497 2496//2496
f 2490//2490 2491//2491 2498//2498
f 2490//2490 2498//2498 2497//2497
f 2213//2213 2219//2219 2499//2499
f 2213//2213 2499//2499 2492//2492
f 2491//2491 2492//2492 2499//2499
f 2491//2491 2499//2499 2498//2498
f 2219//2219 2220//2220 2500//2500
f 2219//2219 2500//2500 2499//2499
f 2217//2217 2493//2493 2501//2501
f 2217//2217 2501//2501 2223//2223
f 2493//2493 2494//2494 2502//2502
f 2493//2493 2502//2502 2501//2501
f 2494//2494 2495//2495 2503//2503
f 2494//2494 2503//2503 2502//2502
f 2495//2495 2496//2496 2504//2504
f 2495//2495 2504//2504 2503//2503
f 2496//2496 2497//2497 2505//2505
f 2496//2496 2505//2505 2504//2504
f 2497//2497 2498//2498 2506//2506
f 2497//2497 2506//2506 2505//2505
f 2498//2498 2499//2499 2507//2507
f 2498//2498 2507//2507 2506//2506
f 2220//2220 2224//2224 2508//2508
f 2220//2220 2508//2508 2500//2500
f 2499//2499 2500//2500 2508//2508
f 2499//2499 2508//2508 2507//2507
f 2223//2223 2501//2501 2509//2509
f 2223//2223 2509//2509 2226//2226
f 2226//2226 2509//2509 2510//2510
f 2226//2226 2510//2510 2227//2227
f 2501//2501 2502//2502 2510//2510
f 2501//2501 2510//2510 2509//2509
f 2502//2502 2503//2503 2511//2511
f 2502//2502 2511//2511 2510//2510
f 2503//2503 2504//2504 2512//2512
f 2503//2503 2512//2512 2511//2511
f 2504//2504 2505//2505 2513//2513
f 2504//2504 2513//2513 2512//2512
f 2505//2505 2506//2506 2514//2514
f 2505//2505 2514//2514 2513//2513
f 2506//2506 2507//2507 2515//2515
f 2506//2506 2515//2515 2514//2514
f 2224//2224 2229//2229 2516//2516
f 2224//2224 2516//2516 2508//2508
f 2228//2228 2515//2515 2516//2516
f 2228//2228 2516//2516 2229//2229
f 2507//2507 2508//2508 2516//2516
f 2507//2507 2516//2516 2515//2515
f 2227//2227 2510//2510 2517//2517
f 2227//2227 2517//2517 2231//2231
f 2510//2510 2511//2511 2518//2518
f 2510//2510 2518//2518 2517//2517
f 2511//2511 2512//2512 2519//2519
f 2511//2511 2519//2519 2518//2518
f 2512//2512 2513//2513 2520//2520
f 2512//2512 2520//2520 2519//2519
f 2513//2513 2514//2514 2521//2521
f 2513//2513 2521//2521 2520//2520
f 2228//2228 2232//2232 2522//2522
f 2228//2228 2522//2522 2515//2515
f 2514//2514 2515//2515 2522//2522
f 2514//2514 2522//2522 2521//2521
f 2231//2231 2517//2517 2523//2523
f 2231//2231 2523//2523 2234//2234
f 2517//2517 2518//2518 2524//2524
f 2517//2517 2524//2524 2523//2523
f 2518//2518 2519//2519 2525//2525
f 2518//2518 2525//2525 2524//2524
f 2519//2519 2520//2520 2526//2526
f 2519//2519 2526//2526 2525//2525
f 2520//2520 2521//2521 2527//2527
f 2520//2520 2527//2527 2526//2526
f 2232//2232 2235//2235 2528//2528
f 2232//2232 2528//2528 2522//2522
f 2521//2521 2522//2522 2528//2528
f 2521//2521 2528//2528 2527//2527
f 2234//2234 2523//2523 2529//2529
f 2234//2234 2529//2529 2237//2237
f 2523//2523 2524//2524 2530//2530
f 2523//2523 2530//2530 2529//2529
f 2524//2524 2525//2525 2531//2531
f 2524//2524 2531//2531 2530//2530
f 2525//2525 2526//2526 2532//2532
f 2525//2525 2532//2532 2531//2531
f 2526//2526 2527//2527 2533//2533
f 2526//2526 2533//2533 2532//2532
f 2235//2235 2238//2238 2534//2534
f 2235//2235 2534//2534 2528//2528
f 2527//2527 2528//2528 2534//2534
f 2527//2527 2534//2534 2533//2533
f 2237//2237 2529//2529 2536//2536
f 2237//2237 2536//2536 2241//2241
f 2240//2240 2241//2241 2536//2536
f 2240//2240 2536//2536 2535//2535
f 2238//2238 2242//2242 2537//2537
f 2238//2238 2537//2537 2534//2534
f 2242//2242 2243//2243 2538//2538
f 2242//2242 2538//2538 2537//2537
f 2240//2240 2535//2535 2539//2539
f 2240//2240 2539//2539 2244//2244
f 2535//2535 2536//2536 2540//2540
f 2535//2535 2540//2540 2539//2539
f 2243//2243 2245//2245 2542//2542
f 2243//2243 2542//2542 2538//2538
f 2537//2537 2538//2538 2542//2542
f 2537//2537 2542//2542 2541//2541
f 2246//2246 2247//2247 2544//2544
f 2246//2246 2544//2544 2543//2543
f 2244//2244 2539//2539 2545//2545
f 2244//2244 2545//2545 2248//2248
f 2539//2539 2540//2540 2546//2546
f 2539//2539 2546//2546 2545//2545
f 2245//2245 2249//2249 2550//2550
f 2245//2245 2550//2550 2542//2542
f 2541//2541 2542//2542 2550//2550
f 2541//2541 2550//2550 2549//2549
f 2250//2250 2251//2251 2552//2552
f 2250//2250 2552//2552 2551//2551
f 2246//2246 2543//2543 2553//2553
f 2246//2246 2553//2553 2252//2252
f 2247//2247 2253//2253 2554//2554
f 2247//2247 2554//2554 2544//2544
f 2543//2543 2544//2544 2554//2554
f 2543//2543 2554//2554 2553//2553
f 2248//2248 2545//2545 2557//2557
f 2248//2248 2557//2557 2254//2254
f 2547//2547 2548//2548 2561//2561
f 2547//2547 2561//2561 2560//2560
f 2249//2249 2255//2255 2564//2564
f 2249//2249 2564//2564 2550//2550
f 2250//2250 2551//2551 2567//2567
f 2250//2250 2567//2567 2257//2257
f 2256//2256 2257//2257 2567//2567
f 2256//2256 2567//2567 2566//2566
f 2251//2251 2258//2258 2568//2568
f 2251//2251 2568//2568 2552//2552
f 2551//2551 2552//2552 2568//2568
f 2551//2551 2568//2568 2567//2567
f 2252//2252 2553//2553 2569//2569
f 2252//2252 2569//2569 2259//2259
f 2253//2253 2260//2260 2570//2570
f 2253//2253 2570//2570 2554//2554
f 2259//2259 2569//2569 2570//2570
f 2259//2259 2570//2570 2260//2260
f 2553//2553 2554//2554 2570//2570
f 2553//2553 2570//2570 2569//2569
f 2555//2555 2571//2571 2572//2572
f 2555//2555 2572//2572 2556//2556
f 2265//2265 2266//2266 2574//2574
f 2265//2265 2574//2574 2573//2573
f 2254//2254 2557//2557 2575//2575
f 2254//2254 2575//2575 2268//2268
f 2268//2268 2575//2575 2576//2576
f 2268//2268 2576//2576 2269//2269
f 2557//2557 2558//2558 2576//2576
f 2557//2557 2576//2576 2575//2575
f 2269//2269 2576//2576 2577//2577
f 2269//2269 2577//2577 2270//2270
f 2558//2558 2559//2559 2577//2577
f 2558//2558 2577//2577 2576//2576
f 2270//2270 2577//2577 2578//2578
f 2270//2270 2578//2578 2271//2271
f 2559//2559 2560//2560 2578//2578
f 2559//2559 2578//2578 2577//2577
f 2271//2271 2578//2578 2579//2579
f 2271//2271 2579//2579 2272//2272
f 2560//2560 2561//2561 2579//2579
f 2560//2560 2579//2579 2578//2578
f 2272//2272 2579//2579 2580//2580
f 2272//2272 2580//2580 2273//2273
f 2561//2561 2562//2562 2580//2580
f 2561//2561 2580//2580 2579//2579
f 2273//2273 2580//2580 2581//2581
f 2273//2273 2581//2581 2274//2274
f 2562//2562 2563//2563 2581//2581
f 2562//2562 2581//2581 2580//2580
f 2255//2255 2275//2275 2582//2582
f 2255//2255 2582//2582 2564//2564
f 2274//2274 2581//2581 2582//2582
f 2274//2274 2582//2582 2275//2275
f 2563//2563 2564//2564 2582//2582
f 2563//2563 2582//2582 2581//2581
f 2277//2277 2278//2278 2584//2584
f 2277//2277 2584//2584 2583//2583
f 2256//2256 2566//2566 2586//2586
f 2256//2256 2586//2586 2282//2282
f 2565//2565 2585//2585 2586//2586
f 2565//2565 2586//2586 2566//2566
f 2282//2282 2586//2586 2587//2587
f 2282//2282 2587//2587 2283//2283
f 2566//2566 2567//2567 2587//2587
f 2566//2566 2587//2587 2586//2586
f 2258//2258 2284//2284 2588//2588
f 2258//2258 2588//2588 2568//2568
f 2283//2283 2587//2587 2588//2588
f 2283//2283 2588//2588 2284//2284
f 2567//2567 2568//2568 2588//2588
f 2567//2567 2588//2588 2587//2587
f 2287//2287 2288//2288 2590//2590
f 2287//2287 2590//2590 2589//2589
f 2265//2265 2573//2573 2591//2591
f 2265//2265 2591//2591 2291//2291
f 2266//2266 2292//2292 2592//2592
f 2266//2266 2592//2592 2574//2574
f 2291//2291 2591//2591 2592//2592
f 2291//2291 2592//2592 2292//2292
f 2277//2277 2583//2583 2593//2593
f 2277//2277 2593//2593 2301//2301
f 2278//2278 2302//2302 2594//2594
f 2278//2278 2594//2594 2584//2584
f 2301//2301 2593//2593 2594//2594
f 2301//2301 2594//2594 2302//2302
f 2307//2307 2308//2308 2596//2596
f 2307//2307 2596//2596 2595//2595
f 2287//2287 2589//2589 2597//2597
f 2287//2287 2597//2597 2311//2311
f 2288//2288 2312//2312 2598//2598
f 2288//2288 2598//2598 2590//2590
f 2589//2589 2590//2590 2598//2598
f 2589//2589 2598//2598 2597//2597
f 2313//2313 2314//2314 2600//2600
f 2313//2313 2600//2600 2599//2599
f 2315//2315 2316//2316 2603//2603
f 2315//2315 2603//2603 2602//2602
f 2307//2307 2595//2595 2605//2605
f 2307//2307 2605//2605 2319//2319
f 2308//2308 2320//2320 2606//2606
f 2308//2308 2606//2606 2596//2596
f 2319//2319 2605//2605 2606//2606
f 2319//2319 2606//2606 2320//2320
f 2595//2595 2596//2596 2606//2606
f 2595//2595 2606//2606 2605//2605
f 2311//2311 2597//2597 2607//2607
f 2311//2311 2607//2607 2323//2323
f 2312//2312 2324//2324 2608//2608
f 2312//2312 2608//2608 2598//2598
f 2323//2323 2607//2607 2608//2608
f 2323//2323 2608//2608 2324//2324
f 2597//2597 2598//2598 2608//2608
f 2597//2597 2608//2608 2607//2607
f 2313//2313 2599//2599 2609//2609
f 2313//2313 2609//2609 2325//2325
f 2314//2314 2326//2326 2610//2610
f 2314//2314 2610//2610 2600//2600
f 2599//2599 2600//2600 2610//2610
f 2599//2599 2610//2610 2609//2609
f 2315//2315 2602//2602 2612//2612
f 2315//2315 2612//2612 2327//2327
f 2601//2601 2611//2611 2612//2612
f 2601//2601 2612//2612 2602//2602
f 2316//2316 2328//2328 2613//2613
f 2316//2316 2613//2613 2603//2603
f 2602//2602 2603//2603 2613//2613
f 2602//2602 2613//2613 2612//2612
f 2603//2603 2613//2613 2614//2614
f 2603//2603 2614//2614 2604//2604
f 2332//2332 2333//2333 2616//2616
f 2332//2332 2616//2616 2615//2615
f 2325//2325 2609//2609 2617//2617
f 2325//2325 2617//2617 2334//2334
f 2333//2333 2334//2334 2617//2617
f 2333//2333 2617//2617 2616//2616
f 2326//2326 2335//2335 2618//2618
f 2326//2326 2618//2618 2610//2610
f 2334//2334 2617//2617 2618//2618
f 2334//2334 2618//2618 2335//2335
f 2336//2336 2337//2337 2620//2620
f 2336//2336 2620//2620 2619//2619
f 2327//2327 2612//2612 2621//2621
f 2327//2327 2621//2621 2338//2338
f 2328//2328 2339//2339 2622//2622
f 2328//2328 2622//2622 2613//2613
f 2338//2338 2621//2621 2622//2622
f 2338//2338 2622//2622 2339//2339
f 2612//2612 2613//2613 2622//2622
f 2612//2612 2622//2622 2621//2621
f 2339//2339 2340//2340 2623//2623
f 2339//2339 2623//2623 2622//2622
f 2332//2332 2615//2615 2624//2624
f 2332//2332 2624//2624 2341//2341
f 2341//2341 2624//2624 2625//2625
f 2341//2341 2625//2625 2342//2342
f 2615//2615 2616//2616 2625//2625
f 2615//2615 2625//2625 2624//2624
f 2334//2334 2343//2343 2626//2626
f 2334//2334 2626//2626 2617//2617
f 2342//2342 2625//2625 2626//2626
f 2342//2342 2626//2626 2343//2343
f 2616//2616 2617//2617 2626//2626
f 2616//2616 2626//2626 2625//2625
f 2343//2343 2344//2344 2627//2627
f 2343//2343 2627//2627 2626//2626
f 2617//2617 2626//2626 2627//2627
f 2617//2617 2627//2627 2618//2618
f 2336//2336 2619//2619 2628//2628
f 2336//2336 2628//2628 2345//2345
f 2344//2344 2345//2345 2628//2628
f 2344//2344 2628//2628 2627//2627
f 2337//2337 2346//2346 2629//2629
f 2337//2337 2629//2629 2620//2620
f 2346//2346 2347//2347 2630//2630
f 2346//2346 2630//2630 2629//2629
f 2339//2339 2622//2622 2631//2631
f 2339//2339 2631//2631 2348//2348
f 2347//2347 2348//2348 2631//2631
f 2347//2347 2631//2631 2630//2630
f 2621//2621 2630//2630 2631//2631
f 2621//2621 2631//2631 2622//2622
f 2340//2340 2349//2349 2632//2632
f 2340//2340 2632//2632 2623//2623
f 2348//2348 2631//2631 2632//2632
f 2348//2348 2632//2632 2349//2349
f 2622//2622 2623//2623 2632//2632
f 2622//2622 2632//2632 2631//2631
f 2350//2350 2351//2351 2634//2634
f 2350//2350 2634//2634 2633//2633
f 2343//2343 2626//2626 2636//2636
f 2343//2343 2636//2636 2352//2352
f 2625//2625 2635//2635 2636//2636
f 2625//2625 2636//2636 2626//2626
f 2626//2626 2627//2627 2637//2637
f 2626//2626 2637//2637 2636//2636
f 2353//2353 2637//2637 2638//2638
f 2353//2353 2638//2638 2354//2354
f 2354//2354 2638//2638 2639//2639
f 2354//2354 2639//2639 2355//2355
f 2355//2355 2639//2639 2640//2640
f 2355//2355 2640//2640 2356//2356
f 2348//2348 2357//2357 2641//2641
f 2348//2348 2641//2641 2631//2631
f 2630//2630 2631//2631 2641//2641
f 2630//2630 2641//2641 2640//2640
f 2631//2631 2641//2641 2642//2642
f 2631//2631 2642//2642 2632//2632
f 2358//2358 2359//2359 2644//2644
f 2358//2358 2644//2644 2643//2643
f 2350//2350 2633//2633 2645//2645
f 2350//2350 2645//2645 2360//2360
f 2351//2351 2361//2361 2646//2646
f 2351//2351 2646//2646 2634//2634
f 2360//2360 2645//2645 2646//2646
f 2360//2360 2646//2646 2361//2361
f 2633//2633 2634//2634 2646//2646
f 2633//2633 2646//2646 2645//2645
f 2352//2352 2636//2636 2648//2648
f 2352//2352 2648//2648 2362//2362
f 2635//2635 2647//2647 2648//2648
f 2635//2635 2648//2648 2636//2636
f 2353//2353 2363//2363 2649//2649
f 2353//2353 2649//2649 2637//2637
f 2636//2636 2637//2637 2649//2649
f 2636//2636 2649//2649 2648//2648
f 2363//2363 2364//2364 2650//2650
f 2363//2363 2650//2650 2649//2649
f 2637//2637 2649//2649 2650//2650
f 2637//2637 2650//2650 2638//2638
f 2638//2638 2650//2650 2651//2651
f 2638//2638 2651//2651 2639//2639
f 2356//2356 2640//2640 2652//2652
f 2356//2356 2652//2652 2366//2366
f 2365//2365 2366//2366 2652//2652
f 2365//2365 2652//2652 2651//2651
f 2639//2639 2651//2651 2652//2652
f 2639//2639 2652//2652 2640//2640
f 2357//2357 2367//2367 2653//2653
f 2357//2357 2653//2653 2641//2641
f 2640//2640 2641//2641 2653//2653
f 2640//2640 2653//2653 2652//2652
f 2641//2641 2653//2653 2654//2654
f 2641//2641 2654//2654 2642//2642
f 2358//2358 2643//2643 2655//2655
f 2358//2358 2655//2655 2368//2368
f 2359//2359 2369//2369 2656//2656
f 2359//2359 2656//2656 2644//2644
f 2368//2368 2655//2655 2656//2656
f 2368//2368 2656//2656 2369//2369
f 2643//2643 2644//2644 2656//2656
f 2643//2643 2656//2656 2655//2655
f 2370//2370 2371//2371 2658//2658
f 2370//2370 2658//2658 2657//2657
f 2646//2646 2658//2658 2659//2659
f 2646//2646 2659//2659 2647//2647
f 2362//2362 2648//2648 2660//2660
f 2362//2362 2660//2660 2372//2372
f 2647//2647 2659//2659 2660//2660
f 2647//2647 2660//2660 2648//2648
f 2648//2648 2649//2649 2661//2661
f 2648//2648 2661//2661 2660//2660
f 2364//2364 2373//2373 2662//2662
f 2364//2364 2662//2662 2650//2650
f 2365//2365 2651//2651 2663//2663
f 2365//2365 2663//2663 2374//2374
f 2650//2650 2662//2662 2663//2663
f 2650//2650 2663//2663 2651//2651
f 2367//2367 2375//2375 2665//2665
f 2367//2367 2665//2665 2653//2653
f 2652//2652 2653//2653 2665//2665
f 2652//2652 2665//2665 2664//2664
f 2653//2653 2665//2665 2666//2666
f 2653//2653 2666//2666 2654//2654
f 2654//2654 2666//2666 2667//2667
f 2654//2654 2667//2667 2655//2655
f 2376//2376 2377//2377 2668//2668
f 2376//2376 2668//2668 2667//2667
f 2370//2370 2657//2657 2669//2669
f 2370//2370 2669//2669 2378//2378
f 2371//2371 2379//2379 2670//2670
f 2371//2371 2670//2670 2658//2658
f 2378//2378 2669//2669 2670//2670
f 2378//2378 2670//2670 2379//2379
f 2657//2657 2658//2658 2670//2670
f 2657//2657 2670//2670 2669//2669
f 2372//2372 2660//2660 2672//2672
f 2372//2372 2672//2672 2381//2381
f 2659//2659 2671//2671 2672//2672
f 2659//2659 2672//2672 2660//2660
f 2373//2373 2383//2383 2674//2674
f 2373//2373 2674//2674 2662//2662
f 2382//2382 2673//2673 2674//2674
f 2382//2382 2674//2674 2383//2383
f 2661//2661 2662//2662 2674//2674
f 2661//2661 2674//2674 2673//2673
f 2374//2374 2663//2663 2675//2675
f 2374//2374 2675//2675 2384//2384
f 2662//2662 2674//2674 2675//2675
f 2662//2662 2675//2675 2663//2663
f 2384//2384 2675//2675 2676//2676
f 2384//2384 2676//2676 2385//2385
f 2663//2663 2664//2664 2676//2676
f 2663//2663 2676//2676 2675//2675
f 2375//2375 2386//2386 2677//2677
f 2375//2375 2677//2677 2665//2665
f 2665//2665 2677//2677 2678//2678
f 2665//2665 2678//2678 2666//2666
f 2376//2376 2667//2667 2679//2679
f 2376//2376 2679//2679 2388//2388
f 2377//2377 2389//2389 2680//2680
f 2377//2377 2680//2680 2668//2668
f 2388//2388 2679//2679 2680//2680
f 2388//2388 2680//2680 2389//2389
f 2667//2667 2668//2668 2680//2680
f 2667//2667 2680//2680 2679//2679
f 2381//2381 2672//2672 2682//2682
f 2381//2381 2682//2682 2391//2391
f 2671//2671 2681//2681 2682//2682
f 2671//2671 2682//2682 2672//2672
f 2382//2382 2392//2392 2683//2683
f 2382//2382 2683//2683 2673//2673
f 2392//2392 2393//2393 2684//2684
f 2392//2392 2684//2684 2683//2683
f 2673//2673 2683//2683 2684//2684
f 2673//2673 2684//2684 2674//2674
f 2393//2393 2394//2394 2685//2685
f 2393//2393 2685//2685 2684//2684
f 2674//2674 2684//2684 2685//2685
f 2674//2674 2685//2685 2675//2675
f 2385//2385 2676//2676 2686//2686
f 2385//2385 2686//2686 2395//2395
f 2394//2394 2395//2395 2686//2686
f 2394//2394 2686//2686 2685//2685
f 2675//2675 2685//2685 2686//2686
f 2675//2675 2686//2686 2676//2676
f 2386//2386 2396//2396 2687//2687
f 2386//2386 2687//2687 2677//2677
f 2677//2677 2687//2687 2688//2688
f 2677//2677 2688//2688 2678//2678
f 2391//2391 2682//2682 2689//2689
f 2391//2391 2689//2689 2400//2400
f 2682//2682 2683//2683 2690//2690
f 2682//2682 2690//2690 2689//2689
f 2396//2396 2403//2403 2694//2694
f 2396//2396 2694//2694 2687//2687
f 2686//2686 2687//2687 2694//2694
f 2686//2686 2694//2694 2693//2693
f 2400//2400 2689//2689 2695//2695
f 2400//2400 2695//2695 2410//2410
f 2410//2410 2695//2695 2696//2696
f 2410//2410 2696//2696 2411//2411
f 2689//2689 2690//2690 2696//2696
f 2689//2689 2696//2696 2695//2695
f 2691//2691 2692//2692 2698//2698
f 2691//2691 2698//2698 2697//2697
f 2403//2403 2415//2415 2700//2700
f 2403//2403 2700//2700 2694//2694
f 2414//2414 2699//2699 2700//2700
f 2414//2414 2700//2700 2415//2415
f 2693//2693 2694//2694 2700//2700
f 2693//2693 2700//2700 2699//2699
f 2411//2411 2696//2696 2703//2703
f 2411//2411 2703//2703 2424//2424
f 2424//2424 2703//2703 2704//2704
f 2424//2424 2704//2704 2425//2425
f 2696//2696 2697//2697 2704//2704
f 2696//2696 2704//2704 2703//2703
f 2425//2425 2704//2704 2705//2705
f 2425//2425 2705//2705 2426//2426
f 2697//2697 2698//2698 2705//2705
f 2697//2697 2705//2705 2704//2704
f 2414//2414 2427//2427 2706//2706
f 2414//2414 2706//2706 2699//2699
f 2426//2426 2705//2705 2706//2706
f 2426//2426 2706//2706 2427//2427
f 2698//2698 2699//2699 2706//2706
f 2698//2698 2706//2706 2705//2705
f 2434//2434 2435//2435 2710//2710
f 2434//2434 2710//2710 2709//2709
f 2435//2435 2436//2436 2711//2711
f 2435//2435 2711//2711 2710//2710
f 2701//2701 2711//2711 2712//2712
f 2701//2701 2712//2712 2702//2702
f 2703//2703 2713//2713 2714//2714
f 2703//2703 2714//2714 2704//2704
f 2707//2707 2715//2715 2716//2716
f 2707//2707 2716//2716 2708//2708
f 2438//2438 2439//2439 2717//2717
f 2438//2438 2717//2717 2716//2716
f 2439//2439 2440//2440 2718//2718
f 2439//2439 2718//2718 2717//2717
f 2440//2440 2441//2441 2719//2719
f 2440//2440 2719//2719 2718//2718
f 2434//2434 2709//2709 2720//2720
f 2434//2434 2720//2720 2443//2443
f 2709//2709 2710//2710 2721//2721
f 2709//2709 2721//2721 2720//2720
f 2436//2436 2445//2445 2722//2722
f 2436//2436 2722//2722 2711//2711
f 2444//2444 2721//2721 2722//2722
f 2444//2444 2722//2722 2445//2445
f 2710//2710 2711//2711 2722//2722
f 2710//2710 2722//2722 2721//2721
f 2438//2438 2716//2716 2723//2723
f 2438//2438 2723//2723 2446//2446
f 2716//2716 2717//2717 2724//2724
f 2716//2716 2724//2724 2723//2723
f 2717//2717 2718//2718 2725//2725
f 2717//2717 2725//2725 2724//2724
f 2441//2441 2449//2449 2726//2726
f 2441//2441 2726//2726 2719//2719
f 2448//2448 2725//2725 2726//2726
f 2448//2448 2726//2726 2449//2449
f 2718//2718 2719//2719 2726//2726
f 2718//2718 2726//2726 2725//2725
f 2443//2443 2720//2720 2727//2727
f 2443//2443 2727//2727 2450//2450
f 2444//2444 2451//2451 2728//2728
f 2444//2444 2728//2728 2721//2721
f 2450//2450 2727//2727 2728//2728
f 2450//2450 2728//2728 2451//2451
f 2446//2446 2723//2723 2729//2729
f 2446//2446 2729//2729 2452//2452
f 2452//2452 2729//2729 2730//2730
f 2452//2452 2730//2730 2453//2453
f 2723//2723 2724//2724 2730//2730
f 2723//2723 2730//2730 2729//2729
f 2448//2448 2454//2454 2731//2731
f 2448//2448 2731//2731 2725//2725
f 2453//2453 2730//2730 2731//2731
f 2453//2453 2731//2731 2454//2454
f 2529//2529 2530//2530 2733//2733
f 2529//2529 2733//2733 2732//2732
f 2530//2530 2531//2531 2734//2734
f 2530//2530 2734//2734 2733//2733
f 2531//2531 2532//2532 2735//2735
f 2531//2531 2735//2735 2734//2734
f 2532//2532 2533//2533 2736//2736
f 2532//2532 2736//2736 2735//2735
f 2533//2533 2534//2534 2737//2737
f 2533//2533 2737//2737 2736//2736
f 2529//2529 2732//2732 2738//2738
f 2529//2529 2738//2738 2536//2536
f 2732//2732 2733//2733 2739//2739
f 2732//2732 2739//2739 2738//2738
f 2733//2733 2734//2734 2740//2740
f 2733//2733 2740//2740 2739//2739
f 2734//2734 2735//2735 2741//2741
f 2734//2734 2741//2741 2740//2740
f 2735//2735 2736//2736 2742//2742
f 2735//2735 2742//2742 2741//2741
f 2534//2534 2537//2537 2743//2743
f 2534//2534 2743//2743 2737//2737
f 2736//2736 2737//2737 2743//2743
f 2736//2736 2743//2743 2742//2742
f 2536//2536 2738//2738 2746//2746
f 2536//2536 2746//2746 2540//2540
f 2738//2738 2739//2739 2747//2747
f 2738//2738 2747//2747 2746//2746
f 2739//2739 2740//2740 2748//2748
f 2739//2739 2748//2748 2747//2747
f 2740//2740 2741//2741 2749//2749
f 2740//2740 2749//2749 2748//2748
f 2741//2741 2742//2742 2750//2750
f 2741//2741 2750//2750 2749//2749
f 2537//2537 2541//2541 2751//2751
f 2537//2537 2751//2751 2743//2743
f 2742//2742 2743//2743 2751//2751
f 2742//2742 2751//2751 2750//2750
f 2744//2744 2754//2754 2755//2755
f 2744//2744 2755//2755 2745//2745
f 2540//2540 2746//2746 2757//2757
f 2540//2540 2757//2757 2546//2546
f 2545//2545 2546//2546 2757//2757
f 2545//2545 2757//2757 2756//2756
f 2746//2746 2747//2747 2758//2758
f 2746//2746 2758//2758 2757//2757
f 2747//2747 2748//2748 2759//2759
f 2747//2747 2759//2759 2758//2758
f 2547//2547 2759//2759 2760//2760
f 2547//2547 2760//2760 2548//2548
f 2748//2748 2749//2749 2760//2760
f 2748//2748 2760//2760 2759//2759
f 2749//2749 2750//2750 2761//2761
f 2749//2749 2761//2761 2760//2760
f 2541//2541 2549//2549 2762//2762
f 2541//2541 2762//2762 2751//2751
f 2750//2750 2751//2751 2762//2762
f 2750//2750 2762//2762 2761//2761
f 2549//2549 2550//2550 2763//2763
f 2549//2549 2763//2763 2762//2762
f 2752//2752 2764//2764 2765//2765
f 2752//2752 2765//2765 2753//2753
f 2754//2754 2766//2766 2767//2767
f 2754//2754 2767//2767 2755//2755
f 2555//2555 2556//2556 2769//2769
f 2555//2555 2769//2769 2768//2768
f 2545//2545 2756//2756 2770//2770
f 2545//2545 2770//2770 2557//2557
f 2557//2557 2770//2770 2771//2771
f 2557//2557 2771//2771 2558//2558
f 2756//2756 2757//2757 2771//2771
f 2756//2756 2771//2771 2770//2770
f 2558//2558 2771//2771 2772//2772
f 2558//2558 2772//2772 2559//2559
f 2757//2757 2758//2758 2772//2772
f 2757//2757 2772//2772 2771//2771
f 2547//2547 2560//2560 2773//2773
f 2547//2547 2773//2773 2759//2759
f 2559//2559 2772//2772 2773//2773
f 2559//2559 2773//2773 2560//2560
f 2758//2758 2759//2759 2773//2773
f 2758//2758 2773//2773 2772//2772
f 2548//2548 2760//2760 2774//2774
f 2548//2548 2774//2774 2561//2561
f 2561//2561 2774//2774 2775//2775
f 2561//2561 2775//2775 2562//2562
f 2760//2760 2761//2761 2775//2775
f 2760//2760 2775//2775 2774//2774
f 2562//2562 2775//2775 2776//2776
f 2562//2562 2776//2776 2563//2563
f 2761//2761 2762//2762 2776//2776
f 2761//2761 2776//2776 2775//2775
f 2550//2550 2564//2564 2777//2777
f 2550//2550 2777//2777 2763//2763
f 2563//2563 2776//2776 2777//2777
f 2563//2563 2777//2777 2564//2564
f 2762//2762 2763//2763 2777//2777
f 2762//2762 2777//2777 2776//2776
f 2565//2565 2566//2566 2779//2779
f 2565//2565 2779//2779 2778//2778
f 2764//2764 2780//2780 2781//2781
f 2764//2764 2781//2781 2765//2765
f 2766//2766 2782//2782 2783//2783
f 2766//2766 2783//2783 2767//2767
f 2555//2555 2768//2768 2784//2784
f 2555//2555 2784//2784 2571//2571
f 2767//2767 2783//2783 2784//2784
f 2767//2767 2784//2784 2768//2768
f 2556//2556 2572//2572 2785//2785
f 2556//2556 2785//2785 2769//2769
f 2571//2571 2784//2784 2785//2785
f 2571//2571 2785//2785 2572//2572
f 2768//2768 2769//2769 2785//2785
f 2768//2768 2785//2785 2784//2784
f 2573//2573 2574//2574 2787//2787
f 2573//2573 2787//2787 2786//2786
f 2583//2583 2584//2584 2789//2789
f 2583//2583 2789//2789 2788//2788
f 2565//2565 2778//2778 2790//2790
f 2565//2565 2790//2790 2585//2585
f 2566//2566 2586//2586 2791//2791
f 2566//2566 2791//2791 2779//2779
f 2585//2585 2790//2790 2791//2791
f 2585//2585 2791//2791 2586//2586
f 2778//2778 2779//2779 2791//2791
f 2778//2778 2791//2791 2790//2790
f 2779//2779 2791//2791 2792//2792
f 2779//2779 2792//2792 2780//2780
f 2780//2780 2792//2792 2793//2793
f 2780//2780 2793//2793 2781//2781
f 2573//2573 2786//2786 2794//2794
f 2573//2573 2794//2794 2591//2591
f 2574//2574 2592//2592 2795//2795
f 2574//2574 2795//2795 2787//2787
f 2591//2591 2794//2794 2795//2795
f 2591//2591 2795//2795 2592//2592
f 2786//2786 2787//2787 2795//2795
f 2786//2786 2795//2795 2794//2794
f 2583//2583 2788//2788 2796//2796
f 2583//2583 2796//2796 2593//2593
f 2584//2584 2594//2594 2797//2797
f 2584//2584 2797//2797 2789//2789
f 2593//2593 2796//2796 2797//2797
f 2593//2593 2797//2797 2594//2594
f 2788//2788 2789//2789 2797//2797
f 2788//2788 2797//2797 2796//2796
f 2601//2601 2602//2602 2803//2803
f 2601//2601 2803//2803 2802//2802
f 2603//2603 2604//2604 2805//2805
f 2603//2603 2805//2805 2804//2804
f 2798//2798 2806//2806 2807//2807
f 2798//2798 2807//2807 2799//2799
f 2609//2609 2610//2610 2808//2808
f 2609//2609 2808//2808 2807//2807
f 2799//2799 2807//2807 2808//2808
f 2799//2799 2808//2808 2800//2800
f 2800//2800 2808//2808 2809//2809
f 2800//2800 2809//2809 2801//2801
f 2601//2601 2802//2802 2810//2810
f 2601//2601 2810//2810 2611//2611
f 2602//2602 2612//2612 2811//2811
f 2602//2602 2811//2811 2803//2803
f 2611//2611 2810//2810 2811//2811
f 2611//2611 2811//2811 2612//2612
f 2802//2802 2803//2803 2811//2811
f 2802//2802 2811//2811 2810//2810
f 2603//2603 2804//2804 2812//2812
f 2603//2603 2812//2812 2613//2613
f 2604//2604 2614//2614 2813//2813
f 2604//2604 2813//2813 2805//2805
f 2613//2613 2812//2812 2813//2813
f 2613//2613 2813//2813 2614//2614
f 2609//2609 2807//2807 2814//2814
f 2609//2609 2814//2814 2617//2617
f 2610//2610 2618//2618 2815//2815
f 2610//2610 2815//2815 2808//2808
f 2619//2619 2620//2620 2817//2817
f 2619//2619 2817//2817 2816//2816
f 2621//2621 2622//2622 2819//2819
f 2621//2621 2819//2819 2818//2818
f 2811//2811 2818//2818 2819//2819
f 2811//2811 2819//2819 2812//2812
f 2617//2617 2814//2814 2821//2821
f 2617//2617 2821//2821 2626//2626
f 2625//2625 2626//2626 2821//2821
f 2625//2625 2821//2821 2820//2820
f 2618//2618 2627//2627 2822//2822
f 2618//2618 2822//2822 2815//2815
f 2626//2626 2821//2821 2822//2822
f 2626//2626 2822//2822 2627//2627
f 2619//2619 2816//2816 2823//2823
f 2619//2619 2823//2823 2628//2628
f 2627//2627 2628//2628 2823//2823
f 2627//2627 2823//2823 2822//2822
f 2620//2620 2629//2629 2824//2824
f 2620//2620 2824//2824 2817//2817
f 2816//2816 2817//2817 2824//2824
f 2816//2816 2824//2824 2823//2823
f 2621//2621 2818//2818 2825//2825
f 2621//2621 2825//2825 2630//2630
f 2629//2629 2630//2630 2825//2825
f 2629//2629 2825//2825 2824//2824
f 2622//2622 2631//2631 2826//2826
f 2622//2622 2826//2826 2819//2819
f 2630//2630 2825//2825 2826//2826
f 2630//2630 2826//2826 2631//2631
f 2631//2631 2632//2632 2827//2827
f 2631//2631 2827//2827 2826//2826
f 2625//2625 2820//2820 2829//2829
f 2625//2625 2829//2829 2635//2635
f 2626//2626 2636//2636 2830//2830
f 2626//2626 2830//2830 2821//2821
f 2627//2627 2822//2822 2831//2831
f 2627//2627 2831//2831 2637//2637
f 2822//2822 2823//2823 2832//2832
f 2822//2822 2832//2832 2831//2831
f 2823//2823 2824//2824 2833//2833
f 2823//2823 2833//2833 2832//2832
f 2630//2630 2640//2640 2834//2834
f 2630//2630 2834//2834 2825//2825
f 2824//2824 2825//2825 2834//2834
f 2824//2824 2834//2834 2833//2833
f 2631//2631 2826//2826 2835//2835
f 2631//2631 2835//2835 2641//2641
f 2632//2632 2642//2642 2836//2836
f 2632//2632 2836//2836 2827//2827
f 2635//2635 2829//2829 2840//2840
f 2635//2635 2840//2840 2647//2647
f 2646//2646 2647//2647 2840//2840
f 2646//2646 2840//2840 2839//2839
f 2828//2828 2839//2839 2840//2840
f 2828//2828 2840//2840 2829//2829
f 2636//2636 2648//2648 2841//2841
f 2636//2636 2841//2841 2830//2830
f 2829//2829 2830//2830 2841//2841
f 2829//2829 2841//2841 2840//2840
f 2637//2637 2831//2831 2842//2842
f 2637//2637 2842//2842 2649//2649
f 2831//2831 2832//2832 2843//2843
f 2831//2831 2843//2843 2842//2842
f 2640//2640 2652//2652 2845//2845
f 2640//2640 2845//2845 2834//2834
f 2833//2833 2834//2834 2845//2845
f 2833//2833 2845//2845 2844//2844
f 2641//2641 2835//2835 2846//2846
f 2641//2641 2846//2846 2653//2653
f 2642//2642 2654//2654 2847//2847
f 2642//2642 2847//2847 2836//2836
f 2835//2835 2836//2836 2847//2847
f 2835//2835 2847//2847 2846//2846
f 2654//2654 2655//2655 2848//2848
f 2654//2654 2848//2848 2847//2847
f 2836//2836 2847//2847 2848//2848
f 2836//2836 2848//2848 2837//2837
f 2646//2646 2839//2839 2851//2851
f 2646//2646 2851//2851 2658//2658
f 2838//2838 2850//2850 2851//2851
f 2838//2838 2851//2851 2839//2839
f 2658//2658 2851//2851 2852//2852
f 2658//2658 2852//2852 2659//2659
f 2648//2648 2660//2660 2853//2853
f 2648//2648 2853//2853 2841//2841
f 2840//2840 2841//2841 2853//2853
f 2840//2840 2853//2853 2852//2852
f 2649//2649 2842//2842 2854//2854
f 2649//2649 2854//2854 2661//2661
f 2660//2660 2661//2661 2854//2854
f 2660//2660 2854//2854 2853//2853
f 2661//2661 2854//2854 2855//2855
f 2661//2661 2855//2855 2662//2662
f 2842//2842 2843//2843 2855//2855
f 2842//2842 2855//2855 2854//2854
f 2843//2843 2844//2844 2856//2856
f 2843//2843 2856//2856 2855//2855
f 2652//2652 2664//2664 2857//2857
f 2652//2652 2857//2857 2845//2845
f 2663//2663 2856//2856 2857//2857
f 2663//2663 2857//2857 2664//2664
f 2844//2844 2845//2845 2857//2857
f 2844//2844 2857//2857 2856//2856
f 2653//2653 2846//2846 2858//2858
f 2653//2653 2858//2858 2665//2665
f 2664//2664 2665//2665 2858//2858
f 2664//2664 2858//2858 2857//2857
f 2655//2655 2667//2667 2860//2860
f 2655//2655 2860//2860 2848//2848
f 2666//2666 2859//2859 2860//2860
f 2666//2666 2860//2860 2667//2667
f 2848//2848 2860//2860 2861//2861
f 2848//2848 2861//2861 2849//2849
f 2850//2850 2862//2862 2863//2863
f 2850//2850 2863//2863 2851//2851
f 2659//2659 2852//2852 2864//2864
f 2659//2659 2864//2864 2671//2671
f 2851//2851 2863//2863 2864//2864
f 2851//2851 2864//2864 2852//2852
f 2661//2661 2673//2673 2866//2866
f 2661//2661 2866//2866 2854//2854
f 2662//2662 2855//2855 2867//2867
f 2662//2662 2867//2867 2674//2674
f 2673//2673 2674//2674 2867//2867
f 2673//2673 2867//2867 2866//2866
f 2663//2663 2675//2675 2868//2868
f 2663//2663 2868//2868 2856//2856
f 2855//2855 2856//2856 2868//2868
f 2855//2855 2868//2868 2867//2867
f 2664//2664 2857//2857 2869//2869
f 2664//2664 2869//2869 2676//2676
f 2675//2675 2676//2676 2869//2869
f 2675//2675 2869//2869 2868//2868
f 2666//2666 2678//2678 2871//2871
f 2666//2666 2871//2871 2859//2859
f 2859//2859 2871//2871 2872//2872
f 2859//2859 2872//2872 2860//2860
f 2860//2860 2872//2872 2873//2873
f 2860//2860 2873//2873 2861//2861
f 2671//2671 2864//2864 2875//2875
f 2671//2671 2875//2875 2681//2681
f 2863//2863 2874//2874 2875//2875
f 2863//2863 2875//2875 2864//2864
f 2681//2681 2875//2875 2876//2876
f 2681//2681 2876//2876 2682//2682
f 2864//2864 2865//2865 2876//2876
f 2864//2864 2876//2876 2875//2875
f 2682//2682 2876//2876 2877//2877
f 2682//2682 2877//2877 2683//2683
f 2865//2865 2866//2866 2877//2877
f 2865//2865 2877//2877 2876//2876
f 2866//2866 2867//2867 2878//2878
f 2866//2866 2878//2878 2877//2877
f 2867//2867 2868//2868 2879//2879
f 2867//2867 2879//2879 2878//2878
f 2868//2868 2869//2869 2880//2880
f 2868//2868 2880//2880 2879//2879
f 2686//2686 2880//2880 2881//2881
f 2686//2686 2881//2881 2687//2687
f 2869//2869 2870//2870 2881//2881
f 2869//2869 2881//2881 2880//2880
f 2678//2678 2688//2688 2882//2882
f 2678//2678 2882//2882 2871//2871
f 2687//2687 2881//2881 2882//2882
f 2687//2687 2882//2882 2688//2688
f 2870//2870 2871//2871 2882//2882
f 2870//2870 2882//2882 2881//2881
f 2871//2871 2882//2882 2883//2883
f 2871//2871 2883//2883 2872//2872
f 2683//2683 2877//2877 2884//2884
f 2683//2683 2884//2884 2690//2690
f 2877//2877 2878//2878 2885//2885
f 2877//2877 2885//2885 2884//2884
f 2691//2691 2885//2885 2886//2886
f 2691//2691 2886//2886 2692//2692
f 2878//2878 2879//2879 2886//2886
f 2878//2878 2886//2886 2885//2885
f 2686//2686 2693//2693 2887//2887
f 2686//2686 2887//2887 2880//2880
f 2879//2879 2880//2880 2887//2887
f 2879//2879 2887//2887 2886//2886
f 2882//2882 2888//2888 2889//2889
f 2882//2882 2889//2889 2883//2883
f 2690//2690 2884//2884 2890//2890
f 2690//2690 2890//2890 2696//2696
f 2691//2691 2697//2697 2891//2891
f 2691//2691 2891//2891 2885//2885
f 2696//2696 2890//2890 2891//2891
f 2696//2696 2891//2891 2697//2697
f 2884//2884 2885//2885 2891//2891
f 2884//2884 2891//2891 2890//2890
f 2692//2692 2886//2886 2892//2892
f 2692//2692 2892//2892 2698//2698
f 2693//2693 2699//2699 2893//2893
f 2693//2693 2893//2893 2887//2887
f 2698//2698 2892//2892 2893//2893
f 2698//2698 2893//2893 2699//2699
f 2886//2886 2887//2887 2893//2893
f 2886//2886 2893//2893 2892//2892
f 2701//2701 2702//2702 2895//2895
f 2701//2701 2895//2895 2894//2894
f 2703//2703 2704//2704 2897//2897
f 2703//2703 2897//2897 2896//2896
f 2890//2890 2896//2896 2897//2897
f 2890//2890 2897//2897 2891//2891
f 2892//2892 2898//2898 2899//2899
f 2892//2892 2899//2899 2893//2893
f 2707//2707 2708//2708 2901//2901
f 2707//2707 2901//2901 2900//2900
f 2701//2701 2894//2894 2905//2905
f 2701//2701 2905//2905 2711//2711
f 2702//2702 2712//2712 2906//2906
f 2702//2702 2906//2906 2895//2895
f 2711//2711 2905//2905 2906//2906
f 2711//2711 2906//2906 2712//2712
f 2894//2894 2895//2895 2906//2906
f 2894//2894 2906//2906 2905//2905
f 2703//2703 2896//2896 2907//2907
f 2703//2703 2907//2907 2713//2713
f 2704//2704 2714//2714 2908//2908
f 2704//2704 2908//2908 2897//2897
f 2713//2713 2907//2907 2908//2908
f 2713//2713 2908//2908 2714//2714
f 2896//2896 2897//2897 2908//2908
f 2896//2896 2908//2908 2907//2907
f 2707//2707 2900//2900 2910//2910
f 2707//2707 2910//2910 2715//2715
f 2708//2708 2716//2716 2911//2911
f 2708//2708 2911//2911 2901//2901
f 2715//2715 2910//2910 2911//2911
f 2715//2715 2911//2911 2716//2716
f 2900//2900 2901//2901 2911//2911
f 2900//2900 2911//2911 2910//2910
f 2902//2902 2912//2912 2913//2913
f 2902//2902 2913//2913 2903//2903
f 2720//2720 2721//2721 2915//2915
f 2720//2720 2915//2915 2914//2914
f 2904//2904 2915//2915 2916//2916
f 2904//2904 2916//2916 2905//2905
f 2906//2906 2917//2917 2918//2918
f 2906//2906 2918//2918 2907//2907
f 2909//2909 2921//2921 2922//2922
f 2909//2909 2922//2922 2910//2910
f 2911//2911 2923//2923 2924//2924
f 2911//2911 2924//2924 2912//2912
f 2724//2724 2725//2725 2925//2925
f 2724//2724 2925//2925 2924//2924
f 2720//2720 2914//2914 2926//2926
f 2720//2720 2926//2926 2727//2727
f 2721//2721 2728//2728 2927//2927
f 2721//2721 2927//2927 2915//2915
f 2727//2727 2926//2926 2927//2927
f 2727//2727 2927//2927 2728//2728
f 2914//2914 2915//2915 2927//2927
f 2914//2914 2927//2927 2926//2926
f 2915//2915 2927//2927 2928//2928
f 2915//2915 2928//2928 2916//2916
f 2916//2916 2928//2928 2929//2929
f 2916//2916 2929//2929 2917//2917
f 2918//2918 2930//2930 2931//2931
f 2918//2918 2931//2931 2919//2919
f 2919//2919 2931//2931 2932//2932
f 2919//2919 2932//2932 2920//2920
f 2920//2920 2932//2932 2933//2933
f 2920//2920 2933//2933 2921//2921
f 2724//2724 2924//2924 2935//2935
f 2724//2724 2935//2935 2730//2730
f 2923//2923 2934//2934 2935//2935
f 2923//2923 2935//2935 2924//2924
f 2725//2725 2731//2731 2936//2936
f 2725//2725 2936//2936 2925//2925
f 2730//2730 2935//2935 2936//2936
f 2730//2730 2936//2936 2731//2731
f 2924//2924 2925//2925 2936//2936
f 2924//2924 2936//2936 2935//2935
f 2744//2744 2745//2745 2938//2938
f 2744//2744 2938//2938 2937//2937
f 2752//2752 2753//2753 2940//2940
f 2752//2752 2940//2940 2939//2939
f 2744//2744 2937//2937 2941//2941
f 2744//2744 2941//2941 2754//2754
f 2745//2745 2755//2755 2942//2942
f 2745//2745 2942//2942 2938//2938
f 2937//2937 2938//2938 2942//2942
f 2937//2937 2942//2942 2941//2941
f 2752//2752 2939//2939 2943//2943
f 2752//2752 2943//2943 2764//2764
f 2753//2753 2765//2765 2944//2944
f 2753//2753 2944//2944 2940//2940
f 2939//2939 2940//2940 2944//2944
f 2939//2939 2944//2944 2943//2943
f 2754//2754 2941//2941 2945//2945
f 2754//2754 2945//2945 2766//2766
f 2755//2755 2767//2767 2946//2946
f 2755//2755 2946//2946 2942//2942
f 2941//2941 2942//2942 2946//2946
f 2941//2941 2946//2946 2945//2945
f 2767//2767 2768//2768 2947//2947
f 2767//2767 2947//2947 2946//2946
f 2764//2764 2943//2943 2949//2949
f 2764//2764 2949//2949 2780//2780
f 2779//2779 2780//2780 2949//2949
f 2779//2779 2949//2949 2948//2948
f 2765//2765 2781//2781 2950//2950
f 2765//2765 2950//2950 2944//2944
f 2943//2943 2944//2944 2950//2950
f 2943//2943 2950//2950 2949//2949
f 2766//2766 2945//2945 2951//2951
f 2766//2766 2951//2951 2782//2782
f 2782//2782 2951//2951 2952//2952
f 2782//2782 2952//2952 2783//2783
f 2945//2945 2946//2946 2952//2952
f 2945//2945 2952//2952 2951//2951
f 2768//2768 2784//2784 2953//2953
f 2768//2768 2953//2953 2947//2947
f 2783//2783 2952//2952 2953//2953
f 2783//2783 2953//2953 2784//2784
f 2946//2946 2947//2947 2953//2953
f 2946//2946 2953//2953 2952//2952
f 2779//2779 2948//2948 2954//2954
f 2779//2779 2954//2954 2791//2791
f 2791//2791 2954//2954 2955//2955
f 2791//2791 2955//2955 2792//2792
f 2948//2948 2949//2949 2955//2955
f 2948//2948 2955//2955 2954//2954
f 2781//2781 2793//2793 2956//2956
f 2781//2781 2956//2956 2950//2950
f 2792//2792 2955//2955 2956//2956
f 2792//2792 2956//2956 2793//2793
f 2949//2949 2950//2950 2956//2956
f 2949//2949 2956//2956 2955//2955
f 2798//2798 2799//2799 2958//2958
f 2798//2798 2958//2958 2957//2957
f 2799//2799 2800//2800 2959//2959
f 2799//2799 2959//2959 2958//2958
f 2800//2800 2801//2801 2960//2960
f 2800//2800 2960//2960 2959//2959
f 2804//2804 2805//2805 2962//2962
f 2804//2804 2962//2962 2961//2961
f 2798//2798 2957//2957 2964//2964
f 2798//2798 2964//2964 2806//2806
f 2806//2806 2964//2964 2965//2965
f 2806//2806 2965//2965 2807//2807
f 2801//2801 2809//2809 2967//2967
f 2801//2801 2967//2967 2960//2960
f 2808//2808 2966//2966 2967//2967
f 2808//2808 2967//2967 2809//2809
f 2959//2959 2960//2960 2967//2967
f 2959//2959 2967//2967 2966//2966
f 2804//2804 2961//2961 2969//2969
f 2804//2804 2969//2969 2812//2812
f 2811//2811 2812//2812 2969//2969
f 2811//2811 2969//2969 2968//2968
f 2805//2805 2813//2813 2970//2970
f 2805//2805 2970//2970 2962//2962
f 2812//2812 2969//2969 2970//2970
f 2812//2812 2970//2970 2813//2813
f 2962//2962 2970//2970 2971//2971
f 2962//2962 2971//2971 2963//2963
f 2807//2807 2965//2965 2973//2973
f 2807//2807 2973//2973 2814//2814
f 2964//2964 2972//2972 2973//2973
f 2964//2964 2973//2973 2965//2965
f 2808//2808 2815//2815 2974//2974
f 2808//2808 2974//2974 2966//2966
f 2811//2811 2968//2968 2975//2975
f 2811//2811 2975//2975 2818//2818
f 2812//2812 2819//2819 2976//2976
f 2812//2812 2976//2976 2969//2969
f 2968//2968 2969//2969 2976//2976
f 2968//2968 2976//2976 2975//2975
f 2814//2814 2973//2973 2981//2981
f 2814//2814 2981//2981 2821//2821
f 2820//2820 2821//2821 2981//2981
f 2820//2820 2981//2981 2980//2980
f 2972//2972 2980//2980 2981//2981
f 2972//2972 2981//2981 2973//2973
f 2815//2815 2822//2822 2982//2982
f 2815//2815 2982//2982 2974//2974
f 2821//2821 2981//2981 2982//2982
f 2821//2821 2982//2982 2822//2822
f 2973//2973 2974//2974 2982//2982
f 2973//2973 2982//2982 2981//2981
f 2818//2818 2975//2975 2983//2983
f 2818//2818 2983//2983 2825//2825
f 2819//2819 2826//2826 2984//2984
f 2819//2819 2984//2984 2976//2976
f 2825//2825 2983//2983 2984//2984
f 2825//2825 2984//2984 2826//2826
f 2975//2975 2976//2976 2984//2984
f 2975//2975 2984//2984 2983//2983
f 2826//2826 2827//2827 2985//2985
f 2826//2826 2985//2985 2984//2984
f 2976//2976 2984//2984 2985//2985
f 2976//2976 2985//2985 2977//2977
f 2978//2978 2988//2988 2989//2989
f 2978//2978 2989//2989 2979//2979
f 2820//2820 2980//2980 2990//2990
f 2820//2820 2990//2990 2829//2829
f 2828//2828 2829//2829 2990//2990
f 2828//2828 2990//2990 2989//2989
f 2979//2979 2989//2989 2990//2990
f 2979//2979 2990//2990 2980//2980
f 2821//2821 2830//2830 2991//2991
f 2821//2821 2991//2991 2981//2981
f 2829//2829 2990//2990 2991//2991
f 2829//2829 2991//2991 2830//2830
f 2980//2980 2981//2981 2991//2991
f 2980//2980 2991//2991 2990//2990
f 2832//2832 2833//2833 2993//2993
f 2832//2832 2993//2993 2992//2992
f 2826//2826 2984//2984 2994//2994
f 2826//2826 2994//2994 2835//2835
f 2827//2827 2836//2836 2995//2995
f 2827//2827 2995//2995 2985//2985
f 2835//2835 2994//2994 2995//2995
f 2835//2835 2995//2995 2836//2836
f 2984//2984 2985//2985 2995//2995
f 2984//2984 2995//2995 2994//2994
f 2836//2836 2837//2837 2996//2996
f 2836//2836 2996//2996 2995//2995
f 2985//2985 2995//2995 2996//2996
f 2985//2985 2996//2996 2986//2986
f 2986//2986 2996//2996 2997//2997
f 2986//2986 2997//2997 2987//2987
f 2828//2828 2989//2989 3000//3000
f 2828//2828 3000//3000 2839//2839
f 2838//2838 2839//2839 3000//3000
f 2838//2838 3000//3000 2999//2999
f 2988//2988 2999//2999 3000//3000
f 2988//2988 3000//3000 2989//2989
f 2829//2829 2840//2840 3001//3001
f 2829//2829 3001//3001 2990//2990
f 2832//2832 2992//2992 3004//3004
f 2832//2832 3004//3004 2843//2843
f 2833//2833 2844//2844 3005//3005
f 2833//2833 3005//3005 2993//2993
f 2843//2843 3004//3004 3005//3005
f 2843//2843 3005//3005 2844//2844
f 2992//2992 2993//2993 3005//3005
f 2992//2992 3005//3005 3004//3004
f 2836//2836 2995//2995 3008//3008
f 2836//2836 3008//3008 2847//2847
f 2846//2846 2847//2847 3008//3008
f 2846//2846 3008//3008 3007//3007
f 2837//2837 2848//2848 3009//3009
f 2837//2837 3009//3009 2996//2996
f 2848//2848 2849//2849 3010//3010
f 2848//2848 3010//3010 3009//3009
f 2996//2996 3009//3009 3010//3010
f 2996//2996 3010//3010 2997//2997
f 2838//2838 2999//2999 3013//3013
f 2838//2838 3013//3013 2850//2850
f 2998//2998 3012//3012 3013//3013
f 2998//2998 3013//3013 2999//2999
f 2840//2840 2852//2852 3014//3014
f 2840//2840 3014//3014 3001//3001
f 2852//2852 2853//2853 3015//3015
f 2852//2852 3015//3015 3014//3014
f 3001//3001 3014//3014 3015//3015
f 3001//3001 3015//3015 3002//3002
f 2853//2853 2854//2854 3016//3016
f 2853//2853 3016//3016 3015//3015
f 3002//3002 3015//3015 3016//3016
f 3002//3002 3016//3016 3003//3003
f 2846//2846 3007//3007 3018//3018
f 2846//2846 3018//3018 2858//2858
f 2857//2857 2858//2858 3018//3018
f 2857//2857 3018//3018 3017//3017
f 3006//3006 3017//3017 3018//3018
f 3006//3006 3018//3018 3007//3007
f 2849//2849 2861//2861 3019//3019
f 2849//2849 3019//3019 3010//3010
f 3010//3010 3019//3019 3020//3020
f 3010//3010 3020//3020 3011//3011
f 2850//2850 3013//3013 3022//3022
f 2850//2850 3022//3022 2862//2862
f 3012//3012 3021//3021 3022//3022
f 3012//3012 3022//3022 3013//3013
f 2862//2862 3022//3022 3023//3023
f 2862//2862 3023//3023 2863//2863
f 2864//2864 3024//3024 3025//3025
f 2864//2864 3025//3025 2865//2865
f 2854//2854 2866//2866 3026//3026
f 2854//2854 3026//3026 3016//3016
f 2865//2865 3025//3025 3026//3026
f 2865//2865 3026//3026 2866//2866
f 2857//2857 3017//3017 3027//3027
f 2857//2857 3027//3027 2869//2869
f 2869//2869 3027//3027 3028//3028
f 2869//2869 3028//3028 2870//2870
f 2870//2870 3028//3028 3029//3029
f 2870//2870 3029//3029 2871//2871
f 2861//2861 2873//2873 3031//3031
f 2861//2861 3031//3031 3019//3019
f 2872//2872 3030//3030 3031//3031
f 2872//2872 3031//3031 2873//2873
f 3019//3019 3031//3031 3032//3032
f 3019//3019 3032//3032 3020//3020
f 3021//3021 3033//3033 3034//3034
f 3021//3021 3034//3034 3022//3022
f 2863//2863 3023//3023 3035//3035
f 2863//2863 3035//3035 2874//2874
f 3022//3022 3034//3034 3035//3035
f 3022//3022 3035//3035 3023//3023
f 2864//2864 2875//2875 3036//3036
f 2864//2864 3036//3036 3024//3024
f 2874//2874 3035//3035 3036//3036
f 2874//2874 3036//3036 2875//2875
f 2871//2871 3029//3029 3037//3037
f 2871//2871 3037//3037 2882//2882
f 2872//2872 2883//2883 3038//3038
f 2872//2872 3038//3038 3030//3030
f 3030//3030 3038//3038 3039//3039
f 3030//3030 3039//3039 3031//3031
f 3031//3031 3039//3039 3040//3040
f 3031//3031 3040//3040 3032//3032
f 3034//3034 3041//3041 3042//3042
f 3034//3034 3042//3042 3035//3035
f 2882//2882 3037//3037 3043//3043
f 2882//2882 3043//3043 2888//2888
f 2883//2883 2889//2889 3044//3044
f 2883//2883 3044//3044 3038//3038
f 2888//2888 3043//3043 3044//3044
f 2888//2888 3044//3044 2889//2889
f 3037//3037 3038//3038 3044//3044
f 3037//3037 3044//3044 3043//3043
f 3038//3038 3044//3044 3045//3045
f 3038//3038 3045//3045 3039//3039
f 2890//2890 2891//2891 3047//3047
f 2890//2890 3047//3047 3046//3046
f 2892//2892 2893//2893 3049//3049
f 2892//2892 3049//3049 3048//3048
f 2890//2890 3046//3046 3050//3050
f 2890//2890 3050//3050 2896//2896
f 2891//2891 2897//2897 3051//3051
f 2891//2891 3051//3051 3047//3047
f 2896//2896 3050//3050 3051//3051
f 2896//2896 3051//3051 2897//2897
f 3046//3046 3047//3047 3051//3051
f 3046//3046 3051//3051 3050//3050
f 2892//2892 3048//3048 3052//3052
f 2892//2892 3052//3052 2898//2898
f 2893//2893 2899//2899 3053//3053
f 2893//2893 3053//3053 3049//3049
f 2898//2898 3052//3052 3053//3053
f 2898//2898 3053//3053 2899//2899
f 3048//3048 3049//3049 3053//3053
f 3048//3048 3053//3053 3052//3052
f 2902//2902 2903//2903 3055//3055
f 2902//2902 3055//3055 3054//3054
f 2904//2904 2905//2905 3057//3057
f 2904//2904 3057//3057 3056//3056
f 2906//2906 2907//2907 3059//3059
f 2906//2906 3059//3059 3058//3058
f 2909//2909 2910//2910 3061//3061
f 2909//2909 3061//3061 3060//3060
f 2902//2902 3054//3054 3063//3063
f 2902//2902 3063//3063 2912//2912
f 2911//2911 2912//2912 3063//3063
f 2911//2911 3063//3063 3062//3062
f 2903//2903 2913//2913 3064//3064
f 2903//2903 3064//3064 3055//3055
f 2912//2912 3063//3063 3064//3064
f 2912//2912 3064//3064 2913//2913
f 3054//3054 3055//3055 3064//3064
f 3054//3054 3064//3064 3063//3063
f 2904//2904 3056//3056 3065//3065
f 2904//2904 3065//3065 2915//2915
f 2905//2905 2916//2916 3066//3066
f 2905//2905 3066//3066 3057//3057
f 3056//3056 3057//3057 3066//3066
f 3056//3056 3066//3066 3065//3065
f 2906//2906 3058//3058 3067//3067
f 2906//2906 3067//3067 2917//2917
f 2916//2916 2917//2917 3067//3067
f 2916//2916 3067//3067 3066//3066
f 2907//2907 2918//2918 3068//3068
f 2907//2907 3068//3068 3059//3059
f 2917//2917 3067//3067 3068//3068
f 2917//2917 3068//3068 2918//2918
f 3058//3058 3059//3059 3068//3068
f 3058//3058 3068//3068 3067//3067
f 2918//2918 2919//2919 3069//3069
f 2918//2918 3069//3069 3068//3068
f 2919//2919 2920//2920 3070//3070
f 2919//2919 3070//3070 3069//3069
f 2909//2909 3060//3060 3071//3071
f 2909//2909 3071//3071 2921//2921
f 2920//2920 2921//2921 3071//3071
f 2920//2920 3071//3071 3070//3070
f 2910//2910 2922//2922 3072//3072
f 2910//2910 3072//3072 3061//3061
f 2921//2921 3071//3071 3072//3072
f 2921//2921 3072//3072 2922//2922
f 3060//3060 3061//3061 3072//3072
f 3060//3060 3072//3072 3071//3071
f 2911//2911 3062//3062 3073//3073
f 2911//2911 3073//3073 2923//2923
f 2912//2912 2924//2924 3074//3074
f 2912//2912 3074//3074 3063//3063
f 3062//3062 3063//3063 3074//3074
f 3062//3062 3074//3074 3073//3073
f 2915//2915 3065//3065 3075//3075
f 2915//2915 3075//3075 2927//2927
f 2927//2927 3075//3075 3076//3076
f 2927//2927 3076//3076 2928//2928
f 3065//3065 3066//3066 3076//3076
f 3065//3065 3076//3076 3075//3075
f 2917//2917 2929//2929 3077//3077
f 2917//2917 3077//3077 3067//3067
f 2928//2928 3076//3076 3077//3077
f 2928//2928 3077//3077 2929//2929
f 3066//3066 3067//3067 3077//3077
f 3066//3066 3077//3077 3076//3076
f 2918//2918 3068//3068 3078//3078
f 2918//2918 3078//3078 2930//2930
f 2930//2930 3078//3078 3079//3079
f 2930//2930 3079//3079 2931//2931
f 3068//3068 3069//3069 3079//3079
f 3068//3068 3079//3079 3078//3078
f 2931//2931 3079//3079 3080//3080
f 2931//2931 3080//3080 2932//2932
f 3069//3069 3070//3070 3080//3080
f 3069//3069 3080//3080 3079//3079
f 2921//2921 2933//2933 3081//3081
f 2921//2921 3081//3081 3071//3071
f 2932//2932 3080//3080 3081//3081
f 2932//2932 3081//3081 2933//2933
f 3070//3070 3071//3071 3081//3081
f 3070//3070 3081//3081 3080//3080
f 2923//2923 3073//3073 3082//3082
f 2923//2923 3082//3082 2934//2934
f 2924//2924 2935//2935 3083//3083
f 2924//2924 3083//3083 3074//3074
f 2934//2934 3082//3082 3083//3083
f 2934//2934 3083//3083 2935//2935
f 3073//3073 3074//3074 3083//3083
f 3073//3073 3083//3083 3082//3082
f 3084//3084 3086//3086 3087//3087
f 3084//3084 3087//3087 3085//3085
f 3088//3088 3091//3091 3092//3092
f 3088//3088 3092//3092 3089//3089
f 3090//3090 3093//3093 3094//3094
f 3090//3090 3094//3094 3091//3091
f 2957//2957 2958//2958 3096//3096
f 2957//2957 3096//3096 3095//3095
f 2958//2958 2959//2959 3097//3097
f 2958//2958 3097//3097 3096//3096
f 2961//2961 2962//2962 3099//3099
f 2961//2961 3099//3099 3098//3098
f 2962//2962 2963//2963 3100//3100
f 2962//2962 3100//3100 3099//3099
f 2957//2957 3095//3095 3101//3101
f 2957//2957 3101//3101 2964//2964
f 3095//3095 3096//3096 3102//3102
f 3095//3095 3102//3102 3101//3101
f 2959//2959 2966//2966 3103//3103
f 2959//2959 3103//3103 3097//3097
f 3096//3096 3097//3097 3103//3103
f 3096//3096 3103//3103 3102//3102
f 2961//2961 3098//3098 3104//3104
f 2961//2961 3104//3104 2969//2969
f 2969//2969 3104//3104 3105//3105
f 2969//2969 3105//3105 2970//2970
f 3098//3098 3099//3099 3105//3105
f 3098//3098 3105//3105 3104//3104
f 2963//2963 2971//2971 3106//3106
f 2963//2963 3106//3106 3100//3100
f 2970//2970 3105//3105 3106//3106
f 2970//2970 3106//3106 2971//2971
f 3099//3099 3100//3100 3106//3106
f 3099//3099 3106//3106 3105//3105
f 2964//2964 3101//3101 3107//3107
f 2964//2964 3107//3107 2972//2972
f 3101//3101 3102//3102 3108//3108
f 3101//3101 3108//3108 3107//3107
f 2966//2966 2974//2974 3109//3109
f 2966//2966 3109//3109 3103//3103
f 2973//2973 3108//3108 3109//3109
f 2973//2973 3109//3109 2974//2974
f 3102//3102 3103//3103 3109//3109
f 3102//3102 3109//3109 3108//3108
f 2976//2976 2977//2977 3111//3111
f 2976//2976 3111//3111 3110//3110
f 2978//2978 2979//2979 3113//3113
f 2978//2978 3113//3113 3112//3112
f 2972//2972 3107//3107 3114//3114
f 2972//2972 3114//3114 2980//2980
f 2979//2979 2980//2980 3114//3114
f 2979//2979 3114//3114 3113//3113
f 2973//2973 2981//2981 3115//3115
f 2973//2973 3115//3115 3108//3108
f 2980//2980 3114//3114 3115//3115
f 2980//2980 3115//3115 2981//2981
f 3107//3107 3108//3108 3115//3115
f 3107//3107 3115//3115 3114//3114
f 2976//2976 3110//3110 3116//3116
f 2976//2976 3116//3116 2984//2984
f 2977//2977 2985//2985 3117//3117
f 2977//2977 3117//3117 3111//3111
f 2984//2984 3116//3116 3117//3117
f 2984//2984 3117//3117 2985//2985
f 3110//3110 3111//3111 3117//3117
f 3110//3110 3117//3117 3116//3116
f 2985//2985 2986//2986 3118//3118
f 2985//2985 3118//3118 3117//3117
f 2986//2986 2987//2987 3119//3119
f 2986//2986 3119//3119 3118//3118
f 2978//2978 3112//3112 3120//3120
f 2978//2978 3120//3120 2988//2988
f 3112//3112 3113//3113 3121//3121
f 3112//3112 3121//3121 3120//3120
f 2980//2980 2990//2990 3122//3122
f 2980//2980 3122//3122 3114//3114
f 3113//3113 3114//3114 3122//3122
f 3113//3113 3122//3122 3121//3121
f 2985//2985 3117//3117 3123//3123
f 2985//2985 3123//3123 2995//2995
f 3117//3117 3118//3118 3124//3124
f 3117//3117 3124//3124 3123//3123
f 2987//2987 2997//2997 3125//3125
f 2987//2987 3125//3125 3119//3119
f 3118//3118 3119//3119 3125//3125
f 3118//3118 3125//3125 3124//3124
f 2988//2988 3120//3120 3127//3127
f 2988//2988 3127//3127 2999//2999
f 2998//2998 2999//2999 3127//3127
f 2998//2998 3127//3127 3126//3126
f 2990//2990 3001//3001 3129//3129
f 2990//2990 3129//3129 3122//3122
f 3121//3121 3122//3122 3129//3129
f 3121//3121 3129//3129 3128//3128
f 3001//3001 3002//3002 3130//3130
f 3001//3001 3130//3130 3129//3129
f 3002//3002 3003//3003 3131//3131
f 3002//3002 3131//3131 3130//3130
f 3006//3006 3007//3007 3133//3133
f 3006//3006 3133//3133 3132//3132
f 2995//2995 3123//3123 3134//3134
f 2995//2995 3134//3134 3008//3008
f 3007//3007 3008//3008 3134//3134
f 3007//3007 3134//3134 3133//3133
f 3123//3123 3124//3124 3135//3135
f 3123//3123 3135//3135 3134//3134
f 2997//2997 3010//3010 3136//3136
f 2997//2997 3136//3136 3125//3125
f 3010//3010 3011//3011 3137//3137
f 3010//3010 3137//3137 3136//3136
f 2998//2998 3126//3126 3138//3138
f 2998//2998 3138//3138 3012//3012
f 3126//3126 3127//3127 3139//3139
f 3126//3126 3139//3139 3138//3138
f 3003//3003 3016//3016 3141//3141
f 3003//3003 3141//3141 3131//3131
f 3130//3130 3131//3131 3141//3141
f 3130//3130 3141//3141 3140//3140
f 3006//3006 3132//3132 3142//3142
f 3006//3006 3142//3142 3017//3017
f 3132//3132 3133//3133 3143//3143
f 3132//3132 3143//3143 3142//3142
f 3011//3011 3020//3020 3145//3145
f 3011//3011 3145//3145 3137//3137
f 3136//3136 3137//3137 3145//3145
f 3136//3136 3145//3145 3144//3144
f 3012//3012 3138//3138 3146//3146
f 3012//3012 3146//3146 3021//3021
f 3138//3138 3139//3139 3147//3147
f 3138//3138 3147//3147 3146//3146
f 3024//3024 3149//3149 3150//3150
f 3024//3024 3150//3150 3025//3025
f 3016//3016 3026//3026 3151//3151
f 3016//3016 3151//3151 3141//3141
f 3025//3025 3150//3150 3151//3151
f 3025//3025 3151//3151 3026//3026
f 3017//3017 3142//3142 3152//3152
f 3017//3017 3152//3152 3027//3027
f 3027//3027 3152//3152 3153//3153
f 3027//3027 3153//3153 3028//3028
f 3028//3028 3153//3153 3154//3154
f 3028//3028 3154//3154 3029//3029
f 3020//3020 3032//3032 3157//3157
f 3020//3020 3157//3157 3145//3145
f 3144//3144 3145//3145 3157//3157
f 3144//3144 3157//3157 3156//3156
f 3021//3021 3146//3146 3158//3158
f 3021//3021 3158//3158 3033//3033
f 3033//3033 3158//3158 3159//3159
f 3033//3033 3159//3159 3034//3034
f 3146//3146 3147//3147 3159//3159
f 3146//3146 3159//3159 3158//3158
f 3147//3147 3148//3148 3160//3160
f 3147//3147 3160//3160 3159//3159
f 3024//3024 3036//3036 3161//3161
f 3024//3024 3161//3161 3149//3149
f 3035//3035 3160//3160 3161//3161
f 3035//3035 3161//3161 3036//3036
f 3148//3148 3149//3149 3161//3161
f 3148//3148 3161//3161 3160//3160
f 3029//3029 3154//3154 3162//3162
f 3029//3029 3162//3162 3037//3037
f 3037//3037 3162//3162 3163//3163
f 3037//3037 3163//3163 3038//3038
f 3154//3154 3155//3155 3163//3163
f 3154//3154 3163//3163 3162//3162
f 3032//3032 3040//3040 3165//3165
f 3032//3032 3165//3165 3157//3157
f 3039//3039 3164//3164 3165//3165
f 3039//3039 3165//3165 3040//3040
f 3156//3156 3157//3157 3165//3165
f 3156//3156 3165//3165 3164//3164
f 3034//3034 3159//3159 3166//3166
f 3034//3034 3166//3166 3041//3041
f 3035//3035 3042//3042 3167//3167
f 3035//3035 3167//3167 3160//3160
f 3041//3041 3166//3166 3167//3167
f 3041//3041 3167//3167 3042//3042
f 3159//3159 3160//3160 3167//3167
f 3159//3159 3167//3167 3166//3166
f 3038//3038 3163//3163 3168//3168
f 3038//3038 3168//3168 3044//3044
f 3039//3039 3045//3045 3169//3169
f 3039//3039 3169//3169 3164//3164
f 3044//3044 3168//3168 3169//3169
f 3044//3044 3169//3169 3045//3045
f 3163//3163 3164//3164 3169//3169
f 3163//3163 3169//3169 3168//3168
f 3168//3168 3170//3170 3171//3171
f 3168//3168 3171//3171 3169//3169
f 3172//3172 3176//3176 3177//3177
f 3172//3172 3177//3177 3173//3173
f 3174//3174 3181//3181 3182//3182
f 3174//3174 3182//3182 3175//3175
f 3176//3176 3184//3184 3185//3185
f 3176//3176 3185//3185 3177//3177
f 3177//3177 3185//3185 3186//3186
f 3177//3177 3186//3186 3178//3178
f 3179//3179 3187//3187 3188//3188
f 3179//3179 3188//3188 3180//3180
f 3181//3181 3189//3189 3190//3190
f 3181//3181 3190//3190 3182//3182
f 3182//3182 3190//3190 3191//3191
f 3182//3182 3191//3191 3183//3183
f 3084//3084 3085//3085 3194//3194
f 3084//3084 3194//3194 3193//3193
f 3084//3084 3193//3193 3198//3198
f 3084//3084 3198//3198 3086//3086
f 3192//3192 3197//3197 3198//3198
f 3192//3192 3198//3198 3193//3193
f 3085//3085 3087//3087 3199//3199
f 3085//3085 3199//3199 3194//3194
f 3086//3086 3198//3198 3199//3199
f 3086//3086 3199//3199 3087//3087
f 3193//3193 3194//3194 3199//3199
f 3193//3193 3199//3199 3198//3198
f 3088//3088 3089//3089 3201//3201
f 3088//3088 3201//3201 3200//3200
f 3195//3195 3202//3202 3203//3203
f 3195//3195 3203//3203 3196//3196
f 3088//3088 3200//3200 3205//3205
f 3088//3088 3205//3205 3091//3091
f 3090//3090 3091//3091 3205//3205
f 3090//3090 3205//3205 3204//3204
f 3089//3089 3092//3092 3206//3206
f 3089//3089 3206//3206 3201//3201
f 3091//3091 3205//3205 3206//3206
f 3091//3091 3206//3206 3092//3092
f 3090//3090 3204//3204 3209//3209
f 3090//3090 3209//3209 3093//3093
f 3091//3091 3094//3094 3210//3210
f 3091//3091 3210//3210 3205//3205
f 3093//3093 3209//3209 3210//3210
f 3093//3093 3210//3210 3094//3094
f 3204//3204 3205//3205 3210//3210
f 3204//3204 3210//3210 3209//3209
f 3205//3205 3210//3210 3211//3211
f 3205//3205 3211//3211 3206//3206
f 3207//3207 3212//3212 3213//3213
f 3207//3207 3213//3213 3208//3208
f 3209//3209 3214//3214 3215//3215
f 3209//3209 3215//3215 3210//3210
f 3212//3212 3216//3216 3217//3217
f 3212//3212 3217//3217 3213//3213
f 3120//3120 3121//3121 3219//3219
f 3120//3120 3219//3219 3218//3218
f 3124//3124 3125//3125 3221//3221
f 3124//3124 3221//3221 3220//3220
f 3120//3120 3218//3218 3222//3222
f 3120//3120 3222//3222 3127//3127
f 3121//3121 3128//3128 3223//3223
f 3121//3121 3223//3223 3219//3219
f 3218//3218 3219//3219 3223//3223
f 3218//3218 3223//3223 3222//3222
f 3128//3128 3129//3129 3224//3224
f 3128//3128 3224//3224 3223//3223
f 3129//3129 3130//3130 3225//3225
f 3129//3129 3225//3225 3224//3224
f 3133//3133 3134//3134 3227//3227
f 3133//3133 3227//3227 3226//3226
f 3124//3124 3220//3220 3228//3228
f 3124//3124 3228//3228 3135//3135
f 3134//3134 3135//3135 3228//3228
f 3134//3134 3228//3228 3227//3227
f 3125//3125 3136//3136 3229//3229
f 3125//3125 3229//3229 3221//3221
f 3220//3220 3221//3221 3229//3229
f 3220//3220 3229//3229 3228//3228
f 3127//3127 3222//3222 3230//3230
f 3127//3127 3230//3230 3139//3139
f 3222//3222 3223//3223 3231//3231
f 3222//3222 3231//3231 3230//3230
f 3223//3223 3224//3224 3232//3232
f 3223//3223 3232//3232 3231//3231
f 3130//3130 3140//3140 3233//3233
f 3130//3130 3233//3233 3225//3225
f 3224//3224 3225//3225 3233//3233
f 3224//3224 3233//3233 3232//3232
f 3140//3140 3141//3141 3234//3234
f 3140//3140 3234//3234 3233//3233
f 3133//3133 3226//3226 3236//3236
f 3133//3133 3236//3236 3143//3143
f 3142//3142 3143//3143 3236//3236
f 3142//3142 3236//3236 3235//3235
f 3226//3226 3227//3227 3237//3237
f 3226//3226 3237//3237 3236//3236
f 3227//3227 3228//3228 3238//3238
f 3227//3227 3238//3238 3237//3237
f 3136//3136 3144//3144 3239//3239
f 3136//3136 3239//3239 3229//3229
f 3228//3228 3229//3229 3239//3239
f 3228//3228 3239//3239 3238//3238
f 3139//3139 3230//3230 3240//3240
f 3139//3139 3240//3240 3147//3147
f 3147//3147 3240//3240 3241//3241
f 3147//3147 3241//3241 3148//3148
f 3230//3230 3231//3231 3241//3241
f 3230//3230 3241//3241 3240//3240
f 3148//3148 3241//3241 3242//3242
f 3148//3148 3242//3242 3149//3149
f 3231//3231 3232//3232 3242//3242
f 3231//3231 3242//3242 3241//3241
f 3149//3149 3242//3242 3243//3243
f 3149//3149 3243//3243 3150//3150
f 3232//3232 3233//3233 3243//3243
f 3232//3232 3243//3243 3242//3242
f 3141//3141 3151//3151 3244//3244
f 3141//3141 3244//3244 3234//3234
f 3150//3150 3243//3243 3244//3244
f 3150//3150 3244//3244 3151//3151
f 3233//3233 3234//3234 3244//3244
f 3233//3233 3244//3244 3243//3243
f 3142//3142 3235//3235 3245//3245
f 3142//3142 3245//3245 3152//3152
f 3152//3152 3245//3245 3246//3246
f 3152//3152 3246//3246 3153//3153
f 3235//3235 3236//3236 3246//3246
f 3235//3235 3246//3246 3245//3245
f 3153//3153 3246//3246 3247//3247
f 3153//3153 3247//3247 3154//3154
f 3236//3236 3237//3237 3247//3247
f 3236//3236 3247//3247 3246//3246
f 3154//3154 3247//3247 3248//3248
f 3154//3154 3248//3248 3155//3155
f 3237//3237 3238//3238 3248//3248
f 3237//3237 3248//3248 3247//3247
f 3144//3144 3156//3156 3249//3249
f 3144//3144 3249//3249 3239//3239
f 3238//3238 3239//3239 3249//3249
f 3238//3238 3249//3249 3248//3248
f 3155//3155 3248//3248 3250//3250
f 3155//3155 3250//3250 3163//3163
f 3156//3156 3164//3164 3251//3251
f 3156//3156 3251//3251 3249//3249
f 3163//3163 3250//3250 3251//3251
f 3163//3163 3251//3251 3164//3164
f 3248//3248 3249//3249 3251//3251
f 3248//3248 3251//3251 3250//3250
f 3168//3168 3169//3169 3253//3253
f 3168//3168 3253//3253 3252//3252
f 3168//3168 3252//3252 3254//3254
f 3168//3168 3254//3254 3170//3170
f 3169//3169 3171//3171 3255//3255
f 3169//3169 3255//3255 3253//3253
f 3170//3170 3254//3254 3255//3255
f 3170//3170 3255//3255 3171//3171
f 3252//3252 3253//3253 3255//3255
f 3252//3252 3255//3255 3254//3254
f 3172//3172 3173//3173 3257//3257
f 3172//3172 3257//3257 3256//3256
f 3174//3174 3175//3175 3259//3259
f 3174//3174 3259//3259 3258//3258
f 3172//3172 3256//3256 3260//3260
f 3172//3172 3260//3260 3176//3176
f 3173//3173 3177//3177 3261//3261
f 3173//3173 3261//3261 3257//3257
f 3256//3256 3257//3257 3261//3261
f 3256//3256 3261//3261 3260//3260
f 3177//3177 3178//3178 3262//3262
f 3177//3177 3262//3262 3261//3261
f 3179//3179 3180//3180 3264//3264
f 3179//3179 3264//3264 3263//3263
f 3174//3174 3258//3258 3265//3265
f 3174//3174 3265//3265 3181//3181
f 3175//3175 3182//3182 3266//3266
f 3175//3175 3266//3266 3259//3259
f 3258//3258 3259//3259 3266//3266
f 3258//3258 3266//3266 3265//3265
f 3182//3182 3183//3183 3267//3267
f 3182//3182 3267//3267 3266//3266
f 3176//3176 3260//3260 3268//3268
f 3176//3176 3268//3268 3184//3184
f 3184//3184 3268//3268 3269//3269
f 3184//3184 3269//3269 3185//3185
f 3260//3260 3261//3261 3269//3269
f 3260//3260 3269//3269 3268//3268
f 3178//3178 3186//3186 3270//3270
f 3178//3178 3270//3270 3262//3262
f 3185//3185 3269//3269 3270//3270
f 3185//3185 3270//3270 3186//3186
f 3261//3261 3262//3262 3270//3270
f 3261//3261 3270//3270 3269//3269
f 3179//3179 3263//3263 3271//3271
f 3179//3179 3271//3271 3187//3187
f 3180//3180 3188//3188 3272//3272
f 3180//3180 3272//3272 3264//3264
f 3187//3187 3271//3271 3272//3272
f 3187//3187 3272//3272 3188//3188
f 3263//3263 3264//3264 3272//3272
f 3263//3263 3272//3272 3271//3271
f 3181//3181 3265//3265 3273//3273
f 3181//3181 3273//3273 3189//3189
f 3189//3189 3273//3273 3274//3274
f 3189//3189 3274//3274 3190//3190
f 3265//3265 3266//3266 3274//3274
f 3265//3265 3274//3274 3273//3273
f 3183//3183 3191//3191 3275//3275
f 3183//3183 3275//3275 3267//3267
f 3190//3190 3274//3274 3275//3275
f 3190//3190 3275//3275 3191//3191
f 3266//3266 3267//3267 3275//3275
f 3266//3266 3275//3275 3274//3274
f 3192//3192 3193//3193 3277//3277
f 3192//3192 3277//3277 3276//3276
f 3195//3195 3196//3196 3279//3279
f 3195//3195 3279//3279 3278//3278
f 3192//3192 3276//3276 3280//3280
f 3192//3192 3280//3280 3197//3197
f 3193//3193 3198//3198 3281//3281
f 3193//3193 3281//3281 3277//3277
f 3197//3197 3280//3280 3281//3281
f 3197//3197 3281//3281 3198//3198
f 3276//3276 3277//3277 3281//3281
f 3276//3276 3281//3281 3280//3280
f 3200//3200 3201//3201 3283//3283
f 3200//3200 3283//3283 3282//3282
f 3195//3195 3278//3278 3284//3284
f 3195//3195 3284//3284 3202//3202
f 3196//3196 3203//3203 3285//3285
f 3196//3196 3285//3285 3279//3279
f 3202//3202 3284//3284 3285//3285
f 3202//3202 3285//3285 3203//3203
f 3278//3278 3279//3279 3285//3285
f 3278//3278 3285//3285 3284//3284
f 3200//3200 3282//3282 3286//3286
f 3200//3200 3286//3286 3205//3205
f 3201//3201 3206//3206 3287//3287
f 3201//3201 3287//3287 3283//3283
f 3282//3282 3283//3283 3287//3287
f 3282//3282 3287//3287 3286//3286
f 3207//3207 3208//3208 3289//3289
f 3207//3207 3289//3289 3288//3288
f 3205//3205 3286//3286 3291//3291
f 3205//3205 3291//3291 3210//3210
f 3209//3209 3210//3210 3291//3291
f 3209//3209 3291//3291 3290//3290
f 3206//3206 3211//3211 3292//3292
f 3206//3206 3292//3292 3287//3287
f 3210//3210 3291//3291 3292//3292
f 3210//3210 3292//3292 3211//3211
f 3286//3286 3287//3287 3292//3292
f 3286//3286 3292//3292 3291//3291
f 3207//3207 3288//3288 3293//3293
f 3207//3207 3293//3293 3212//3212
f 3208//3208 3213//3213 3294//3294
f 3208//3208 3294//3294 3289//3289
f 3288//3288 3289//3289 3294//3294
f 3288//3288 3294//3294 3293//3293
f 3209//3209 3290//3290 3295//3295
f 3209//3209 3295//3295 3214//3214
f 3210//3210 3215//3215 3296//3296
f 3210//3210 3296//3296 3291//3291
f 3214//3214 3295//3295 3296//3296
f 3214//3214 3296//3296 3215//3215
f 3290//3290 3291//3291 3296//3296
f 3290//3290 3296//3296 3295//3295
f 3212//3212 3293//3293 3297//3297
f 3212//3212 3297//3297 3216//3216
f 3213//3213 3217//3217 3298//3298
f 3213//3213 3298//3298 3294//3294
f 3216//3216 3297//3297 3298//3298
f 3216//3216 3298//3298 3217//3217
f 3293//3293 3294//3294 3298//3298
f 3293//3293 3298//3298 3297//3297
