# girl_d256 — SDF round-trip @ 256^3, smooth=12, decimate=6700 (scripts/sdf-roundtrip.js, req_2604)
# source cart/editor/data/models/props/import_nude_girl/mesh/nude_girl.glb  src_tris 13260
v -0.0447 1.1256 -0.3888
v -0.0231 1.1570 -0.3815
v 0.0258 1.1397 -0.3691
v 0.0310 1.1715 -0.3906
v -0.0203 1.1581 -0.3747
v -0.0010 1.3635 -0.3763
v -0.0026 1.4252 -0.3760
v -0.0453 1.1308 -0.3591
v 0.0258 1.1397 -0.3691
v -0.0232 1.1570 -0.3815
v 0.0258 1.1397 -0.3691
v -0.0242 1.1575 -0.3834
v 0.0343 1.3863 -0.3643
v 0.0278 1.4622 -0.3479
v -0.0072 1.4831 -0.3519
v -0.0190 1.1578 -0.3719
v 0.0258 1.1397 -0.3691
v -0.0351 1.3909 -0.3586
v -0.0327 1.4575 -0.3510
v -0.0083 1.1717 -0.3405
v 0.0261 1.2551 -0.3221
v -0.0019 1.2564 -0.3400
v -0.0212 1.3127 -0.3533
v 0.0197 1.3130 -0.3576
v 0.0498 1.3356 -0.3381
v -0.0446 1.3496 -0.3165
v -0.0261 1.5172 -0.2941
v 0.0076 1.5224 -0.3096
v -0.0057 1.1979 -0.3119
v 0.0058 1.1941 -0.3183
v -0.0025 1.2061 -0.3255
v -0.0494 1.4523 -0.3010
v 0.0524 1.4141 -0.3158
v -0.0219 1.2537 -0.3177
v 0.0380 1.5049 -0.2868
v -0.0027 1.2457 -0.2898
v 0.0118 1.2186 -0.3005
v -0.0377 1.3640 -0.2892
v 0.0490 1.3276 -0.3074
v -0.0425 1.4184 -0.2798
v 0.0258 1.2776 -0.2892
v -0.0170 1.3167 -0.2875
v -0.0119 1.4000 -0.2688
v 0.0288 1.3730 -0.2773
v 0.0444 1.4759 -0.2546
v -0.0059 1.5501 -0.2696
v 0.0095 1.2962 -0.2778
v -0.0432 1.4788 -0.2482
v 0.0199 1.4582 -0.2389
v -0.0182 1.4627 -0.2393
v 0.0146 1.5481 -0.2575
v 0.0048 1.4863 -0.1996
v -0.0302 1.4977 -0.2028
v 0.0350 1.5021 -0.2019
v -0.0393 1.5223 -0.2220
v -0.0057 1.5566 -0.2180
v 0.0330 1.5368 -0.2143
v -0.0158 1.4885 -0.1688
v 0.0448 1.5255 -0.1657
v 0.0260 1.4894 -0.1657
v -0.0440 1.5133 -0.1653
v 0.0539 1.4909 -0.1441
v -0.0028 1.5463 -0.1501
v -0.0752 -1.0053 -0.1375
v 0.0752 -1.0053 -0.1375
v 0.1515 1.3459 -0.1271
v 0.1681 1.3426 -0.1260
v -0.1522 1.3465 -0.1193
v -0.1186 1.3341 -0.1337
v -0.1866 1.3428 -0.1265
v -0.1378 1.3581 -0.1285
v 0.1428 1.3666 -0.1261
v 0.1546 1.3836 -0.1272
v 0.1980 1.3853 -0.1112
v -0.1867 1.4031 -0.1310
v 0.1502 1.4104 -0.1333
v 0.2003 1.4203 -0.1161
v 0.0012 1.4662 -0.1492
v 0.0577 1.5456 -0.1409
v 0.0028 1.5463 -0.1501
v -0.0210 1.5627 -0.1588
v 0.0279 1.5630 -0.1617
v 0.1377 -1.0208 -0.1167
v -0.1204 -1.0052 -0.1193
v -0.0752 -1.0053 -0.1316
v 0.0752 -1.0053 -0.1316
v 0.1021 -0.9889 -0.1211
v 0.1218 -0.9636 -0.1189
v -0.0942 -0.9042 -0.1197
v 0.1104 -0.8956 -0.1175
v -0.0989 -0.8755 -0.1198
v -0.1683 1.3473 -0.1260
v 0.2062 1.3554 -0.1340
v -0.1384 1.3575 -0.1264
v 0.1376 1.3573 -0.1168
v 0.1764 1.3591 -0.1269
v -0.1911 1.3969 -0.1199
v -0.1735 1.3978 -0.1279
v -0.1279 1.3653 -0.1223
v 0.1240 1.3588 -0.1138
v 0.2064 1.3609 -0.1296
v 0.1382 1.3760 -0.1161
v -0.1638 1.4031 -0.1325
v 0.1814 1.4064 -0.1255
v -0.1954 1.4108 -0.1156
v -0.0378 1.4247 -0.1279
v 0.1551 1.4052 -0.1346
v 0.1849 1.4201 -0.1182
v 0.1959 1.4227 -0.1144
v -0.1760 1.4064 -0.1310
v -0.0883 1.4766 -0.1253
v 0.0398 1.4274 -0.1280
v 0.0963 1.4800 -0.1177
v -0.0513 1.4800 -0.1453
v 0.0318 1.4780 -0.1519
v -0.0342 1.4850 -0.1541
v -0.0863 1.5462 -0.1220
v -0.0625 1.5300 -0.1410
v 0.0432 1.5925 -0.1214
v 0.0806 1.5346 -0.1274
v -0.1314 -1.0982 -0.1033
v -0.1084 -1.1006 -0.1045
v 0.1432 -1.0789 -0.1041
v -0.1319 -1.0522 -0.1086
v -0.0566 -1.0265 -0.0941
v 0.0553 -1.0060 -0.0940
v 0.1137 -1.0367 -0.1136
v 0.1400 -0.9996 -0.1161
v -0.1045 -0.9884 -0.1219
v -0.1511 -0.9257 -0.1100
v -0.1201 -0.9529 -0.1218
v 0.0816 -0.9695 -0.1136
v -0.0832 -0.9548 -0.1148
v -0.1201 -0.8958 -0.1201
v -0.0661 -0.8943 -0.1032
v 0.0911 -0.8794 -0.1227
v -0.1113 -0.8629 -0.1141
v 0.1245 -0.8388 -0.0958
v -0.1359 1.3489 -0.0967
v 0.1351 1.3444 -0.1106
v 0.2027 1.3631 -0.1272
v -0.1945 1.3432 -0.1267
v -0.1828 1.3443 -0.1221
v -0.1441 1.3532 -0.1124
v -0.1278 1.3614 -0.1137
v 0.1546 1.3583 -0.0991
v -0.1787 1.3937 -0.0908
v 0.1783 1.3754 -0.1135
v -0.1274 1.3649 -0.1082
v -0.1983 1.4047 -0.1009
v -0.0870 1.4179 -0.1094
v 0.0023 1.3689 -0.0927
v -0.1705 1.4072 -0.1140
v 0.1962 1.4154 -0.1119
v -0.1869 1.4121 -0.1189
v -0.1284 1.4506 -0.0796
v 0.0000 1.4703 -0.1081
v -0.0384 1.5917 -0.1259
v 0.0975 1.6273 -0.0721
v -0.0376 1.6283 -0.1120
v 0.0917 -1.1640 -0.0911
v -0.1324 -1.1231 -0.0962
v 0.1511 -1.1085 -0.0950
v -0.0753 -1.1118 -0.0935
v -0.1649 -1.0237 -0.0967
v -0.0867 -1.0316 -0.1096
v 0.0692 -1.0491 -0.0983
v 0.1540 -1.0218 -0.1058
v -0.1485 -0.9881 -0.1107
v 0.0581 -0.9145 -0.0984
v 0.1462 -0.9143 -0.1112
v -0.0553 -0.9260 -0.0961
v 0.0807 -0.8936 -0.1165
v -0.1726 -0.9010 -0.0887
v 0.1671 -0.9036 -0.0979
v -0.0410 -0.8809 -0.0651
v -0.0845 -0.8599 -0.1077
v 0.0932 -0.8667 -0.1160
v -0.1235 -0.8335 -0.0930
v -0.0788 -0.8248 -0.0902
v 0.0738 -0.8498 -0.0943
v -0.0731 0.2401 -0.0911
v 0.0729 0.2401 -0.0913
v -0.1628 1.3437 -0.1151
v 0.1268 1.3476 -0.0895
v 0.1557 1.3414 -0.1133
v 0.1352 1.3527 -0.0775
v 0.1691 1.3549 -0.1151
v 0.1211 1.3544 -0.0991
v 0.0593 1.3826 -0.0964
v 0.1832 1.3946 -0.0763
v 0.1662 1.4092 -0.1173
v 0.0000 1.4703 -0.1029
v -0.0813 1.6101 -0.0954
v -0.0020 1.6309 -0.1128
v -0.1375 -1.1924 -0.0748
v -0.1126 -1.2190 -0.0722
v 0.0946 -1.2011 -0.0814
v -0.1089 -1.1912 -0.0865
v 0.1353 -1.1923 -0.0750
v -0.1119 -1.1535 -0.0919
v 0.0564 -1.1438 -0.0691
v 0.0812 -1.1183 -0.0927
v 0.1204 -1.1355 -0.0962
v -0.1588 -1.0811 -0.0898
v -0.0585 -1.0607 -0.0923
v -0.1843 -1.0223 -0.0766
v 0.0394 -0.9759 -0.0683
v 0.1617 -0.9524 -0.1024
v -0.1793 -0.9613 -0.0849
v 0.1538 -0.8738 -0.0979
v -0.1432 -0.8753 -0.1058
v -0.1698 -0.8599 -0.0753
v 0.0581 -0.8230 -0.0788
v -0.0998 -0.7995 -0.0801
v 0.1115 -0.8027 -0.0803
v -0.0895 0.2520 -0.0800
v 0.0942 0.2449 -0.0804
v -0.1294 0.2351 -0.0777
v 0.1246 0.2455 -0.0813
v -0.1148 0.2919 -0.0677
v -0.2251 1.3367 -0.0737
v -0.1446 1.3472 -0.0911
v 0.1451 1.3494 -0.0875
v 0.2223 1.3367 -0.0737
v -0.2223 1.3367 -0.0737
v 0.2251 1.3367 -0.0737
v -0.1361 1.3555 -0.0837
v 0.1570 1.3776 -0.0991
v -0.1933 1.4032 -0.0664
v 0.0884 1.4175 -0.1063
v 0.1482 1.3711 -0.0845
v -0.1083 1.3988 -0.0711
v -0.2006 1.4160 -0.0852
v -0.1872 1.4187 -0.0943
v 0.2029 1.4242 -0.0932
v 0.1303 1.4495 -0.0753
v 0.1321 1.5146 -0.0876
v -0.1220 1.5266 -0.0938
v 0.1058 1.5571 -0.1026
v -0.0228 1.6531 -0.0936
v -0.1178 -1.6498 -0.0617
v -0.0970 -1.6674 -0.0618
v 0.0895 -1.6276 -0.0639
v 0.1148 -1.6505 -0.0618
v -0.0929 -1.6315 -0.0627
v -0.1348 -1.3052 -0.0625
v 0.1348 -1.3052 -0.0625
v -0.0884 -1.2431 -0.0602
v -0.0588 -1.2260 -0.0495
v 0.1163 -1.2416 -0.0660
v -0.0654 -1.2021 -0.0597
v 0.1582 -1.2183 -0.0411
v 0.0760 -1.1724 -0.0816
v -0.0843 -1.1765 -0.0832
v -0.1584 -1.1397 -0.0725
v 0.1627 -1.1325 -0.0743
v -0.0547 -1.1488 -0.0683
v 0.0546 -1.0922 -0.0780
v -0.0495 -1.0969 -0.0754
v 0.1742 -1.0597 -0.0808
v 0.0446 -1.0397 -0.0717
v -0.2141 -1.0203 -0.0753
v 0.2141 -1.0203 -0.0753
v 0.1846 -0.9730 -0.0752
v -0.0536 -0.9776 -0.0892
v 0.0526 -0.9625 -0.0944
v 0.1822 -0.8858 -0.0690
v -0.1664 -0.8132 -0.0584
v -0.0554 -0.8414 -0.0821
v 0.1649 -0.8332 -0.0724
v -0.1384 -0.7884 -0.0664
v 0.0632 -0.7563 -0.0501
v 0.1323 0.1751 -0.0651
v -0.1100 0.1888 -0.0681
v -0.0641 0.1738 -0.0451
v 0.0491 0.2016 -0.0585
v 0.0944 0.1711 -0.0566
v -0.0758 0.2172 -0.0737
v -0.0410 0.2124 -0.0610
v 0.1206 0.2091 -0.0761
v -0.1647 0.1874 -0.0562
v 0.1662 0.1911 -0.0597
v 0.0751 0.2159 -0.0733
v 0.0523 0.2674 -0.0637
v 0.1255 0.2807 -0.0685
v 0.0954 0.3255 -0.0546
v -0.0676 0.9102 -0.0572
v 0.0571 0.8903 -0.0498
v -0.0609 0.9633 -0.0672
v 0.0511 0.9565 -0.0624
v 0.0962 1.0155 -0.0703
v -0.1381 1.0121 -0.0677
v -0.0821 1.0057 -0.0716
v -0.0336 1.0204 -0.0640
v -0.0908 1.0662 -0.0654
v 0.1531 1.0419 -0.0662
v -0.1989 1.0789 -0.0638
v -0.0118 1.0622 -0.0624
v 0.0552 1.1109 -0.0542
v 0.1216 1.0788 -0.0613
v -0.1726 1.0659 -0.0648
v -0.1348 1.0998 -0.0530
v -0.0172 1.0897 -0.0592
v -0.1426 1.3510 -0.0652
v 0.1407 1.3490 -0.0644
v -0.1574 1.3667 -0.0598
v 0.1579 1.3674 -0.0577
v -0.1519 1.3563 -0.0494
v -0.0651 1.3733 -0.0810
v 0.1515 1.3609 -0.0594
v -0.1791 1.3959 -0.0585
v -0.1735 1.4030 -0.0767
v -0.1894 1.4139 -0.0686
v 0.1729 1.4039 -0.0766
v 0.1867 1.4235 -0.0946
v 0.1394 1.5750 -0.0637
v 0.0647 1.6735 -0.0549
v 0.0354 1.6517 -0.0896
v 0.1025 -1.6848 -0.0301
v 0.1189 -1.6760 -0.0485
v 0.0957 -1.6678 -0.0645
v -0.0680 -1.6567 -0.0471
v 0.0668 -1.6564 -0.0437
v 0.1187 -1.6045 -0.0438
v -0.1255 -1.6152 -0.0393
v 0.0989 -1.3352 -0.0370
v -0.1348 -1.3052 -0.0563
v -0.0933 -1.2853 -0.0458
v -0.1049 -1.3332 -0.0383
v 0.1348 -1.3052 -0.0563
v 0.1440 -1.2645 -0.0374
v 0.0495 -1.2219 -0.0483
v 0.0629 -1.1985 -0.0665
v 0.1654 -1.1777 -0.0565
v -0.1899 -1.1334 -0.0328
v 0.1830 -1.1436 -0.0453
v -0.0371 -1.1115 -0.0421
v 0.0369 -1.0887 -0.0453
v -0.2004 -0.9869 -0.0496
v 0.0410 -0.9273 -0.0747
v -0.0417 -0.9286 -0.0764
v 0.0419 -0.8775 -0.0640
v -0.0623 -0.7914 -0.0643
v 0.0503 -0.7938 -0.0558
v 0.0811 -0.7928 -0.0726
v -0.1464 -0.7464 -0.0309
v -0.0491 -0.7681 -0.0413
v 0.1515 -0.7814 -0.0519
v 0.1206 -0.7619 -0.0556
v 0.1682 -0.2763 -0.0390
v -0.1518 -0.2501 -0.0437
v -0.1366 -0.2362 -0.0430
v -0.1361 -0.1910 -0.0438
v 0.1460 -0.1485 -0.0418
v -0.1448 -0.1600 -0.0438
v -0.1743 -0.1205 -0.0438
v -0.1626 -0.1134 -0.0437
v 0.1832 -0.1129 -0.0418
v -0.1967 -0.0452 -0.0468
v 0.1965 -0.0452 -0.0466
v -0.1527 0.1516 -0.0445
v -0.1208 0.1581 -0.0482
v 0.1398 0.1517 -0.0436
v 0.0013 0.2061 -0.0442
v -0.1776 0.2421 -0.0639
v 0.1624 0.2393 -0.0663
v -0.1640 0.2795 -0.0624
v 0.0129 0.3224 -0.0413
v 0.1988 0.2833 -0.0297
v -0.0452 0.2706 -0.0618
v -0.1705 0.3381 -0.0209
v -0.0789 0.3158 -0.0584
v -0.1156 0.8876 -0.0472
v 0.1307 0.9074 -0.0450
v -0.0364 0.9435 -0.0582
v 0.1099 0.9669 -0.0641
v -0.1033 0.9533 -0.0662
v -0.2245 1.0067 -0.0484
v 0.0557 1.0299 -0.0648
v 0.2772 1.0470 -0.0487
v 0.1961 1.0605 -0.0608
v 0.0100 1.0508 -0.0612
v 0.1904 1.0907 -0.0457
v 0.2689 1.0790 -0.0441
v -0.1905 1.0936 -0.0452
v -0.0295 1.2960 -0.0303
v -0.0340 1.3366 -0.0612
v 0.0056 1.3180 -0.0509
v 0.0342 1.2999 -0.0308
v 0.0597 1.3381 -0.0432
v 0.1524 1.3552 -0.0454
v 0.1030 1.3874 -0.0631
v 0.1940 1.4186 -0.0703
v 0.2026 1.4117 -0.0816
v 0.1638 1.4600 -0.0265
v 0.0054 1.6822 -0.0591
v 0.1359 -1.6449 -0.0221
v -0.1027 -1.5695 -0.0273
v -0.0609 -1.5996 -0.0290
v 0.0912 -1.5773 -0.0479
v -0.0956 -1.3619 -0.0325
v 0.0999 -1.3801 -0.0261
v 0.0607 -1.3112 -0.0226
v 0.0969 -1.2854 -0.0515
v 0.0752 -1.2430 -0.0637
v -0.0577 -1.2474 -0.0392
v -0.1524 -1.2269 -0.0504
v -0.0413 -1.1633 -0.0376
v -0.1884 -1.1651 -0.0056
v 0.0419 -1.1665 -0.0438
v -0.1910 -1.0659 -0.0537
v 0.1974 -1.0783 -0.0355
v -0.0391 -1.0384 -0.0597
v -0.2078 -1.0228 -0.0183
v 0.2016 -0.9865 -0.0396
v -0.1967 -0.9133 -0.0451
v 0.2007 -0.9102 -0.0364
v -0.2123 -0.8775 -0.0322
v -0.1902 -0.8441 -0.0326
v 0.1949 -0.8476 -0.0218
v 0.0440 -0.8331 -0.0597
v -0.0390 -0.8027 -0.0360
v 0.1814 -0.8100 -0.0351
v -0.0433 -0.7946 -0.0530
v 0.0384 -0.8005 -0.0471
v -0.1642 -0.7809 -0.0455
v 0.0653 -0.7413 -0.0379
v 0.0686 -0.7669 -0.0561
v -0.1039 -0.7620 -0.0564
v 0.0977 -0.7387 -0.0445
v 0.1466 -0.7050 -0.0092
v -0.0677 -0.7453 -0.0391
v -0.1054 -0.4326 -0.0263
v -0.1151 -0.4145 -0.0271
v 0.1189 -0.4283 -0.0266
v -0.1282 -0.3409 -0.0344
v 0.1324 -0.3907 -0.0295
v 0.1136 -0.3356 -0.0311
v -0.1572 -0.3111 -0.0323
v 0.1529 -0.3172 -0.0344
v -0.0738 -0.2851 -0.0337
v -0.1552 -0.2702 -0.0409
v -0.1210 -0.2702 -0.0347
v 0.1511 -0.2619 -0.0424
v 0.1521 -0.2289 -0.0434
v 0.1723 -0.2108 -0.0410
v -0.1696 -0.2055 -0.0436
v -0.1516 -0.2089 -0.0444
v -0.1734 -0.1646 -0.0423
v 0.1342 -0.1680 -0.0417
v 0.1518 -0.1877 -0.0410
v 0.1360 -0.1080 -0.0368
v 0.1670 -0.1071 -0.0421
v 0.1538 -0.0816 -0.0400
v -0.1644 -0.0797 -0.0413
v 0.1420 -0.0547 -0.0329
v 0.1674 -0.0614 -0.0389
v -0.1667 -0.0566 -0.0388
v -0.1672 -0.0055 -0.0318
v 0.1690 -0.0020 -0.0304
v 0.1957 0.0467 -0.0260
v -0.1639 0.0596 -0.0277
v 0.1649 0.0603 -0.0275
v 0.1100 0.1500 -0.0438
v -0.2176 0.1848 -0.0187
v 0.0523 0.1703 -0.0365
v -0.2049 0.2270 -0.0415
v 0.2101 0.2199 -0.0335
v 0.0041 0.2677 -0.0546
v 0.0555 0.3236 -0.0518
v -0.1073 0.3375 -0.0457
v -0.0465 0.3507 -0.0287
v 0.0677 0.3605 -0.0274
v 0.1214 0.3597 -0.0286
v 0.0515 0.8296 -0.0277
v 0.0884 0.8565 -0.0393
v 0.1601 0.8877 -0.0253
v -0.0341 0.8979 -0.0478
v 0.0200 0.9095 -0.0509
v -0.1640 0.9424 -0.0431
v 0.0018 0.9561 -0.0549
v -0.3157 0.9988 -0.0383
v 0.3433 0.9866 -0.0299
v -0.2657 0.9757 -0.0126
v 0.2644 0.9898 -0.0354
v -0.3349 1.0245 -0.0445
v 0.1946 1.0060 -0.0556
v -0.2904 1.0455 -0.0457
v -0.3418 1.0506 -0.0329
v 0.3228 1.0579 -0.0382
v -0.2243 1.0658 -0.0578
v 0.2327 1.0700 -0.0521
v -0.2465 1.0878 -0.0266
v 0.1156 1.1200 -0.0430
v 0.1551 1.1120 -0.0340
v -0.0025 1.1443 -0.0467
v -0.0330 1.1843 -0.0285
v 0.0280 1.1905 -0.0329
v -0.2225 1.3422 -0.0185
v -0.0690 1.3271 -0.0279
v 0.2281 1.3494 -0.0184
v -0.2146 1.3484 -0.0189
v 0.1246 1.3600 0.0044
v -0.1854 1.3591 -0.0232
v -0.1127 1.3626 -0.0164
v 0.1784 1.3579 -0.0295
v -0.1879 1.3946 -0.0250
v 0.1853 1.3945 -0.0004
v -0.2386 1.4552 -0.0297
v 0.2386 1.4552 -0.0297
v 0.1608 1.5202 -0.0417
v 0.1618 1.5847 -0.0246
v -0.1374 1.5855 -0.0605
v 0.1395 1.6226 -0.0330
v -0.1052 1.6447 -0.0513
v -0.0542 1.6662 -0.0660
v -0.0911 -1.6861 -0.0064
v -0.1252 -1.6674 -0.0232
v 0.0628 -1.5990 -0.0381
v -0.1026 -1.5110 -0.0131
v -0.0863 -1.4104 -0.0181
v 0.0778 -1.4239 -0.0115
v 0.1309 -1.3550 -0.0134
v 0.1366 -1.3061 -0.0256
v -0.0577 -1.2766 -0.0319
v 0.0542 -1.2623 -0.0350
v -0.1720 -1.1922 -0.0354
v 0.0368 -1.2071 -0.0167
v -0.1942 -1.1456 -0.0157
v 0.1795 -1.1785 -0.0307
v 0.0312 -1.1217 -0.0050
v 0.2064 -1.0791 -0.0165
v -0.2021 -1.0792 -0.0187
v -0.0274 -1.0075 -0.0174
v 0.0288 -0.9963 -0.0278
v 0.2093 -0.9658 -0.0186
v -0.0308 -0.9435 -0.0350
v 0.2061 -0.8979 -0.0194
v 0.1753 -0.7513 0.0017
v -0.0975 -0.6984 -0.0237
v -0.0578 -0.7054 -0.0103
v 0.1170 -0.5016 -0.0120
v 0.1076 -0.4524 -0.0209
v -0.1154 -0.4472 -0.0242
v 0.1487 -0.4486 -0.0150
v 0.1923 -0.4200 0.0037
v 0.0952 -0.4006 -0.0220
v -0.1357 -0.3735 -0.0305
v -0.2039 -0.3223 -0.0137
v 0.0785 -0.3128 -0.0172
v 0.1862 -0.3396 -0.0211
v 0.2102 -0.3216 -0.0080
v -0.1064 -0.3443 -0.0281
v 0.0756 -0.2832 -0.0214
v -0.2336 -0.2309 -0.0034
v -0.2112 -0.2731 -0.0155
v -0.1823 -0.2347 -0.0355
v 0.1161 -0.2507 -0.0341
v 0.1799 -0.2403 -0.0373
v -0.1182 -0.1894 -0.0352
v -0.2139 -0.1801 -0.0251
v -0.0790 -0.1758 -0.0131
v -0.2374 -0.1511 -0.0140
v 0.2441 -0.1735 -0.0052
v 0.1839 -0.1392 -0.0386
v -0.1925 -0.0929 -0.0353
v -0.1415 -0.0849 -0.0374
v -0.0977 -0.1008 -0.0201
v 0.1060 -0.0913 -0.0210
v 0.1922 -0.0803 -0.0358
v -0.2162 -0.0109 -0.0242
v -0.1949 0.0446 -0.0268
v -0.1881 0.0864 -0.0231
v 0.1469 0.0893 -0.0207
v 0.1879 0.0874 -0.0226
v -0.0980 0.1312 -0.0195
v -0.0627 0.1473 -0.0116
v 0.1859 0.1295 -0.0196
v -0.1383 0.1342 -0.0334
v 0.0913 0.1442 -0.0244
v -0.2022 0.2757 -0.0370
v 0.1552 0.3293 -0.0375
v -0.0634 0.8568 -0.0384
v -0.6063 0.9503 -0.0142
v 0.1923 0.9399 -0.0227
v 0.5337 0.9469 -0.0079
v -0.5701 0.9960 -0.0168
v 0.4769 0.9521 -0.0077
v -0.7758 0.9909 -0.0099
v -0.2298 0.9765 -0.0164
v 0.2309 0.9615 0.0000
v 0.5886 0.9539 -0.0154
v -0.6575 0.9761 -0.0174
v -0.4886 0.9780 -0.0219
v -0.3234 0.9642 -0.0076
v 0.4651 0.9794 -0.0250
v -0.3762 0.9881 -0.0256
v 0.4556 1.0183 -0.0196
v 0.5388 0.9915 -0.0211
v 0.7215 0.9896 -0.0140
v -0.4353 1.0086 -0.0200
v -0.3574 1.0181 -0.0366
v -0.5355 1.0333 -0.0041
v 0.5260 1.0317 -0.0078
v 0.3279 1.0290 -0.0390
v 0.3826 1.0206 -0.0273
v 0.3530 1.0626 -0.0133
v -0.3473 1.0768 -0.0030
v 0.3025 1.0796 -0.0273
v -0.3032 1.0838 -0.0133
v -0.1359 1.1236 -0.0207
v 0.1924 1.1151 0.0148
v 0.2520 1.0999 -0.0181
v -0.0851 1.1652 -0.0086
v -0.0713 1.1283 -0.0433
v 0.0848 1.1567 -0.0262
v 0.0196 1.2647 -0.0255
v -0.0219 1.2415 -0.0200
v 0.0625 1.2749 0.0087
v -0.2102 1.3470 -0.0178
v 0.2103 1.3520 -0.0188
v 0.2239 1.3482 -0.0206
v -0.1996 1.3593 -0.0055
v -0.1562 1.3564 -0.0437
v 0.0932 1.3201 0.0157
v 0.1622 1.3585 -0.0353
v -0.2056 1.3586 -0.0068
v 0.2151 1.3532 -0.0188
v 0.2114 1.4193 0.0007
v -0.2066 1.4195 0.0047
v -0.1601 1.4496 -0.0349
v 0.2298 1.4344 0.0019
v -0.1652 1.5101 -0.0335
v -0.1411 1.6217 -0.0396
v -0.0582 -1.6647 -0.0035
v -0.0494 -1.6374 -0.0220
v 0.1150 -1.5309 -0.0131
v 0.0731 -1.5383 -0.0228
v -0.0671 -1.5139 -0.0101
v 0.0875 -1.4793 -0.0157
v -0.0879 -1.4743 -0.0172
v -0.0675 -1.3296 -0.0202
v -0.1504 -1.3100 0.0282
v -0.1406 -1.2666 -0.0340
v -0.1663 -1.2430 0.0025
v 0.1675 -1.2405 -0.0038
v -0.1769 -1.2021 0.0223
v 0.1926 -1.1429 -0.0201
v -0.1957 -1.1214 0.0040
v 0.0269 -1.0490 -0.0073
v -0.0306 -1.0592 0.0020
v 0.2075 -1.0467 0.0001
v 0.2091 -0.9973 -0.0099
v -0.2095 -0.9692 -0.0182
v 0.0229 -0.9289 0.0036
v 0.0286 -0.9124 -0.0319
v -0.2019 -0.8826 -0.0053
v -0.0293 -0.8559 0.0046
v 0.2030 -0.8779 -0.0131
v -0.1785 -0.7826 -0.0126
v 0.0357 -0.7957 -0.0276
v 0.0435 -0.7555 -0.0196
v -0.0416 -0.7414 -0.0030
v -0.1177 -0.6302 -0.0108
v 0.0994 -0.6598 -0.0154
v 0.0874 -0.5585 -0.0081
v 0.1312 -0.5727 -0.0029
v -0.1173 -0.5281 -0.0148
v -0.0960 -0.5340 -0.0103
v 0.1670 -0.5084 0.0127
v -0.1178 -0.4929 -0.0178
v -0.1511 -0.4525 -0.0152
v -0.0892 -0.4303 -0.0165
v -0.1898 -0.4185 -0.0025
v -0.1746 -0.3769 -0.0205
v 0.1692 -0.3867 -0.0208
v -0.2054 -0.3726 -0.0019
v 0.2034 -0.3661 -0.0020
v -0.2288 -0.3311 0.0149
v 0.2231 -0.2920 -0.0031
v -0.2259 -0.2923 -0.0034
v -0.0838 -0.2967 -0.0206
v 0.0784 -0.2582 -0.0200
v 0.1973 -0.2845 -0.0228
v -0.0706 -0.2517 -0.0069
v 0.2157 -0.2330 -0.0194
v -0.2410 -0.1950 -0.0082
v 0.0821 -0.2119 -0.0184
v 0.1135 -0.1641 -0.0315
v 0.2053 -0.1897 -0.0280
v 0.2280 -0.1197 -0.0184
v -0.0626 -0.1354 0.0119
v 0.2559 -0.0625 0.0032
v -0.2589 -0.1221 0.0064
v -0.2354 -0.0819 -0.0185
v -0.0746 -0.0765 0.0021
v 0.1187 -0.0179 -0.0193
v -0.1198 -0.0189 -0.0216
v -0.0896 -0.0351 -0.0062
v 0.2216 -0.0164 -0.0198
v -0.2541 -0.0240 0.0007
v 0.0946 0.0207 -0.0009
v 0.1317 0.0446 -0.0198
v -0.2306 0.0565 -0.0075
v -0.1306 0.0457 -0.0181
v 0.2239 0.0622 -0.0125
v 0.2179 0.1046 -0.0081
v -0.1419 0.0981 -0.0225
v 0.1239 0.1181 -0.0157
v -0.1858 0.1341 -0.0262
v 0.0326 0.1535 0.0063
v 0.1938 0.1715 -0.0355
v -0.0037 0.3493 -0.0245
v -0.0167 0.3451 0.0010
v -0.1101 0.3734 -0.0152
v -0.0746 0.3897 -0.0012
v 0.0590 0.4064 0.0166
v -0.0230 0.7980 -0.0111
v -0.0036 0.8678 -0.0384
v -0.1586 0.8584 -0.0149
v -0.1102 0.8228 -0.0209
v 0.1307 0.8353 -0.0152
v -0.5702 0.9477 -0.0154
v -0.7164 0.9434 -0.0016
v 0.5717 0.9326 0.0031
v 0.7319 0.9365 0.0074
v -0.7270 0.9805 -0.0151
v -0.5329 0.9461 -0.0117
v -0.4283 0.9620 -0.0145
v -0.3756 0.9522 -0.0025
v -0.2058 0.9579 -0.0118
v 0.3677 0.9543 -0.0036
v 0.6345 0.9453 -0.0081
v 0.6772 0.9505 -0.0079
v 0.7721 0.9731 -0.0098
v 0.4129 0.9728 -0.0186
v -0.6815 1.0141 -0.0093
v 0.6403 0.9876 -0.0188
v 0.6896 1.0259 0.0014
v 0.4529 1.0470 0.0061
v 0.6038 1.0198 -0.0138
v 0.7812 1.0192 -0.0010
v -0.6358 1.0189 -0.0075
v 0.4084 1.0492 -0.0014
v 0.6417 1.0275 -0.0016
v -0.3848 1.0410 -0.0158
v 0.0877 1.1698 0.0143
v -0.2164 1.3459 -0.0123
v 0.2231 1.3531 -0.0141
v -0.1923 1.3890 0.0065
v -0.1891 1.4000 0.0051
v 0.1888 1.4024 0.0049
v -0.2285 1.4368 0.0146
v -0.1956 1.4176 0.0027
v -0.2224 1.4342 0.0329
v -0.1598 1.5947 -0.0191
v -0.1265 1.6522 -0.0117
v 0.1091 1.6642 -0.0222
v -0.0467 1.6926 -0.0132
v 0.0499 1.6955 -0.0147
v -0.0702 -1.6870 0.0145
v 0.0786 -1.6807 0.0003
v 0.1332 -1.6747 -0.0040
v 0.0514 -1.6628 -0.0114
v 0.0469 -1.6282 0.0020
v 0.1392 -1.5922 0.0097
v -0.1295 -1.5049 0.0309
v 0.1304 -1.4935 0.0391
v -0.1153 -1.4516 -0.0057
v -0.1182 -1.3798 -0.0207
v -0.0698 -1.4545 -0.0112
v 0.1199 -1.4276 0.0041
v 0.0626 -1.3640 -0.0024
v -0.0543 -1.4122 0.0157
v -0.1328 -1.3257 -0.0209
v 0.1475 -1.3159 0.0319
v -0.0452 -1.3246 0.0331
v -0.0426 -1.2621 0.0050
v 0.1587 -1.2738 0.0115
v -0.0411 -1.1987 -0.0115
v 0.1805 -1.1879 0.0108
v -0.0333 -1.1300 0.0011
v 0.0294 -1.0555 0.0234
v -0.2018 -1.0470 0.0213
v -0.2097 -0.9928 0.0091
v 0.0300 -0.9816 0.0301
v -0.2070 -0.9381 0.0050
v 0.2058 -0.9262 -0.0045
v 0.1885 -0.7946 0.0040
v -0.0362 -0.7789 0.0448
v -0.1390 -0.6931 -0.0097
v 0.0519 -0.6900 0.0031
v -0.1528 -0.6414 0.0094
v 0.1466 -0.6309 0.0065
v -0.0829 -0.6151 -0.0079
v 0.1689 -0.5750 0.0285
v -0.0580 -0.6438 0.0044
v 0.0647 -0.6160 0.0003
v -0.1382 -0.5505 -0.0060
v -0.0559 -0.5462 0.0102
v 0.0509 -0.5288 0.0165
v -0.0628 -0.4716 0.0011
v 0.0759 -0.4690 -0.0069
v -0.1914 -0.4567 0.0127
v -0.0622 -0.3382 -0.0040
v -0.0435 -0.3315 0.0127
v 0.0527 -0.3281 0.0075
v 0.0598 -0.2519 0.0009
v 0.2385 -0.2071 -0.0066
v 0.0714 -0.1590 -0.0024
v 0.2636 -0.1387 0.0173
v 0.0752 -0.0638 0.0064
v 0.2780 -0.0780 0.0355
v 0.2750 -0.0134 0.0301
v -0.2690 0.0398 0.0248
v -0.0914 0.0267 0.0096
v -0.2178 0.1045 -0.0080
v 0.2419 0.1348 0.0138
v -0.2316 0.1457 0.0015
v -0.0276 0.1586 -0.0051
v 0.2326 0.1826 -0.0017
v -0.2392 0.2470 0.0060
v 0.2048 0.3356 0.0043
v 0.0168 0.3453 0.0011
v -0.1605 0.3897 0.0182
v 0.0095 0.3739 -0.0079
v -0.0031 0.4275 0.0368
v -0.1035 0.4120 0.0244
v -0.0962 0.7826 -0.0016
v 0.0784 0.7870 -0.0028
v -0.1872 0.8316 0.0418
v -0.6597 0.9329 0.0050
v -0.5879 0.9276 0.0085
v -0.4771 0.9424 -0.0051
v 0.5164 0.9291 0.0284
v 0.6078 0.9347 -0.0016
v 0.7955 0.9386 0.0076
v 0.8292 0.9359 0.0143
v -0.3380 0.9474 0.0305
v 0.3085 0.9647 -0.0086
v 0.4256 0.9380 0.0278
v -0.8580 0.9442 0.0160
v -0.2770 0.9627 0.0356
v 0.2630 0.9697 -0.0110
v -0.8810 0.9810 0.0161
v 0.8254 0.9849 0.0018
v 0.8900 0.9787 0.0181
v -0.8278 0.9788 0.0011
v -0.8428 1.0369 0.0180
v -0.7910 1.0325 0.0102
v 0.8542 1.0312 0.0156
v -0.7284 1.0235 0.0015
v -0.6043 1.0352 0.0070
v -0.5622 1.0383 0.0066
v 0.4873 1.0476 0.0403
v 0.4963 1.0438 0.0041
v 0.5724 1.0319 -0.0046
v 0.7457 1.0341 0.0068
v -0.8132 1.0504 0.0192
v -0.4431 1.0489 0.0067
v 0.1275 1.1346 -0.0031
v -0.0575 1.2151 -0.0050
v 0.0610 1.2128 -0.0066
v -0.0666 1.2695 0.0123
v -0.2224 1.3456 -0.0149
v 0.2045 1.3624 -0.0084
v -0.1893 1.3767 0.0135
v -0.1489 1.4110 -0.0206
v 0.1934 1.3996 0.0123
v 0.1481 1.4099 -0.0225
v -0.2318 1.4394 0.0204
v 0.2052 1.4235 0.0049
v 0.2235 1.4330 0.0106
v 0.2297 1.4407 0.0218
v -0.0995 1.6923 0.0397
v -0.1378 -1.6391 -0.0247
v -0.1438 -1.6101 0.0071
v 0.0484 -1.5664 0.0182
v -0.0480 -1.5567 0.0044
v 0.1344 -1.5494 0.0442
v 0.0555 -1.4126 0.0188
v 0.1394 -1.3649 0.0357
v 0.0474 -1.3234 0.0137
v 0.0441 -1.2614 0.0262
v -0.1615 -1.2750 0.0123
v 0.0342 -1.1809 0.0211
v -0.0411 -1.1487 0.0455
v 0.1995 -1.1093 0.0025
v 0.2107 -1.0091 0.0062
v -0.0299 -0.9689 0.0285
v -0.1974 -0.8916 0.0390
v -0.0243 -0.9089 0.0108
v 0.0272 -0.8958 0.0330
v 0.1951 -0.8439 0.0242
v 0.1958 -0.9138 0.0462
v 0.0230 -0.8853 0.0044
v -0.1939 -0.8305 0.0157
v 0.0306 -0.8369 0.0037
v -0.1670 -0.7132 0.0196
v 0.0337 -0.7325 0.0406
v -0.1721 -0.5790 0.0289
v -0.1782 -0.5089 0.0164
v -0.1933 -0.5269 0.0582
v 0.1937 -0.5218 0.0563
v -0.0363 -0.5165 0.0378
v 0.1887 -0.4606 0.0146
v -0.0431 -0.4714 0.0207
v 0.0467 -0.4432 0.0180
v 0.0604 -0.3914 0.0004
v -0.2171 -0.4112 0.0317
v -0.2386 -0.2765 0.0119
v 0.2380 -0.2497 0.0044
v -0.2576 -0.1990 0.0176
v -0.0419 -0.2355 0.0322
v 0.2591 -0.1969 0.0178
v -0.0558 -0.1946 0.0111
v 0.0543 -0.1329 0.0245
v -0.0562 -0.0858 0.0308
v -0.0640 -0.0249 0.0329
v 0.2535 0.0206 0.0052
v -0.1008 0.0845 0.0017
v 0.0759 0.0586 0.0309
v 0.0765 0.1143 0.0246
v 0.1066 0.0783 -0.0022
v -0.2601 0.1110 0.0296
v -0.2243 0.1235 -0.0022
v 0.2504 0.0849 0.0133
v -0.0615 0.1233 0.0295
v -0.0117 0.1440 0.0427
v 0.2499 0.2561 0.0238
v -0.2231 0.3028 0.0017
v 0.1673 0.3718 0.0076
v -0.1421 0.3837 -0.0005
v -0.0431 0.4006 0.0122
v 0.1136 0.3938 0.0061
v 0.1501 0.4110 0.0407
v -0.1423 0.7756 0.0171
v 0.1483 0.7736 0.0244
v 0.1778 0.8242 0.0236
v 0.1800 0.8792 0.0060
v -0.8452 0.9184 0.0489
v -0.8266 0.9323 0.0207
v -0.7808 0.9394 0.0108
v 0.7874 0.9154 0.0484
v 0.8644 0.9431 0.0221
v 0.9464 0.9820 0.0325
v -0.8921 1.0319 0.0364
v 0.9065 1.0272 0.0370
v -0.4941 1.0279 -0.0093
v -0.4794 1.0488 0.0051
v 0.6111 1.0399 0.0087
v 0.6509 1.0403 0.0451
v 0.8195 1.0394 0.0139
v -0.8635 1.0508 0.0266
v 0.2510 1.1134 0.0258
v 0.1005 1.1416 0.0361
v -0.0799 1.1969 0.0306
v 0.0688 1.2101 0.0405
v 0.2224 1.3501 -0.0158
v 0.1871 1.3846 0.0161
v -0.2205 1.4316 0.0177
v 0.2144 1.4270 0.0277
v -0.2231 1.4328 0.0333
v -0.2115 1.4236 0.0196
v 0.2235 1.4390 0.0327
v 0.1762 1.5653 0.0088
v 0.1543 1.6286 0.0169
v 0.1436 -1.5876 0.0568
v -0.1341 -1.5777 0.0030
v -0.0469 -1.5989 0.0272
v 0.0440 -1.5364 0.0387
v 0.0566 -1.4857 0.0196
v -0.1364 -1.4427 0.0531
v -0.0487 -1.5031 0.0379
v -0.0471 -1.3661 0.0517
v 0.0522 -1.3798 0.0386
v -0.1373 -1.3930 0.0316
v -0.1480 -1.2724 0.0568
v -0.1687 -1.1776 0.0674
v 0.0415 -1.1891 0.0522
v -0.1828 -1.1549 0.0434
v -0.1876 -1.0944 0.0522
v -0.0403 -1.0919 0.0482
v 0.1952 -1.0669 0.0431
v 0.0400 -1.0281 0.0587
v -0.1979 -0.9676 0.0483
v -0.0290 -0.8921 0.0410
v 0.1817 -0.7631 0.0487
v -0.0327 -0.7108 0.0600
v 0.0333 -0.6642 0.0514
v 0.1735 -0.6995 0.0476
v 0.0416 -0.6130 0.0284
v -0.0373 -0.5926 0.0382
v 0.1829 -0.5786 0.0741
v 0.0329 -0.5389 0.0526
v 0.2149 -0.4321 0.0381
v -0.0495 -0.4103 0.0127
v -0.2378 -0.3635 0.0519
v 0.0418 -0.2951 0.0271
v 0.2453 -0.3398 0.0611
v 0.2365 -0.3096 0.0232
v -0.0367 -0.3283 0.0347
v 0.0435 -0.2088 0.0348
v 0.0516 -0.0906 0.0386
v -0.2800 -0.0744 0.0419
v -0.2743 -0.0066 0.0263
v 0.0690 0.0009 0.0240
v 0.2753 0.0491 0.0371
v -0.0764 0.0750 0.0391
v 0.2361 0.3113 0.0250
v -0.2204 0.3387 0.0262
v -0.0538 0.4299 0.0385
v 0.0015 0.7002 0.0406
v -0.1086 0.7088 0.0435
v -0.0605 0.7436 0.0198
v 0.0631 0.7387 0.0241
v -0.1895 0.9080 0.0147
v -0.7803 0.9139 0.0390
v -0.9192 0.9310 0.0387
v -0.5912 0.9237 0.0605
v -0.5192 0.9254 0.0271
v -0.4898 0.9253 0.0537
v 0.6293 0.9242 0.0268
v 0.8152 0.9192 0.0248
v 0.8400 0.9180 0.0463
v -0.8917 0.9332 0.0382
v -0.6490 0.9210 0.0399
v -0.3570 0.9440 0.0591
v 0.3547 0.9443 0.0347
v 0.8990 0.9416 0.0295
v -0.2250 0.9625 0.0341
v -0.2038 0.9419 0.0242
v -0.9403 0.9598 0.0389
v 0.2293 0.9587 0.0351
v 1.0007 0.9744 0.0477
v -0.6513 1.0400 0.0316
v -0.4997 1.0474 0.0282
v 0.8403 1.0563 0.0313
v -0.8086 1.0553 0.0485
v -0.4322 1.0570 0.0455
v 0.4326 1.0508 0.0401
v 0.8036 1.0516 0.0493
v 0.8642 1.0512 0.0316
v -0.2526 1.1045 0.0282
v -0.1143 1.1379 0.0285
v -0.0803 1.1562 0.0571
v 0.1806 1.1897 0.0579
v -0.1801 1.2218 0.0509
v -0.1512 1.2160 0.0607
v 0.1944 1.2180 0.0458
v 0.1889 1.2545 0.0479
v -0.1881 1.2416 0.0483
v 0.1888 1.2545 0.0479
v -0.1016 1.2918 0.0625
v -0.1303 1.3356 0.0476
v -0.1881 1.3889 0.0395
v 0.1865 1.3867 0.0427
v -0.1766 1.4075 0.0347
v -0.2234 1.4431 0.0463
v 0.1865 1.4301 0.0177
v -0.1943 1.5000 0.0403
v 0.1871 1.5060 0.0333
v -0.1810 1.5634 0.0247
v 0.1084 1.6840 0.0303
v -0.1394 -1.6807 0.0617
v -0.0529 -1.5971 0.0956
v 0.0527 -1.6052 0.0959
v 0.1486 -1.6328 0.0599
v -0.1409 -1.5790 0.0604
v 0.0494 -1.5168 0.0579
v -0.1218 -1.4931 0.0687
v 0.1305 -1.4993 0.0618
v -0.0611 -1.4866 0.0747
v 0.1239 -1.3880 0.0650
v -0.1298 -1.3329 0.0717
v 0.1303 -1.3392 0.0715
v 0.1432 -1.2751 0.0657
v -0.0419 -1.2090 0.0482
v 0.1618 -1.2356 0.0461
v 0.1828 -1.1370 0.0500
v 0.1777 -1.1003 0.0721
v -0.0417 -1.0320 0.0603
v 0.2023 -0.9893 0.0301
v 0.1898 -0.8701 0.0657
v 0.1816 -0.8135 0.0716
v -0.1812 -0.7712 0.0509
v -0.0359 -0.6750 0.0317
v 0.0333 -0.5950 0.0715
v -0.1821 -0.5881 0.0754
v -0.2223 -0.4394 0.0646
v -0.0124 -0.4491 0.0595
v 0.0123 -0.4491 0.0591
v 0.2249 -0.4366 0.0631
v 0.0296 -0.4396 0.0561
v -0.0134 -0.3753 0.0586
v 0.0132 -0.3753 0.0584
v 0.2230 -0.3816 0.0303
v 0.0397 -0.3711 0.0288
v -0.2474 -0.3420 0.0643
v 0.2452 -0.3541 0.0847
v 0.2565 -0.3473 0.0577
v -0.2467 -0.3123 0.0443
v -0.0208 -0.3109 0.0753
v 0.2654 -0.2340 0.0482
v -0.2565 -0.2610 0.0430
v -0.0376 -0.1792 0.0524
v -0.2754 -0.1660 0.0476
v 0.0392 -0.1295 0.0634
v 0.0531 -0.0391 0.0445
v 0.2927 -0.0767 0.0687
v -0.3179 -0.0450 0.0603
v 0.3112 -0.0450 0.0603
v -0.0620 0.0400 0.0609
v -0.3324 0.0300 0.0602
v 0.0527 0.0225 0.0661
v 0.3269 0.0300 0.0602
v 0.2785 0.1087 0.0537
v -0.2616 0.1876 0.0372
v 0.2572 0.3274 0.0861
v 0.2046 0.3652 0.0333
v 0.1062 0.4445 0.0573
v 0.1588 0.4379 0.0810
v 0.0491 0.4448 0.0507
v -0.0626 0.7033 0.0397
v -0.0507 0.6496 0.0642
v 0.0654 0.7000 0.0422
v 0.1084 0.7044 0.0477
v 0.1798 0.7564 0.0618
v 0.1932 0.8063 0.0622
v 0.1966 0.8681 0.0570
v 0.7505 0.9197 0.0844
v -0.7988 0.9157 0.0639
v 0.7177 0.9148 0.0456
v -0.4244 0.9359 0.0349
v 0.4027 0.9425 0.0717
v 0.9844 0.9451 0.0499
v -0.3862 0.9416 0.0661
v 0.2038 0.9355 0.0430
v 0.2785 0.9609 0.0354
v -1.0663 0.9742 0.0687
v 0.9669 0.9564 0.0369
v -1.0080 0.9745 0.0497
v 1.0448 0.9753 0.0606
v -0.9603 1.0161 0.0532
v 0.8745 1.0524 0.0638
v 0.9832 1.0162 0.0593
v -0.7315 1.0460 0.0516
v -0.5740 1.0459 0.0424
v 0.4040 1.0331 0.0804
v 0.5605 1.0452 0.0321
v 0.7324 1.0464 0.0433
v -0.3799 1.0710 0.0328
v 0.3816 1.0654 0.0382
v -0.1840 1.1111 0.0139
v -0.0853 1.1193 0.0720
v 0.0868 1.1249 0.0705
v 0.1320 1.1207 0.0467
v -0.1585 1.1935 0.0623
v 0.1647 1.1995 0.0584
v -0.1779 1.1990 0.0581
v 0.1443 1.2151 0.0626
v 0.1753 1.2042 0.0596
v -0.1734 1.2385 0.0563
v 0.0950 1.2904 0.0613
v 0.1246 1.3252 0.0574
v -0.1616 1.3497 0.0701
v -0.1687 1.3808 0.0296
v 0.1766 1.3915 0.0324
v -0.2074 1.4166 0.0497
v 0.2084 1.4290 0.0707
v 0.2132 1.4427 0.0644
v 0.2142 1.4319 0.0292
v -0.2072 1.4603 0.0748
v 0.2016 1.4557 0.0876
v 0.2222 1.4442 0.0469
v -0.1494 1.6419 0.0531
v -0.0799 -1.6907 0.0337
v 0.0572 -1.6599 0.0479
v 0.1324 -1.6830 0.0525
v -0.1491 -1.6368 0.0447
v 0.0532 -1.5519 0.0749
v -0.0544 -1.5409 0.0772
v 0.0649 -1.5151 0.0841
v 0.0672 -1.4751 0.0709
v 0.1269 -1.4445 0.0523
v -0.1225 -1.4531 0.0693
v -0.1284 -1.4084 0.0682
v -0.1233 -1.3699 0.0759
v 0.1380 -1.3638 0.0617
v -0.0625 -1.3352 0.0754
v -0.0511 -1.2706 0.0609
v -0.1575 -1.2235 0.0615
v 0.0579 -1.2085 0.0756
v -0.0628 -1.2229 0.0827
v -0.1755 -1.1579 0.0689
v 0.1614 -1.1871 0.0703
v 0.0516 -1.1531 0.0746
v 0.0542 -1.1165 0.0789
v -0.1765 -1.0781 0.0797
v 0.0411 -1.1069 0.0528
v 0.0624 -1.0519 0.0849
v -0.0489 -1.0143 0.0794
v -0.0446 -0.9140 0.0778
v -0.0527 -0.9814 0.0805
v 0.0700 -0.9176 0.1020
v -0.1856 -0.9399 0.0776
v 0.0433 -0.9150 0.0750
v -0.1774 -0.8700 0.0842
v -0.0421 -0.8409 0.0753
v 0.0390 -0.8438 0.0718
v 0.0295 -0.6818 0.0667
v -0.1667 -0.6428 0.1065
v -0.0283 -0.6690 0.0692
v -0.1733 -0.6434 0.0545
v 0.1699 -0.6380 0.0420
v -0.0304 -0.6193 0.0742
v 0.0315 -0.5425 0.0808
v -0.0314 -0.5368 0.0756
v -0.2076 -0.4701 0.0525
v -0.0311 -0.4503 0.0538
v 0.0225 -0.4538 0.0799
v 0.2081 -0.4696 0.0510
v 0.2324 -0.3978 0.0745
v -0.2428 -0.3663 0.0786
v 0.0264 -0.3009 0.0650
v -0.0185 -0.2765 0.0822
v -0.2660 -0.2690 0.0824
v 0.0199 -0.2661 0.0813
v -0.2738 -0.2238 0.0732
v 0.2745 -0.2318 0.0947
v -0.0409 -0.1200 0.0590
v 0.2851 -0.1217 0.0584
v -0.2955 -0.0893 0.0756
v -0.0403 -0.0562 0.0740
v 0.2976 -0.0986 0.0894
v -0.2971 -0.0492 0.0705
v -0.3112 -0.0450 0.0603
v 0.2943 -0.0254 0.0683
v 0.3179 -0.0450 0.0603
v -0.2932 0.0010 0.0627
v 0.2902 0.0204 0.0576
v -0.3269 0.0300 0.0602
v 0.3324 0.0300 0.0602
v -0.3160 0.0907 0.0726
v 0.3091 0.0714 0.0971
v 0.2922 0.1469 0.1006
v 0.2996 0.0939 0.0894
v -0.0306 0.1358 0.1030
v -0.2743 0.2511 0.0697
v 0.2723 0.1898 0.0535
v -0.2526 0.3059 0.0557
v -0.2254 0.3710 0.0796
v -0.1944 0.3729 0.0310
v -0.1571 0.4193 0.0627
v -0.0663 0.4681 0.0698
v 0.0635 0.4803 0.0745
v 0.0018 0.5839 0.0800
v 0.0636 0.6583 0.0645
v -0.0488 0.5902 0.0808
v -0.1828 0.7611 0.0670
v -0.8279 0.9134 0.0821
v -0.7314 0.9212 0.0479
v 0.8223 0.9144 0.0766
v -1.5141 0.9279 0.0764
v -0.8694 0.9224 0.0913
v 0.5527 0.9258 0.0698
v 0.6107 0.9214 0.0676
v 0.8587 0.9218 0.0936
v 0.9016 0.9254 0.0587
v 1.5141 0.9279 0.0764
v -1.5141 0.9328 0.0764
v -1.4853 0.9453 0.0730
v -1.0261 0.9440 0.0698
v -0.9885 0.9462 0.0513
v -0.5321 0.9270 0.0718
v 0.9383 0.9446 0.0390
v 1.5141 0.9328 0.0764
v 1.0363 0.9511 0.0675
v 1.0890 0.9715 0.0810
v -1.0241 1.0097 0.0708
v 1.0477 0.9980 0.0699
v 0.9560 1.0395 0.0865
v -0.9507 1.0396 0.0972
v -0.9104 1.0470 0.0691
v -0.8523 1.0552 0.0378
v -0.5904 1.0371 0.0811
v -0.4651 1.0616 0.0749
v 0.4651 1.0616 0.0749
v 0.3097 1.0939 0.0326
v -0.3152 1.0945 0.0363
v -0.0967 1.1056 0.0762
v 0.2481 1.1055 0.0665
v 0.0707 1.1605 0.0601
v -0.1443 1.1824 0.0799
v -0.0675 1.1917 0.0779
v 0.1837 1.1893 0.0598
v -0.1774 1.2196 0.0635
v -0.1339 1.2193 0.0740
v 0.1522 1.2138 0.0790
v -0.1600 1.2434 0.0748
v -0.0796 1.2407 0.0700
v 0.1601 1.2306 0.0639
v 0.1731 1.2351 0.0544
v -0.1650 1.2751 0.0729
v 0.0746 1.2433 0.0767
v 0.1333 1.2490 0.0872
v 0.1649 1.2876 0.0753
v -0.0962 1.3188 0.0186
v 0.1587 1.3531 0.0609
v -0.1847 1.3827 0.0635
v 0.1813 1.3743 0.0645
v -0.1867 1.3974 0.0538
v -0.2117 1.4266 0.0674
v -0.2149 1.4528 0.0758
v 0.2113 1.4494 0.0785
v 0.2115 1.4998 0.1095
v 0.1478 1.6557 0.0726
v 0.1117 1.6900 0.0856
v -0.0409 1.7159 0.0563
v -0.1670 -1.6946 0.1332
v -0.1432 -1.6999 0.1133
v 0.1637 -1.6944 0.1330
v -0.0615 -1.6612 0.0682
v 0.0873 -1.5404 0.1041
v 0.1216 -1.5187 0.0758
v -0.0931 -1.4756 0.0847
v 0.0939 -1.4922 0.0874
v 0.1022 -1.4371 0.0788
v 0.1228 -1.4807 0.0692
v 0.0673 -1.4070 0.0651
v -0.0603 -1.4182 0.0659
v -0.0969 -1.3871 0.0853
v 0.0925 -1.3516 0.0882
v 0.0607 -1.3324 0.0623
v -0.1061 -1.3387 0.0918
v -0.1271 -1.2313 0.0900
v 0.0734 -1.2618 0.0814
v 0.0863 -1.2045 0.0960
v 0.1384 -1.1694 0.0982
v -0.0658 -1.1191 0.0854
v 0.1595 -1.1363 0.0862
v 0.1570 -1.0871 0.0936
v 0.1788 -1.0602 0.0766
v -0.1808 -1.0289 0.0727
v -0.1778 -0.9657 0.0838
v 0.0482 -1.0152 0.0773
v 0.1864 -1.0181 0.0683
v 0.1360 -0.9843 0.1092
v -0.0681 -0.9297 0.1008
v 0.1742 -0.9562 0.0838
v -0.1879 -0.9169 0.0706
v 0.1890 -0.9099 0.0716
v 0.0507 -0.8637 0.0964
v 0.1804 -0.8987 0.0859
v -0.1864 -0.8281 0.0615
v -0.1783 -0.7947 0.0804
v 0.0394 -0.7829 0.0770
v 0.1590 -0.8110 0.1016
v 0.1684 -0.7236 0.0919
v -0.1712 -0.7090 0.0791
v -0.1785 -0.6239 0.0770
v -0.0289 -0.4900 0.0868
v 0.2098 -0.4775 0.0911
v 0.0223 -0.3802 0.0772
v -0.2301 -0.4069 0.0818
v -0.0233 -0.3905 0.0776
v 0.0200 -0.2760 0.0938
v 0.2603 -0.2826 0.0718
v 0.0225 -0.2309 0.0901
v -0.0269 -0.1870 0.0790
v 0.2827 -0.1954 0.0810
v 0.0293 -0.1901 0.0768
v 0.2774 -0.1737 0.0533
v -0.0312 -0.0959 0.0945
v 0.0396 -0.0695 0.0733
v 0.0403 -0.0245 0.0806
v -0.3044 -0.0298 0.0933
v 0.3085 -0.0006 0.1048
v -0.0448 0.0043 0.0848
v 0.3072 0.0270 0.0887
v -0.2931 0.0594 0.0596
v 0.0478 0.0464 0.0980
v 0.3109 0.0551 0.0914
v -0.3101 0.0655 0.0844
v 0.2980 0.0613 0.0725
v -0.3123 0.0826 0.0943
v -0.2997 0.0995 0.0772
v -0.0617 0.0897 0.0969
v 0.0373 0.1331 0.0870
v -0.2852 0.2157 0.0814
v 0.2781 0.2678 0.0869
v 0.2283 0.3555 0.0560
v 0.1943 0.3999 0.0679
v -0.0509 0.5418 0.0863
v 0.0455 0.5304 0.0877
v 0.0855 0.5508 0.1007
v 0.0742 0.5884 0.0907
v -0.1316 0.6550 0.0890
v 0.1273 0.6340 0.0966
v -0.1762 0.7022 0.1129
v -0.1544 0.7194 0.0581
v 0.1567 0.7060 0.0809
v 0.1432 0.7302 0.0434
v -0.2051 0.8111 0.1099
v -0.9165 0.9257 0.0537
v -0.6032 0.9339 0.0915
v 0.6684 0.9362 0.0934
v 0.7099 0.9345 0.0955
v 0.9807 0.9295 0.0759
v 0.5330 0.9416 0.0983
v 0.6069 0.9353 0.0916
v 0.6725 0.9206 0.0723
v 1.4702 0.9452 0.0882
v -1.4853 0.9453 0.0781
v -1.0911 0.9493 0.0927
v -0.4788 0.9406 0.0787
v 0.1992 0.9639 0.1006
v 0.3518 0.9601 0.0794
v 1.0797 0.9490 0.0861
v -0.2330 0.9886 0.0958
v -0.2021 0.9661 0.1001
v -1.5181 0.9891 0.0898
v -0.3066 0.9687 0.0786
v 0.2949 0.9842 0.0935
v -1.4959 0.9831 0.1033
v -1.0802 1.0001 0.0856
v -0.7271 1.0260 0.1014
v 0.5162 1.0317 0.0830
v 0.9932 1.0331 0.0795
v -0.5213 1.0299 0.0881
v 0.4562 1.0264 0.0806
v 0.7710 1.0468 0.0832
v -0.3956 1.0574 0.0734
v -0.4651 1.0676 0.0749
v 0.4651 1.0676 0.0749
v 0.3020 1.0869 0.0895
v -0.1259 1.1096 0.0661
v 0.1177 1.1064 0.0806
v -0.1597 1.1937 0.0770
v 0.1665 1.1910 0.0696
v -0.1378 1.2318 0.0861
v 0.1252 1.2144 0.0784
v 0.1359 1.2314 0.0759
v 0.1284 1.2375 0.0874
v 0.1785 1.2508 0.0562
v -0.1843 1.2400 0.0554
v -0.1428 1.2495 0.0875
v -0.1650 1.2751 0.0780
v 0.1221 1.2989 0.0947
v 0.1649 1.2933 0.0753
v 0.1765 1.3512 0.0941
v -0.1748 1.3505 0.0981
v 0.1919 1.3954 0.0829
v -0.1938 1.4100 0.0815
v -0.2099 1.4372 0.0811
v 0.1994 1.4290 0.0711
v -0.1904 1.4345 0.0203
v -0.1956 1.5532 0.0966
v -0.1786 1.6012 0.0823
v 0.0396 1.7107 0.0540
v 0.0945 -1.6856 0.0592
v -0.1009 -1.6917 0.0805
v -0.0671 -1.5370 0.0968
v -0.0630 -1.5593 0.1042
v -0.1199 -1.5297 0.0818
v -0.0708 -1.5136 0.0907
v 0.0975 -1.3919 0.0852
v 0.0793 -1.3254 0.0939
v -0.0865 -1.3322 0.0944
v -0.1366 -1.3019 0.0703
v 0.1354 -1.3043 0.0746
v -0.0982 -1.2834 0.0887
v 0.1027 -1.3004 0.0907
v -0.0892 -1.2013 0.1078
v 0.1231 -1.2276 0.0907
v -0.1363 -1.1547 0.0980
v 0.0767 -1.1319 0.0941
v -0.0937 -1.1843 0.1001
v -0.0563 -1.1726 0.0788
v -0.1125 -1.1558 0.1087
v 0.1109 -1.1709 0.1035
v -0.1708 -1.1281 0.0782
v 0.1257 -1.1203 0.1036
v -0.0569 -1.0665 0.0806
v 0.0996 -1.0777 0.1039
v -0.1571 -1.0709 0.0963
v 0.0560 -1.0939 0.0806
v 0.1068 -1.0209 0.1042
v 0.1302 -1.0682 0.1054
v -0.1075 -1.0127 0.1092
v -0.0870 -1.0666 0.1014
v 0.1558 -1.0286 0.0957
v -0.0674 -1.0217 0.0914
v -0.1405 -0.9880 0.1057
v 0.0596 -0.9843 0.0830
v -0.1612 -0.9157 0.1000
v 0.1111 -0.9434 0.1116
v 0.1532 -0.9062 0.1066
v -0.0643 -0.8772 0.1037
v 0.0670 -0.8752 0.1082
v -0.1647 -0.8234 0.0978
v -0.0523 -0.8412 0.0997
v 0.0507 -0.8291 0.0995
v 0.0702 -0.8320 0.1123
v 0.1622 -0.7716 0.0949
v -0.0558 -0.7915 0.0983
v 0.0445 -0.7250 0.1085
v 0.1688 -0.6516 0.1007
v 0.1683 -0.5711 0.1270
v -0.0373 -0.5034 0.1178
v 0.0277 -0.4815 0.0870
v 0.1949 -0.5254 0.0947
v -0.1998 -0.4806 0.1086
v -0.0268 -0.4482 0.0960
v 0.2233 -0.4411 0.0836
v 0.0206 -0.3426 0.0937
v -0.2525 -0.3186 0.0829
v -0.0206 -0.3333 0.0944
v 0.0213 -0.3068 0.1075
v -0.0188 -0.2777 0.0954
v 0.0249 -0.1901 0.0893
v -0.2825 -0.1892 0.0790
v -0.0249 -0.2401 0.0811
v -0.2887 -0.1386 0.0935
v -0.0292 -0.1571 0.0959
v 0.2899 -0.1395 0.1075
v -0.3007 -0.1076 0.0965
v 0.0343 -0.0838 0.1058
v -0.3040 -0.0694 0.0948
v -0.0333 -0.0512 0.1127
v 0.3008 -0.0466 0.1123
v -0.0359 -0.0184 0.1022
v -0.3065 0.0036 0.1155
v 0.0422 0.0044 0.1130
v -0.3083 0.0352 0.0917
v 0.3131 0.0506 0.1102
v 0.0580 0.1201 0.1042
v 0.2888 0.2197 0.1031
v 0.0129 0.4767 0.0702
v -0.0118 0.5195 0.0830
v -0.1989 0.7548 0.1228
v 0.2030 0.8050 0.1297
v -0.2019 0.8522 0.0846
v -0.1982 0.8923 0.0759
v -1.5537 0.9193 0.1104
v 0.2037 0.8576 0.1010
v 0.7743 0.9261 0.1050
v -0.9557 0.9278 0.0752
v -0.7909 0.9201 0.1003
v 0.9383 0.9289 0.1154
v -0.7125 0.9362 0.0921
v -0.6550 0.9341 0.0832
v -0.5288 0.9460 0.0985
v 0.4721 0.9447 0.0830
v 1.0492 0.9354 0.0971
v -1.1220 0.9779 0.0907
v -0.5828 0.9583 0.1075
v -0.4183 0.9536 0.0825
v -0.2012 0.9363 0.0642
v 0.4169 0.9808 0.0959
v 1.4702 0.9452 0.0941
v -0.3625 0.9602 0.0859
v 0.1897 0.9809 0.1207
v 0.5729 0.9606 0.1099
v 1.1511 0.9700 0.1103
v 1.5043 0.9680 0.1129
v -1.1608 0.9888 0.1128
v -0.4801 0.9895 0.1047
v -0.3938 0.9842 0.1024
v 0.2322 0.9723 0.0770
v 0.4786 0.9936 0.1039
v 1.5043 0.9680 0.1129
v -0.3392 0.9969 0.1061
v -0.2807 1.0118 0.1132
v 0.2041 0.9952 0.1127
v 0.3573 1.0060 0.1033
v 0.5289 1.0085 0.1097
v 0.7174 1.0269 0.0911
v 1.1172 0.9975 0.0998
v 1.5169 0.9890 0.0886
v -0.6539 1.0289 0.0887
v -0.5166 1.0115 0.1122
v -0.4491 1.0381 0.0792
v -0.3803 1.0302 0.1034
v 0.6418 1.0190 0.0961
v -0.3195 1.0326 0.1171
v 0.3410 1.0360 0.1118
v 0.5811 1.0308 0.0875
v 1.0391 1.0223 0.1024
v -0.8836 1.0526 0.0964
v -0.8598 1.0554 0.0683
v -0.7722 1.0491 0.0877
v 0.8041 1.0403 0.1027
v 0.8549 1.0398 0.1118
v 0.9106 1.0453 0.1135
v -0.3338 1.0726 0.0852
v 0.3528 1.0583 0.0871
v 0.0787 1.0974 0.1011
v 0.1197 1.0883 0.1032
v 0.1739 1.0935 0.0874
v -0.1886 1.1054 0.0724
v -0.1352 1.0961 0.0979
v -0.0915 1.0967 0.0941
v -0.0521 1.1067 0.1020
v -0.1244 1.1847 0.0960
v 0.0570 1.1898 0.0921
v 0.1397 1.1959 0.0764
v -0.1328 1.1981 0.0826
v 0.1327 1.2125 0.0884
v 0.1445 1.1952 0.0868
v -0.1524 1.2260 0.0758
v -0.1444 1.2085 0.0997
v 0.0702 1.2185 0.1385
v 0.1494 1.2441 0.0860
v -0.1410 1.3130 0.0942
v 0.1554 1.3229 0.1029
v 0.2035 1.4374 0.1189
v -0.2009 1.4214 0.1029
v -0.2178 1.4779 0.1139
v 0.2151 1.4677 0.1033
v 0.1976 1.5346 0.0900
v 0.1821 1.5896 0.0898
v -0.1083 1.6941 0.0997
v 0.1313 -1.6972 0.1078
v -0.0551 -1.6319 0.1483
v -0.0859 -1.5448 0.1113
v 0.0675 -1.5681 0.1167
v 0.0895 -1.2012 0.1071
v -0.1039 -1.1237 0.1065
v -0.1240 -1.0662 0.1084
v -0.1184 -0.9852 0.1127
v 0.1341 -0.9766 0.1162
v -0.0958 -0.9741 0.1070
v 0.1402 -0.9570 0.1109
v -0.1103 -0.9171 0.1144
v 0.0545 -0.8967 0.0975
v -0.1478 -0.8579 0.1115
v -0.0554 -0.9084 0.0973
v -0.1675 -0.8524 0.1003
v 0.1418 -0.8492 0.1142
v 0.1731 -0.8547 0.0927
v -0.1067 -0.7856 0.1240
v -0.0666 -0.8287 0.1093
v -0.1611 -0.7667 0.1026
v 0.0576 -0.8022 0.1044
v -0.1407 -0.7493 0.1322
v -0.1541 -0.7451 0.1327
v -0.0523 -0.7286 0.1090
v 0.0593 -0.7667 0.1162
v -0.1532 -0.7164 0.1261
v -0.0367 -0.6479 0.1059
v 0.0388 -0.6463 0.1030
v -0.0373 -0.5711 0.1138
v -0.2181 -0.4430 0.0988
v 0.0213 -0.4563 0.0863
v -0.0223 -0.4197 0.0932
v 0.0234 -0.4208 0.0923
v -0.2371 -0.3693 0.1111
v -0.0258 -0.3894 0.1085
v -0.2446 -0.3260 0.1260
v -0.2586 -0.2827 0.1167
v 0.2629 -0.2665 0.1145
v 0.2728 -0.2861 0.1208
v -0.2700 -0.2490 0.1054
v 0.0212 -0.2467 0.1007
v -0.0196 -0.2635 0.1093
v -0.0274 -0.2729 0.1216
v -0.2740 -0.2215 0.1168
v 0.2825 -0.1909 0.1154
v -0.0279 -0.2023 0.1135
v -0.2984 -0.1173 0.1124
v 0.0322 -0.1308 0.0996
v 0.2999 -0.0945 0.1133
v 0.0345 -0.0420 0.1050
v -0.0495 0.0446 0.0961
v -0.3109 0.0612 0.1155
v 0.0603 0.0879 0.0918
v 0.3023 0.0873 0.1255
v 0.0160 0.1417 0.1265
v -0.2877 0.1719 0.0962
v 0.2901 0.1874 0.1246
v -0.2884 0.2466 0.1115
v -0.2605 0.3331 0.0969
v -0.1322 0.4739 0.1026
v 0.1454 0.4737 0.1081
v -0.0924 0.5146 0.0976
v -0.1269 0.5277 0.1252
v -0.1363 0.5875 0.1294
v -0.0909 0.5790 0.0957
v -0.1603 0.6629 0.1132
v 0.1911 0.7193 0.1453
v 1.5470 0.9272 0.1280
v 0.1970 0.9211 0.1136
v 0.8057 0.9290 0.1081
v -1.5556 0.9205 0.1134
v -1.4535 0.9447 0.1288
v -1.4134 0.9499 0.1242
v -0.9212 0.9266 0.1209
v 1.0062 0.9269 0.1081
v 1.3524 0.9515 0.1226
v 1.4258 0.9492 0.1254
v 1.4744 0.9574 0.1222
v 1.5402 0.9303 0.1214
v 1.5502 0.9266 0.1330
v -1.2458 0.9505 0.1333
v -1.1025 0.9444 0.1307
v -0.8052 0.9333 0.1111
v -0.7583 0.9352 0.1004
v -0.5700 0.9339 0.0921
v 0.7625 0.9522 0.1145
v 1.2662 0.9581 0.1169
v -1.4959 0.9831 0.1033
v -1.3981 0.9559 0.1265
v -1.3129 0.9663 0.1218
v -0.6775 0.9767 0.1098
v 0.5166 0.9718 0.1111
v 0.6694 0.9720 0.1076
v 1.2061 0.9567 0.1328
v 1.3231 0.9669 0.1230
v 1.3899 0.9531 0.1228
v -1.4959 0.9831 0.1033
v 0.7486 0.9969 0.1171
v 1.2150 0.9856 0.1251
v -1.1098 1.0026 0.1132
v 0.5801 0.9962 0.1124
v -0.5688 1.0073 0.1104
v -0.2361 1.0246 0.1206
v 0.2995 1.0290 0.1176
v 0.7730 1.0274 0.1114
v -0.9709 1.0344 0.1291
v 0.9040 1.0281 0.1386
v -0.3269 1.0532 0.1120
v -0.1835 1.0339 0.1268
v 0.1980 1.0401 0.1235
v 0.2574 1.0720 0.1111
v 0.3180 1.0597 0.1111
v -0.2570 1.0953 0.0824
v -0.1853 1.0825 0.1109
v -0.1158 1.0686 0.1233
v 0.0362 1.0867 0.1172
v -0.0160 1.1342 0.1148
v 0.0362 1.1331 0.1050
v -0.0527 1.1509 0.0920
v -0.1378 1.1859 0.0979
v -0.0518 1.1860 0.1047
v 0.0411 1.1772 0.1205
v -0.1606 1.2136 0.1289
v 0.1714 1.2304 0.1368
v -0.1065 1.2672 0.1087
v 0.1428 1.2563 0.1024
v -0.1441 1.2397 0.0892
v -0.1438 1.2894 0.1277
v 0.1543 1.2729 0.1196
v 0.1758 1.3296 0.1195
v 0.1959 1.4174 0.1066
v 0.1937 1.4322 0.1260
v 0.2089 1.4428 0.0940
v -0.2110 1.4628 0.1063
v 0.2201 1.4764 0.1206
v -0.2110 1.4935 0.1055
v 0.2218 1.4904 0.1247
v -0.2214 1.4930 0.1270
v -0.1642 -1.6576 0.1301
v 0.0532 -1.6472 0.1111
v -0.1479 -1.6134 0.1109
v -0.1219 -1.5794 0.1211
v -0.0651 -1.5854 0.1286
v 0.1300 -1.5792 0.1053
v 0.1296 -0.8899 0.1178
v -0.1330 -0.8871 0.1187
v 0.1519 -0.8852 0.1368
v -0.1042 -0.8590 0.1205
v 0.1003 -0.8687 0.1175
v 0.1081 -0.7865 0.1225
v 0.1458 -0.7455 0.1225
v -0.0767 -0.7169 0.1411
v 0.0715 -0.7329 0.1361
v 0.1532 -0.7437 0.1281
v 0.1464 -0.6657 0.1384
v 0.1577 -0.6283 0.1342
v -0.0629 -0.6408 0.1464
v 0.0594 -0.6163 0.1470
v 0.0530 -0.5871 0.1382
v -0.1889 -0.5339 0.1002
v -0.1765 -0.4541 0.1609
v 0.1913 -0.4902 0.1309
v -0.0382 -0.4410 0.1321
v 0.0396 -0.4248 0.1360
v -0.2207 -0.4016 0.1328
v 0.0268 -0.3467 0.1181
v 0.2347 -0.3669 0.1159
v -0.2728 -0.2863 0.1205
v 0.0144 -0.2578 0.1227
v -0.0201 -0.2574 0.1039
v 0.0267 -0.2553 0.1167
v 0.2608 -0.2186 0.1540
v -0.2808 -0.1917 0.1104
v 0.0293 -0.1759 0.1090
v -0.3028 -0.0927 0.1152
v -0.0310 -0.1036 0.1212
v -0.3037 -0.0474 0.1238
v -0.0465 0.0144 0.1252
v 0.0404 -0.0436 0.1378
v 0.3058 0.0261 0.1345
v -0.3122 0.0310 0.1175
v 0.0536 0.0476 0.1273
v -0.3022 0.1093 0.1173
v 0.0704 0.1220 0.1327
v 0.2824 0.1495 0.1559
v -0.0686 0.1283 0.1279
v 0.0577 0.1460 0.1501
v 0.2852 0.2658 0.1179
v -0.2768 0.2993 0.1125
v -0.2556 0.3557 0.1333
v 0.2310 0.3928 0.1148
v 0.1024 0.5092 0.0991
v 0.1273 0.5724 0.1274
v 0.1585 0.6293 0.1349
v 0.1668 0.6677 0.1126
v 0.1784 0.6646 0.1403
v -1.5576 0.9205 0.1451
v -1.5547 0.9240 0.1324
v -1.5533 0.9216 0.1105
v -1.3919 0.9524 0.1294
v -1.3348 0.9491 0.1300
v -1.0108 0.9305 0.1161
v -0.1967 0.9373 0.1231
v 0.8669 0.9450 0.1363
v 0.9540 0.9402 0.1451
v 1.1079 0.9460 0.1419
v 1.4030 0.9499 0.1310
v -1.5304 0.9722 0.1398
v -1.4143 0.9510 0.1323
v -1.1813 0.9636 0.1138
v 1.0353 0.9410 0.1365
v 1.1048 0.9492 0.1124
v 1.2841 0.9454 0.1358
v 1.3702 0.9537 0.1306
v -0.7599 0.9816 0.1213
v -1.5304 0.9722 0.1398
v -0.8079 0.9753 0.1345
v 0.8029 1.0060 0.1266
v 0.8275 0.9702 0.1369
v 1.2424 0.9975 0.1538
v 1.5158 0.9599 0.1323
v -1.2234 0.9904 0.1353
v -0.1886 0.9933 0.1236
v -0.7839 1.0218 0.1206
v 0.1799 0.9984 0.1345
v 0.2454 1.0111 0.1136
v 1.1302 1.0045 0.1378
v -1.0348 1.0223 0.1128
v -0.9255 1.0276 0.1345
v -0.8877 1.0387 0.1204
v 0.9522 1.0418 0.1192
v 0.9914 1.0306 0.1305
v -0.9535 1.0240 0.1449
v -0.8312 1.0420 0.1080
v 0.1310 1.0543 0.1290
v 0.8894 1.0433 0.1250
v -0.2640 1.0565 0.1166
v -0.0651 1.0783 0.1191
v -0.0156 1.0863 0.1218
v 0.0593 1.0773 0.1192
v 0.0838 1.0700 0.1229
v 0.2504 1.0423 0.1242
v 0.0176 1.1750 0.1393
v -0.1474 1.1968 0.1172
v 0.1503 1.1854 0.1215
v 0.1026 1.2668 0.1114
v 0.1647 1.2459 0.1282
v -0.1716 1.2431 0.1374
v 0.1183 1.2624 0.1513
v -0.1665 1.2862 0.1318
v 0.1599 1.3029 0.1305
v -0.1705 1.3126 0.1235
v 0.1422 1.2885 0.1282
v 0.1798 1.3224 0.1303
v -0.1961 1.3504 0.1333
v 0.1961 1.3506 0.1334
v 0.1777 1.3523 0.1285
v -0.1873 1.3937 0.1241
v 0.1879 1.4010 0.1343
v -0.1959 1.4537 0.1396
v -0.1965 1.4203 0.1093
v 0.1988 1.4615 0.1472
v 0.2102 1.4646 0.1259
v -0.2172 1.5014 0.1372
v 0.2164 1.5069 0.1452
v 0.2071 1.5407 0.1514
v 0.2264 1.5167 0.1427
v 0.0057 1.7199 0.1427
v -0.1583 -1.7095 0.1458
v 0.1606 -1.6582 0.1296
v 0.0697 -1.5839 0.1382
v 0.0934 -1.5782 0.1429
v -0.1517 -0.8852 0.1365
v 0.1121 -0.6884 0.1473
v -0.1078 -0.6843 0.1507
v 0.1516 -0.7122 0.1261
v -0.1421 -0.6691 0.1414
v -0.1372 -0.6135 0.1481
v -0.0451 -0.5939 0.1349
v 0.1410 -0.6272 0.1480
v -0.1683 -0.5719 0.1246
v -0.1403 -0.5493 0.1556
v -0.0538 -0.5503 0.1445
v 0.0457 -0.5374 0.1230
v -0.1683 -0.5079 0.1445
v 0.1594 -0.5081 0.1556
v -0.0583 -0.4876 0.1525
v 0.1807 -0.4829 0.1513
v 0.0649 -0.4777 0.1574
v -0.0557 -0.4282 0.1610
v 0.1974 -0.4124 0.1645
v 0.2139 -0.4259 0.1262
v -0.0462 -0.2932 0.1654
v 0.2349 -0.3325 0.1454
v -0.2403 -0.2908 0.1619
v 0.2437 -0.2828 0.1567
v 0.2505 -0.3175 0.1045
v -0.0371 -0.1652 0.1439
v -0.2688 -0.1867 0.1547
v -0.2907 -0.0889 0.1458
v 0.0390 -0.1080 0.1399
v 0.2906 -0.0792 0.1475
v -0.0413 -0.0684 0.1464
v -0.3165 -0.0452 0.1364
v 0.3167 -0.0451 0.1365
v 0.3138 0.0254 0.1130
v -0.3178 0.0600 0.1498
v 0.3111 0.0600 0.1498
v -0.0733 0.0732 0.1560
v 0.0765 0.0752 0.1613
v -0.0754 0.1120 0.1327
v 0.0852 0.1394 0.1584
v -0.0854 0.1228 0.1594
v 0.2797 0.2319 0.1430
v -0.2847 0.2773 0.1368
v 0.2690 0.3091 0.1427
v -0.2241 0.4067 0.1279
v 0.2273 0.4207 0.1710
v -0.1856 0.4362 0.1104
v 0.1914 0.4523 0.1394
v -0.1536 0.6325 0.1259
v -0.2050 0.8890 0.1390
v -1.5581 0.9246 0.1637
v 0.2025 0.8869 0.1481
v 1.5602 0.9223 0.1449
v -1.5574 0.9256 0.1448
v -1.4390 0.9455 0.1327
v -1.2734 0.9440 0.1367
v -0.9451 0.9324 0.1410
v -0.9010 0.9465 0.1449
v -0.8574 0.9555 0.1361
v 0.9138 0.9402 0.1427
v 1.3471 0.9474 0.1536
v 1.4004 0.9468 0.1435
v 1.4384 0.9474 0.1328
v 1.5328 0.9412 0.1287
v 1.5650 0.9249 0.1599
v -1.5328 0.9721 0.1460
v -1.4254 0.9499 0.1364
v -1.2518 0.9444 0.1322
v -0.8309 0.9429 0.1274
v -0.1777 0.9748 0.1405
v 1.1053 0.9601 0.1625
v 1.2423 0.9478 0.1277
v -1.5328 0.9722 0.1461
v -0.9246 0.9571 0.1526
v 0.1839 0.9665 0.1394
v 1.5158 0.9599 0.1323
v -0.8267 1.0027 0.1363
v -0.1597 1.0060 0.1419
v 0.9172 0.9523 0.1524
v -1.1469 1.0005 0.1423
v -0.8802 0.9963 0.1428
v 0.8547 1.0079 0.1401
v 1.2982 0.9843 0.1572
v -1.0736 1.0056 0.1469
v 0.1552 1.0191 0.1443
v -0.9981 1.0148 0.1472
v 0.9475 1.0354 0.1361
v 0.0668 1.0297 0.1535
v -0.0636 1.0371 0.1491
v -0.0292 1.1770 0.1248
v -0.1501 1.1855 0.1365
v -0.1696 1.2240 0.1372
v 0.1743 1.2290 0.1412
v 0.1748 1.2312 0.1423
v -0.1730 1.2575 0.1375
v 0.1617 1.2717 0.1327
v -0.1742 1.3436 0.1655
v -0.1760 1.3489 0.1485
v -0.1690 1.3281 0.1294
v 0.2428 1.4250 0.1351
v -0.2024 1.4663 0.1550
v 0.2036 1.4574 0.1465
v -0.2065 1.4607 0.1340
v 0.2050 1.4864 0.1619
v -0.2154 1.4797 0.1257
v 0.2169 1.4845 0.1290
v -0.2249 1.5112 0.1428
v -0.2181 1.5138 0.1510
v -0.2092 1.5396 0.1557
v 0.2326 1.5413 0.1569
v 0.2060 1.5897 0.1563
v 0.1480 1.6574 0.1442
v 0.0141 1.6668 0.1493
v -0.2251 1.6791 0.1513
v -0.1180 1.6835 0.1511
v 0.2234 1.6793 0.1496
v -0.2222 1.6791 0.1513
v -0.0665 1.7149 0.1109
v -0.1566 -1.7141 0.1580
v 0.1578 -1.7147 0.1574
v 0.1572 -1.7095 0.1442
v -0.0665 -1.6812 0.1555
v 0.0628 -1.7036 0.1858
v 0.1330 -1.6259 0.1750
v 0.1506 -1.6221 0.1282
v 0.0623 -0.6747 0.1420
v -0.0787 -0.6630 0.1578
v 0.0831 -0.6241 0.1581
v 0.0770 -0.5634 0.1560
v 0.1216 -0.5825 0.1575
v -0.0942 -0.5585 0.1617
v 0.0749 -0.5131 0.1586
v 0.1098 -0.5109 0.1682
v -0.1479 -0.4698 0.1725
v -0.0852 -0.4705 0.1719
v -0.2017 -0.4281 0.1482
v 0.0441 -0.3697 0.1583
v -0.0408 -0.3693 0.1480
v 0.2248 -0.3178 0.1762
v 0.0406 -0.3066 0.1516
v 0.0410 -0.1921 0.1511
v -0.2591 -0.2358 0.1494
v -0.0432 -0.2336 0.1628
v 0.2734 -0.1600 0.1574
v -0.2777 -0.1438 0.1513
v 0.2782 -0.1134 0.1659
v 0.0525 -0.0619 0.1718
v -0.0644 -0.0111 0.1815
v 0.0618 0.0042 0.1714
v -0.3058 0.0350 0.1401
v -0.2885 0.0816 0.1673
v -0.3111 0.0600 0.1498
v 0.3178 0.0600 0.1498
v -0.2761 0.1598 0.1639
v -0.1046 0.1647 0.1629
v 0.1046 0.1647 0.1629
v 0.2626 0.2005 0.1783
v -0.2781 0.2370 0.1493
v -0.2685 0.3034 0.1591
v 0.2554 0.3552 0.1753
v 0.2520 0.3721 0.1513
v -0.1996 0.4523 0.1518
v -0.1621 0.4891 0.1422
v 0.1643 0.4856 0.1403
v 0.1453 0.5142 0.1378
v -0.1537 0.5487 0.1707
v -0.1733 0.6361 0.1732
v -0.1713 0.6544 0.1421
v -0.1969 0.7308 0.1800
v -1.3850 0.9500 0.1498
v -1.3056 0.9440 0.1798
v 0.1756 0.9337 0.1942
v 1.5561 0.9279 0.1466
v -1.2138 0.9495 0.1932
v -1.1684 0.9562 0.1589
v -1.0449 0.9454 0.1483
v -0.9800 0.9487 0.1505
v 0.8278 0.9369 0.1313
v 0.9683 0.9558 0.1558
v 1.3599 0.9560 0.1704
v 1.4214 0.9503 0.1368
v 1.5314 0.9588 0.1532
v -1.5445 0.9679 0.1699
v -1.3692 0.9643 0.1439
v 1.3662 0.9621 0.1479
v -0.9477 0.9926 0.1538
v -0.1309 0.9905 0.1676
v 1.5613 0.9708 0.1840
v -1.2951 0.9856 0.1405
v -1.2752 0.9854 0.1827
v -0.1275 1.0304 0.1436
v 0.9116 0.9823 0.1539
v 0.9742 1.0125 0.1537
v 1.0541 1.0083 0.1513
v 0.0234 1.0555 0.1374
v -0.1814 1.1994 0.1509
v -0.0659 1.2168 0.1265
v -0.0177 1.1950 0.1687
v -0.1746 1.2485 0.1399
v -0.1165 1.2561 0.1636
v 0.1731 1.2398 0.1413
v 0.1568 1.3058 0.1657
v -0.1602 1.3029 0.1539
v 0.1766 1.3304 0.1431
v -0.2551 1.3817 0.1638
v -0.1803 1.3960 0.1790
v 0.1837 1.3931 0.1534
v -0.2524 1.3817 0.1638
v 0.2537 1.3881 0.1574
v 0.2537 1.3972 0.1484
v -0.1868 1.4139 0.1528
v -0.1865 1.4314 0.1762
v 0.1933 1.4294 0.1466
v 0.2087 1.5105 0.1631
v -0.2074 1.4921 0.1561
v 0.2237 1.5329 0.1569
v -0.2428 1.5462 0.1488
v -0.2229 1.5450 0.1629
v -0.2218 1.5834 0.1688
v 0.2385 1.6183 0.1749
v 0.2305 1.5807 0.1668
v -0.1576 1.6439 0.1352
v -0.0475 1.6357 0.1663
v 0.0475 1.6357 0.1664
v -0.1353 1.6800 0.2031
v 0.1325 1.6869 0.1953
v 0.0880 1.7011 0.1416
v -0.0750 -1.7297 0.1799
v -0.1630 -1.7112 0.1750
v 0.0705 -1.7087 0.1743
v -0.1266 -1.7071 0.1532
v 0.1359 -1.7087 0.1543
v 0.0937 -1.7086 0.1739
v 0.0757 -1.6822 0.1311
v -0.1251 -0.5006 0.1694
v 0.0862 -0.4886 0.1691
v 0.1415 -0.4755 0.1729
v 0.1012 -0.4561 0.1773
v 0.1789 -0.4543 0.1621
v 0.0632 -0.4358 0.1652
v -0.0811 -0.4072 0.1814
v 0.0808 -0.3911 0.1842
v 0.1751 -0.3951 0.1861
v -0.0546 -0.3904 0.1681
v 0.0524 -0.3971 0.1649
v -0.2279 -0.3514 0.1530
v -0.2192 -0.3212 0.1834
v 0.2237 -0.2523 0.1959
v -0.0561 -0.1131 0.1822
v 0.2860 -0.0056 0.1736
v -0.2930 0.0060 0.1657
v 0.0978 0.1332 0.1722
v -0.1105 0.1506 0.1905
v 0.0933 0.1564 0.1767
v -0.1046 0.1647 0.1686
v -0.0206 0.1717 0.1972
v 0.1046 0.1647 0.1686
v -0.0615 0.1537 0.1662
v 0.0712 0.1804 0.1963
v 0.2499 0.2645 0.1843
v -0.2535 0.2661 0.1827
v 0.2428 0.3259 0.1948
v -0.2497 0.3551 0.1787
v 0.2111 0.4506 0.1837
v -0.1775 0.4961 0.1854
v 0.1903 0.4701 0.2004
v 0.1692 0.5040 0.1776
v 0.1550 0.5538 0.1796
v -0.1607 0.6088 0.1603
v 0.1744 0.6438 0.1594
v -0.1817 0.6713 0.1825
v 0.2059 0.8822 0.1963
v -0.1987 0.9291 0.1479
v 1.5672 0.9248 0.1653
v -1.4321 0.9458 0.1892
v -1.2498 0.9429 0.1635
v 1.2446 0.9441 0.1597
v 1.2963 0.9431 0.1727
v 1.5629 0.9461 0.1737
v -1.5529 0.9662 0.1853
v -1.4084 0.9513 0.1678
v -1.1025 0.9617 0.1636
v 1.1555 0.9561 0.1543
v 1.2100 0.9487 0.1900
v 1.3972 0.9503 0.1703
v 1.4347 0.9494 0.1931
v 1.5614 0.9661 0.1828
v -1.3627 0.9619 0.1810
v 0.1561 0.9831 0.1665
v 1.0265 0.9766 0.1627
v -1.1874 0.9948 0.1742
v -1.0324 0.9781 0.1619
v 1.3639 0.9638 0.1826
v -1.1154 0.9889 0.1690
v 0.1139 1.0060 0.1664
v 1.1178 0.9878 0.1681
v 1.1948 0.9955 0.1679
v -0.0031 1.0023 0.1752
v 0.0422 1.2007 0.1981
v 0.1774 1.3712 0.1804
v 0.2537 1.3807 0.1648
v 0.1858 1.4355 0.1753
v -0.2536 1.4705 0.1774
v 0.2536 1.4705 0.1774
v -0.1971 1.5177 0.1846
v -0.2013 1.4875 0.1696
v 0.1936 1.4943 0.1810
v -0.2088 1.5177 0.1686
v 0.2244 1.5464 0.1645
v -0.2316 1.5913 0.1767
v -0.2043 1.5788 0.1597
v -0.2100 1.6247 0.1731
v 0.1868 1.6239 0.1683
v -0.2220 1.6270 0.1909
v 0.2205 1.6324 0.1798
v -0.2147 1.6556 0.1858
v -0.1940 1.6446 0.1848
v -0.0398 1.6435 0.1658
v -0.0285 1.6531 0.1652
v 0.1973 1.6505 0.1904
v -0.0055 1.6503 0.1994
v 0.0318 1.6515 0.1645
v 0.0346 1.7129 0.1970
v 0.0620 1.7090 0.1901
v 0.1790 1.7244 0.1776
v -0.1756 1.7166 0.1838
v -0.1207 -1.7162 0.2143
v -0.1700 -1.6636 0.1959
v 0.1737 -1.6844 0.1892
v -0.1346 -1.6275 0.1731
v -0.0837 -1.6032 0.1620
v 0.0792 -1.6067 0.1659
v -0.1164 -0.4483 0.1827
v 0.1511 -0.4360 0.1978
v -0.1478 -0.4357 0.1836
v 0.1459 -0.4398 0.1823
v -0.1707 -0.4084 0.1837
v 0.1269 -0.4010 0.1942
v -0.2005 -0.3707 0.1790
v 0.2129 -0.3688 0.1636
v -0.1004 -0.3594 0.1981
v -0.0625 -0.3474 0.1792
v 0.1084 -0.3601 0.2019
v 0.1556 -0.3514 0.2067
v 0.0576 -0.3282 0.1794
v 0.0829 -0.3163 0.2000
v 0.2010 -0.3205 0.1968
v -0.1885 -0.2971 0.2085
v -0.0641 -0.2845 0.1921
v -0.2275 -0.2309 0.2000
v 0.0685 -0.2743 0.1982
v -0.0581 -0.2501 0.1885
v -0.2470 -0.1854 0.1935
v -0.0810 -0.1586 0.2116
v 0.0595 -0.2269 0.1880
v 0.2424 -0.1699 0.1983
v -0.2719 -0.0883 0.1874
v 0.0562 -0.1275 0.1828
v -0.0802 0.0476 0.1897
v 0.0734 0.0388 0.1819
v -0.2736 0.0366 0.2034
v 0.2714 0.0475 0.2035
v -0.2803 0.0572 0.1935
v 0.2826 0.0745 0.1792
v 0.2714 0.0733 0.2024
v 0.1188 0.1130 0.2008
v 0.0062 0.1544 0.1644
v 0.0233 0.1806 0.2068
v 0.2596 0.1622 0.1893
v -0.0878 0.1877 0.2017
v 0.2406 0.2153 0.1976
v -0.2299 0.4097 0.1711
v -0.2059 0.4580 0.1824
v 0.1642 0.6236 0.1961
v 0.1957 0.7246 0.2060
v -0.2104 0.7834 0.1812
v 0.2169 0.8441 0.2005
v -1.4385 0.9468 0.1794
v 1.4546 0.9431 0.1842
v 1.4706 0.9419 0.1926
v -1.5597 0.9270 0.1785
v -1.5551 0.9431 0.1762
v -1.3765 0.9488 0.1871
v -0.1811 0.9410 0.1758
v 1.4409 0.9432 0.1974
v -1.5528 0.9662 0.1854
v -1.4189 0.9508 0.1939
v 1.1644 0.9758 0.1843
v 1.2576 0.9936 0.1896
v 1.5613 0.9661 0.1828
v -1.2148 0.9794 0.2221
v 1.2194 0.9822 0.2211
v -0.0649 1.2130 0.1975
v -0.2237 1.2456 0.1953
v 0.1702 1.3377 0.2155
v 0.2387 1.3507 0.1953
v -0.2387 1.3780 0.1964
v 0.2217 1.3806 0.1947
v -0.2387 1.3829 0.1964
v -0.2537 1.4406 0.1924
v 0.2537 1.4421 0.1933
v 0.1813 1.4827 0.2142
v -0.2536 1.4705 0.1825
v 0.2536 1.4705 0.1825
v -0.1993 1.5651 0.1913
v -0.2215 1.5941 0.1889
v -0.2184 1.5692 0.1730
v 0.2298 1.5892 0.1811
v 0.2056 1.5713 0.1859
v -0.0779 1.6070 0.1965
v -0.1871 1.6150 0.1563
v 0.2164 1.6175 0.1941
v -0.2213 1.6097 0.1950
v 0.1682 1.6335 0.1979
v -0.1702 1.6403 0.1963
v 0.0086 1.6539 0.2080
v 0.1452 1.6693 0.2121
v 0.1929 1.6396 0.1952
v 0.2353 1.6225 0.1837
v -0.2288 1.6315 0.1804
v -0.0125 1.6455 0.1949
v 0.1998 1.6609 0.1991
v -0.1697 1.7096 0.1958
v -0.1570 1.6975 0.2042
v -0.0603 1.7092 0.2071
v 0.0633 1.7056 0.2130
v -0.0819 1.7016 0.2078
v -0.0771 1.7084 0.1703
v -0.0111 1.7151 0.1952
v 0.0090 1.7159 0.1950
v 0.1473 -1.7161 0.2035
v -0.0811 -1.7055 0.1944
v 0.0896 -1.7174 0.2144
v 0.1677 -1.7105 0.1713
v 0.1797 -1.7096 0.2031
v 0.0422 -1.6784 0.2090
v 0.0554 -1.6418 0.1692
v -0.0590 -1.6335 0.1908
v -0.1508 -0.4359 0.1971
v -0.1589 -0.3619 0.2043
v -0.1279 -0.3985 0.1952
v -0.1334 -0.3615 0.2079
v -0.0857 -0.3133 0.2002
v -0.2233 -0.2852 0.1921
v 0.2258 -0.2883 0.1883
v -0.0669 -0.2579 0.2000
v 0.0910 -0.2353 0.2141
v -0.0573 -0.1953 0.1861
v 0.0819 -0.1509 0.2130
v -0.2516 -0.1172 0.2054
v 0.2674 -0.0584 0.1990
v -0.2748 -0.0240 0.1953
v -0.2554 -0.0364 0.2164
v 0.2612 -0.0039 0.2146
v -0.0901 0.0233 0.2102
v 0.0938 0.0429 0.2035
v 0.2575 0.0410 0.2186
v 0.1219 0.0824 0.2172
v 0.2427 0.0832 0.2163
v -0.2523 0.1311 0.1982
v 0.2626 0.1257 0.1942
v -0.2573 0.1562 0.1940
v 0.1278 0.1803 0.2043
v -0.2472 0.1799 0.1936
v -0.0523 0.1905 0.2084
v 0.2496 0.1853 0.1951
v -0.2489 0.2178 0.1853
v -0.1999 0.2082 0.2097
v -0.1319 0.2034 0.2138
v -0.1527 0.2377 0.2210
v 0.1563 0.2355 0.2215
v 0.2262 0.2934 0.2108
v -0.2044 0.4437 0.2089
v -0.1940 0.4743 0.2004
v 0.1526 0.5837 0.2244
v 0.2067 0.7927 0.2175
v -0.2004 0.8930 0.2180
v -1.5569 0.9244 0.1965
v 1.5286 0.9311 0.2059
v 1.5718 0.9209 0.1727
v -1.5550 0.9309 0.1932
v -1.4155 0.9487 0.2080
v -0.1689 0.9217 0.2368
v 1.4231 0.9478 0.2103
v -1.3956 0.9542 0.2154
v 0.0556 0.9775 0.1946
v 0.1159 0.9590 0.2103
v 1.3649 0.9511 0.1954
v 1.4518 0.9446 0.2106
v -1.5153 0.9721 0.2101
v -1.3784 0.9544 0.2076
v -1.1607 0.9769 0.1860
v 1.1937 0.9630 0.2146
v 1.5153 0.9721 0.2101
v 1.5615 0.9661 0.1829
v -1.5553 0.9643 0.1883
v 0.1618 1.1963 0.2125
v 0.1692 1.1966 0.2160
v 0.0309 1.1915 0.2531
v 0.1618 1.2025 0.2224
v 0.1742 1.2023 0.2159
v -0.1792 1.2050 0.2163
v -0.1727 1.1988 0.2183
v -0.1962 1.2172 0.1944
v 0.1904 1.2092 0.2208
v -0.1055 1.2355 0.2342
v 0.2229 1.2542 0.1966
v -0.1496 1.2821 0.2211
v 0.1511 1.2853 0.2246
v -0.1967 1.3355 0.2085
v 0.1964 1.3355 0.2087
v 0.2396 1.3792 0.1973
v 0.2536 1.4331 0.2024
v -0.2537 1.4406 0.1974
v 0.1848 1.4289 0.2075
v -0.1927 1.4920 0.1956
v -0.2422 1.5154 0.2099
v 0.2404 1.5146 0.2090
v 0.1925 1.5307 0.1981
v -0.1883 1.5462 0.2110
v -0.1938 1.6046 0.2048
v -0.0603 1.6069 0.1966
v 0.0604 1.6069 0.1967
v 0.0777 1.6070 0.1968
v 0.1868 1.6049 0.1997
v -0.1933 1.6350 0.1903
v -0.0452 1.6229 0.1963
v 0.0452 1.6229 0.1963
v -0.2233 1.6556 0.1894
v -0.2030 1.6531 0.1929
v -0.0039 1.6463 0.2022
v 0.1495 1.6339 0.2362
v 0.1845 1.6488 0.1969
v -0.1956 1.6683 0.2113
v -0.0122 1.6611 0.2103
v 0.2204 1.6600 0.2010
v -0.1055 1.6910 0.2019
v 0.0843 1.7031 0.2123
v 0.2166 1.6712 0.2021
v -0.0604 1.7092 0.2071
v 0.1540 1.7022 0.2122
v 0.1638 1.7164 0.2217
v -0.1689 1.7147 0.1950
v 0.0640 -1.7194 0.2258
v 0.1752 -1.7048 0.2329
v -0.1800 -1.6908 0.1867
v -0.0795 -1.6465 0.2278
v 0.0495 -1.6551 0.2237
v -0.1406 -1.6625 0.2405
v 0.0877 -1.6393 0.2148
v -0.1444 -0.3526 0.2121
v 0.1302 -0.3453 0.2102
v 0.1292 -0.3719 0.2045
v -0.1310 -0.3209 0.2124
v 0.1177 -0.2966 0.2158
v 0.1794 -0.2833 0.2159
v 0.1946 -0.2084 0.2230
v -0.2340 -0.1885 0.2105
v -0.0868 -0.2476 0.2092
v 0.1219 -0.1640 0.2340
v 0.2356 -0.2067 0.1974
v -0.1188 -0.1885 0.2312
v -0.2329 -0.1156 0.2262
v -0.2133 -0.1523 0.2270
v 0.1109 -0.0883 0.2310
v 0.2541 -0.1130 0.2019
v -0.2418 -0.0496 0.2263
v -0.1155 -0.1079 0.2326
v -0.0791 -0.0735 0.2104
v 0.0759 -0.0632 0.2058
v 0.2556 -0.0366 0.2204
v -0.1029 -0.0278 0.2264
v -0.0804 -0.0187 0.2110
v -0.2220 0.0163 0.2347
v 0.1392 0.0499 0.2316
v 0.2432 0.0202 0.2275
v -0.2526 0.0349 0.2204
v -0.2531 0.0871 0.2104
v 0.1484 0.1025 0.2231
v -0.1098 0.0900 0.1997
v 0.1780 0.1412 0.2172
v 0.2293 0.1715 0.2083
v -0.2312 0.1627 0.2063
v -0.1844 0.1362 0.2159
v 0.1809 0.2019 0.2151
v -0.1213 0.2413 0.2272
v 0.1059 0.2382 0.2308
v 0.2052 0.2505 0.2159
v -0.2178 0.2606 0.2095
v -0.1789 0.3094 0.2400
v -0.2338 0.3164 0.2057
v 0.2302 0.3792 0.2029
v 0.1521 0.5417 0.2205
v -0.1593 0.6056 0.2103
v 0.1857 0.6762 0.1766
v 0.2122 0.8730 0.2361
v -1.5538 0.9235 0.2309
v -1.5573 0.9236 0.2021
v 1.2914 0.9438 0.2202
v -1.5537 0.9665 0.2251
v -1.4398 0.9464 0.2128
v -1.4060 0.9510 0.2225
v -0.1267 0.9471 0.2196
v -0.0697 0.9742 0.1976
v 1.3908 0.9561 0.2093
v 1.5450 0.9582 0.2232
v -1.1904 0.9645 0.2062
v -1.5153 0.9773 0.2101
v -1.3313 0.9638 0.2171
v 1.3257 0.9719 0.2091
v 1.5153 0.9773 0.2101
v -0.1037 1.1297 0.2501
v 0.1033 1.1332 0.2427
v 0.1861 1.2022 0.2196
v -0.1800 1.1936 0.2201
v -0.2188 1.2672 0.2195
v 0.2235 1.2595 0.2278
v -0.1573 1.2719 0.2349
v -0.2188 1.2672 0.2195
v -0.1804 1.3346 0.2367
v 0.1762 1.3634 0.2215
v -0.1934 1.4292 0.2283
v 0.1747 1.4219 0.2386
v 0.1936 1.4463 0.2254
v -0.1899 1.4364 0.2136
v 0.2535 1.4256 0.2115
v -0.1937 1.4395 0.2287
v 0.2542 1.4844 0.2221
v -0.2388 1.4863 0.2241
v -0.1916 1.4709 0.2194
v -0.1853 1.4698 0.2038
v 0.1935 1.4926 0.2070
v -0.1945 1.5270 0.2245
v -0.2369 1.5154 0.2099
v 0.2147 1.5326 0.2368
v -0.2228 1.5482 0.2458
v 0.1761 1.5549 0.2275
v 0.1952 1.5250 0.2260
v -0.1758 1.5495 0.2334
v 0.1669 1.6052 0.2257
v -0.1486 1.6366 0.2369
v -0.0022 1.6610 0.2207
v -0.2237 1.6625 0.2250
v 0.1144 1.6799 0.2236
v -0.1502 1.6696 0.2191
v -0.0999 1.6856 0.2261
v 0.0017 1.6745 0.2199
v 0.0216 1.6745 0.2225
v 0.1511 1.6875 0.2186
v 0.2251 1.6829 0.2114
v -0.0948 1.6938 0.2213
v 0.0979 1.6953 0.2074
v -0.1650 1.7132 0.2109
v 0.0971 1.7015 0.2111
v 0.1589 1.7079 0.2193
v -0.1575 1.7102 0.2106
v -0.0427 1.7137 0.1887
v 0.1333 1.7418 0.2250
v -0.1616 -1.7134 0.2459
v -0.0722 -1.7143 0.2392
v -0.0447 -1.6946 0.2400
v -0.0476 -1.6596 0.2044
v 0.1460 -0.3121 0.2173
v -0.1423 -0.2479 0.2273
v 0.1527 -0.2644 0.2249
v -0.1828 -0.2175 0.2299
v 0.1381 -0.2196 0.2317
v 0.1451 -0.1810 0.2415
v 0.1685 -0.1765 0.2400
v 0.2076 -0.1175 0.2329
v 0.1807 -0.0780 0.2456
v -0.2236 -0.0717 0.2331
v 0.2420 -0.0436 0.2259
v 0.0812 -0.0087 0.2078
v 0.1059 -0.0149 0.2257
v -0.1412 -0.0394 0.2402
v -0.1263 0.0336 0.2290
v -0.1736 0.0234 0.2408
v 0.1731 0.0269 0.2442
v -0.1537 0.0863 0.2290
v 0.1849 0.0797 0.2337
v -0.2212 0.0852 0.2288
v -0.1776 0.2568 0.2243
v -0.0696 0.2478 0.2412
v 0.0529 0.2129 0.2280
v 0.1553 0.2730 0.2351
v -0.2085 0.3442 0.2339
v -0.2180 0.3833 0.2177
v 0.2087 0.4315 0.2136
v -0.1715 0.4875 0.2233
v 0.1638 0.5011 0.2233
v -0.1511 0.5389 0.2203
v 0.1239 0.5153 0.2586
v -0.1185 0.5686 0.2571
v -0.1706 0.6545 0.2356
v -0.2140 0.8396 0.1928
v -0.0074 0.9385 0.2256
v 1.5512 0.9057 0.2466
v -1.5539 0.9235 0.2309
v 1.5444 0.9298 0.2384
v -1.5531 0.9242 0.2369
v -1.4393 0.9467 0.2256
v -1.4117 0.9490 0.2209
v -1.3496 0.9508 0.2141
v -1.2881 0.9528 0.2266
v 1.4103 0.9462 0.2169
v 1.2885 0.9556 0.2522
v 1.4392 0.9459 0.2239
v 1.3872 0.9516 0.2248
v 0.0853 1.1299 0.2383
v 0.1045 1.1282 0.2422
v -0.0968 1.1498 0.2438
v -0.0676 1.1236 0.2306
v 0.0819 1.1387 0.2478
v -0.1745 1.1867 0.2225
v -0.1712 1.1934 0.2287
v -0.1639 1.1957 0.2277
v -0.1010 1.1821 0.2469
v 0.1030 1.1861 0.2529
v 0.1733 1.2043 0.2273
v -0.0498 1.2088 0.2679
v 0.0739 1.2150 0.2529
v 0.1915 1.2089 0.2251
v -0.1734 1.2117 0.2182
v -0.1637 1.2090 0.2257
v 0.1142 1.2406 0.2558
v 0.1109 1.2443 0.2043
v 0.1358 1.2561 0.2449
v -0.2188 1.2672 0.2195
v -0.1478 1.2630 0.2450
v 0.1547 1.2765 0.2387
v -0.1469 1.2967 0.2467
v 0.1773 1.3446 0.2222
v -0.1802 1.3403 0.2320
v 0.1771 1.3374 0.2404
v -0.1726 1.3409 0.2208
v -0.1108 1.3994 0.2424
v 0.1067 1.3789 0.2404
v 0.1702 1.3747 0.2477
v 0.2381 1.3660 0.2182
v -0.1780 1.3684 0.2120
v 0.0904 1.3940 0.2413
v -0.1153 1.3986 0.2447
v 0.0032 1.4367 0.2557
v 0.1900 1.4255 0.2332
v -0.1930 1.4439 0.2289
v 0.0270 1.4697 0.2503
v -0.2539 1.4678 0.2389
v 0.1970 1.4629 0.2244
v -0.2082 1.5199 0.2427
v -0.2011 1.5221 0.2436
v 0.1954 1.5555 0.2438
v -0.2117 1.5892 0.2587
v -0.1949 1.5792 0.2383
v 0.2099 1.5535 0.2401
v -0.1698 1.6033 0.2305
v 0.1962 1.5873 0.2503
v 0.0106 1.6555 0.2172
v 0.1335 1.6632 0.2341
v 0.1502 1.6535 0.2305
v -0.1053 1.6786 0.2342
v -0.0130 1.6831 0.2353
v 0.0127 1.6787 0.2357
v -0.2234 1.6807 0.2250
v -0.1571 1.6881 0.2169
v -0.0484 1.7014 0.2271
v -0.0002 1.6983 0.2209
v 0.1040 1.6720 0.2463
v 0.1482 1.6937 0.2094
v -0.0915 1.7017 0.2154
v -0.0198 1.6950 0.2184
v 0.0206 1.6994 0.2165
v 0.0443 1.6977 0.2245
v -0.1547 1.7011 0.2181
v 0.1667 1.7250 0.2253
v -0.1610 1.7168 0.2198
v 0.1667 1.7250 0.2253
v -0.1333 1.7418 0.2250
v 0.0616 -1.7102 0.2402
v 0.1326 -1.7178 0.2648
v 0.1463 -1.6720 0.2407
v -0.0453 -1.6694 0.2499
v 0.0771 -1.6679 0.2626
v -0.1518 -0.1969 0.2400
v -0.1741 -0.1774 0.2408
v 0.1615 -0.1417 0.2435
v -0.1559 -0.1444 0.2415
v 0.1486 -0.0924 0.2436
v -0.1808 -0.0712 0.2427
v -0.1482 -0.0951 0.2433
v -0.2018 -0.0200 0.2418
v 0.1433 -0.0223 0.2417
v 0.1730 -0.0291 0.2474
v 0.2078 0.0000 0.2395
v -0.1898 0.0853 0.2350
v -0.0060 0.2522 0.2556
v -0.0031 0.2127 0.2318
v 0.0462 0.2596 0.2551
v -0.1347 0.2692 0.2373
v -0.1077 0.3216 0.2641
v 0.1914 0.3209 0.2339
v 0.1414 0.3471 0.2645
v -0.1777 0.3712 0.2523
v 0.1824 0.3878 0.2466
v 0.1622 0.4539 0.2473
v -0.1252 0.5070 0.2581
v 0.1422 0.6289 0.2630
v -0.1860 0.7033 0.2367
v 0.1831 0.6872 0.2260
v -0.1706 0.7174 0.2817
v 0.2171 0.8456 0.2334
v -0.1265 0.9082 0.2735
v 0.0585 0.9276 0.2425
v -1.2529 0.9413 0.2490
v 1.2591 0.9335 0.2807
v -1.5019 0.9449 0.2405
v -1.2605 0.9640 0.2517
v 1.2318 0.9422 0.2623
v 1.5019 0.9449 0.2405
v -1.5514 0.9750 0.2427
v 1.2252 0.9604 0.2642
v 1.2661 0.9794 0.2332
v 1.5452 0.9730 0.2369
v 1.5614 0.9740 0.2423
v -0.0676 1.1236 0.2306
v 0.0843 1.1338 0.2497
v -0.0804 1.1310 0.2492
v -0.1140 1.1437 0.2680
v 0.0904 1.1772 0.2560
v 0.1023 1.1529 0.2572
v 0.0986 1.1754 0.2629
v -0.1407 1.2003 0.2396
v -0.0111 1.1927 0.2284
v -0.0941 1.1841 0.2510
v -0.1729 1.2071 0.2249
v 0.2100 1.2167 0.2419
v -0.1053 1.2433 0.2686
v 0.1754 1.2103 0.2270
v -0.1567 1.2648 0.2545
v 0.2236 1.2455 0.2417
v 0.1501 1.2709 0.2396
v -0.1592 1.2741 0.2426
v 0.1575 1.2852 0.2460
v 0.0155 1.3220 0.2568
v -0.1785 1.3271 0.2487
v 0.0259 1.3502 0.2575
v 0.1966 1.3646 0.2531
v -0.1801 1.3738 0.2689
v -0.1259 1.3963 0.2615
v 0.1662 1.4047 0.2702
v -0.1885 1.4321 0.2349
v 0.0067 1.3876 0.2558
v -0.1702 1.4602 0.2412
v -0.1033 1.4271 0.2405
v 0.1046 1.4201 0.2404
v -0.0210 1.4725 0.2514
v -0.2537 1.4725 0.2382
v -0.0837 1.4866 0.2623
v -0.0672 1.4781 0.2586
v -0.0489 1.4879 0.2591
v 0.0700 1.4756 0.2615
v 0.0816 1.4805 0.2705
v 0.2528 1.4863 0.2403
v -0.2205 1.5393 0.2480
v 0.1599 1.5028 0.2561
v 0.2086 1.5281 0.2397
v 0.2268 1.5368 0.2498
v -0.2145 1.5644 0.2534
v -0.1932 1.5594 0.2468
v 0.2192 1.5465 0.2497
v -0.2286 1.5773 0.2602
v -0.0002 1.5916 0.2565
v 0.1813 1.5907 0.2522
v -0.2237 1.5911 0.2668
v -0.1871 1.5969 0.2553
v -0.1689 1.5865 0.2466
v -0.1573 1.6051 0.2530
v -0.1698 1.6097 0.2374
v -0.0106 1.6124 0.2688
v 0.1687 1.6147 0.2466
v -0.1135 1.6572 0.2537
v 0.1257 1.6469 0.2543
v -0.1526 1.6528 0.2307
v -0.1367 1.6650 0.2305
v 0.2251 1.6829 0.2114
v 0.0343 1.6921 0.2619
v -0.0770 1.6910 0.2402
v -0.0263 1.6984 0.2665
v 0.0787 1.6926 0.2350
v -0.0532 -1.7139 0.2742
v -0.1743 -1.6894 0.2431
v -0.1495 -1.6882 0.2862
v 0.1360 -1.6924 0.2954
v 0.0387 -1.6697 0.2440
v 0.1122 0.2992 0.2578
v 0.0500 0.3065 0.2746
v -0.1483 0.3496 0.2632
v -0.1134 0.4035 0.2747
v -0.1655 0.4396 0.2491
v -0.1321 0.6269 0.2710
v 0.1252 0.5768 0.2598
v -0.1632 0.6758 0.2706
v -0.1946 0.7604 0.2529
v -0.2096 0.8097 0.2441
v 0.1972 0.8504 0.2741
v -0.1927 0.8513 0.2745
v 0.0170 0.8933 0.2616
v -1.5593 0.9014 0.2575
v 0.1205 0.9058 0.2764
v 1.5595 0.9014 0.2577
v -1.5477 0.9303 0.2687
v 1.5428 0.9303 0.2687
v -1.5428 0.9303 0.2687
v 1.5477 0.9303 0.2687
v -0.1129 1.1250 0.2725
v 0.1144 1.1363 0.2776
v 0.1098 1.1295 0.2718
v -0.0838 1.1576 0.2543
v 0.1252 1.1324 0.2698
v -0.1012 1.1737 0.2555
v -0.0016 1.1903 0.2777
v 0.0864 1.1790 0.2589
v 0.1020 1.1964 0.2557
v -0.1103 1.2075 0.2544
v 0.1182 1.2236 0.2585
v 0.1329 1.2050 0.2454
v 0.1285 1.2418 0.2622
v 0.1545 1.2569 0.2774
v -0.1334 1.2591 0.2512
v -0.1648 1.2720 0.2759
v -0.1495 1.2761 0.2489
v -0.0546 1.3237 0.2617
v -0.0212 1.3195 0.2715
v 0.1419 1.2763 0.2542
v 0.1083 1.3365 0.2546
v -0.0866 1.3357 0.2774
v -0.0717 1.3327 0.2656
v 0.0585 1.3294 0.2615
v 0.0621 1.3213 0.2604
v -0.1631 1.3848 0.2651
v -0.1577 1.3267 0.2526
v 0.1782 1.3719 0.2673
v -0.1964 1.3646 0.2533
v -0.0305 1.3540 0.2575
v 0.0362 1.3739 0.2686
v 0.1601 1.3741 0.2687
v -0.1812 1.3832 0.2537
v -0.0243 1.4034 0.2585
v 0.1276 1.4043 0.2729
v -0.1048 1.4051 0.2616
v -0.0340 1.4022 0.2763
v 0.1276 1.4043 0.2729
v 0.1795 1.4003 0.2624
v -0.1733 1.4104 0.2415
v 0.1804 1.4254 0.2497
v 0.1919 1.4373 0.2347
v 0.1970 1.4660 0.2760
v -0.0876 1.4779 0.2789
v 0.0185 1.4850 0.2610
v -0.1915 1.4918 0.2691
v 0.1980 1.5057 0.2523
v -0.2349 1.5439 0.2513
v 0.2366 1.5540 0.2615
v 0.1340 1.5885 0.2880
v 0.2266 1.5616 0.2648
v -0.2080 1.5841 0.2637
v -0.1533 1.5727 0.2692
v 0.1586 1.5591 0.2653
v 0.1755 1.5706 0.2547
v 0.2248 1.5774 0.2608
v 0.1597 1.5994 0.2552
v 0.2040 1.5878 0.2631
v 0.0104 1.6088 0.2653
v -0.2085 1.6067 0.2686
v -0.1273 1.6282 0.2669
v 0.1398 1.6266 0.2629
v -0.0023 1.6613 0.2787
v 0.1689 1.6312 0.2737
v -0.0889 1.6763 0.2536
v -0.0001 1.6841 0.2665
v -0.1969 1.6817 0.2835
v 0.1039 1.7535 0.2689
v -0.1038 1.7535 0.2688
v -0.1328 -1.7156 0.3263
v 0.0722 -1.7142 0.3100
v 0.0454 -1.6895 0.2759
v 0.1684 -1.7029 0.2710
v 0.0781 -1.6891 0.3133
v -0.0942 -1.6799 0.3019
v -0.0598 -1.6672 0.2731
v -0.0023 0.2879 0.2704
v -0.0453 0.3130 0.2749
v -0.0468 0.3655 0.2848
v 0.0785 0.3436 0.2792
v 0.1127 0.3996 0.2755
v 0.1084 0.4610 0.2747
v 0.0526 0.4412 0.2867
v -0.1219 0.4618 0.2711
v -0.0810 0.4788 0.2798
v -0.0199 0.5081 0.2864
v 0.0739 0.4922 0.2813
v 0.0247 0.4852 0.2876
v -0.0702 0.5370 0.2788
v 0.0562 0.5478 0.2846
v -0.0627 0.5918 0.2905
v 0.0915 0.6217 0.2942
v 0.1633 0.6736 0.2606
v 0.1788 0.7356 0.2674
v 0.0134 0.8404 0.2992
v -0.0243 0.8827 0.2735
v 0.1852 0.8978 0.2570
v -0.1742 0.8927 0.2719
v -0.0700 0.9217 0.2507
v 1.2683 0.9219 0.3198
v -1.2241 0.9547 0.2579
v -1.2378 0.9639 0.2750
v -0.1555 1.1206 0.2888
v -0.0941 1.1354 0.2741
v -0.0761 1.1364 0.2797
v 0.0781 1.1322 0.2710
v 0.0865 1.1325 0.2992
v 0.0911 1.1462 0.2661
v 0.1131 1.1434 0.2821
v 0.1296 1.2001 0.2993
v -0.0809 1.2281 0.2754
v -0.1290 1.2430 0.2582
v 0.1633 1.2502 0.2962
v -0.1588 1.2572 0.2797
v -0.1490 1.2549 0.2665
v 0.1578 1.2720 0.2579
v 0.1670 1.2779 0.2780
v -0.1808 1.3107 0.2756
v 0.0561 1.3200 0.2620
v 0.1084 1.3115 0.2893
v -0.1342 1.3709 0.2868
v 0.0256 1.3228 0.2728
v 0.1566 1.3265 0.2526
v -0.1844 1.3380 0.2619
v -0.1142 1.3539 0.2981
v -0.0613 1.3570 0.2791
v 0.0667 1.3541 0.2773
v 0.1883 1.3451 0.2776
v 0.2000 1.3948 0.2809
v 0.2091 1.3651 0.3012
v -0.1996 1.3722 0.2754
v -0.1706 1.3985 0.2768
v -0.1416 1.4096 0.2818
v 0.0579 1.4214 0.2889
v -0.2175 1.4046 0.2986
v -0.0943 1.4117 0.2785
v 0.0504 1.4500 0.2737
v -0.1226 1.4371 0.2979
v 0.0034 1.4677 0.2834
v -0.1009 1.4676 0.2776
v 0.0934 1.4574 0.2914
v 0.1465 1.4511 0.2815
v 0.1833 1.4392 0.2888
v 0.2096 1.4447 0.2846
v 0.1015 1.4710 0.2714
v -0.1970 1.4728 0.2778
v -0.0387 1.4747 0.2797
v 0.1918 1.4886 0.2826
v 0.2058 1.4816 0.2785
v 0.0471 1.4756 0.2811
v -0.1800 1.5288 0.2707
v -0.2302 1.5660 0.2595
v -0.1856 1.5630 0.2618
v -0.1277 1.5780 0.2996
v 0.1911 1.5614 0.2604
v 0.1699 1.5620 0.2638
v -0.1441 1.5995 0.2792
v 0.0051 1.6002 0.2609
v 0.1372 1.5838 0.3004
v 0.2233 1.5907 0.2703
v -0.1957 1.6270 0.2757
v -0.0032 1.6062 0.2713
v 0.1401 1.6150 0.2726
v 0.1895 1.6094 0.2633
v 0.2152 1.6005 0.2684
v -0.0091 1.6315 0.2848
v 0.1884 1.6440 0.2845
v -0.1865 1.6533 0.2829
v -0.0782 1.6566 0.2867
v -0.0290 1.6667 0.2833
v 0.0156 1.6577 0.2798
v 0.1868 1.6528 0.2880
v -0.1922 1.6676 0.2844
v -0.1884 1.6680 0.2900
v 0.1855 1.6582 0.2886
v -0.1900 1.6866 0.2902
v -0.0615 1.6866 0.2741
v 0.0692 1.6802 0.2742
v 0.2045 1.6849 0.2909
v -0.0140 1.7183 0.2861
v 0.0026 1.7065 0.2794
v 0.0907 1.7108 0.2690
v -0.1203 1.7533 0.2626
v 0.1202 1.7534 0.2626
v -0.1482 -1.7205 0.2995
v 0.1565 -1.7119 0.2989
v 0.0094 0.3348 0.2845
v 0.0286 0.3847 0.2882
v -0.0269 0.4370 0.2879
v -0.0136 0.5572 0.2899
v 0.1218 0.6973 0.3058
v -0.1528 0.7516 0.3086
v -0.1805 0.8028 0.2999
v 0.1853 0.7961 0.2881
v 0.0546 0.8859 0.2813
v -1.2670 0.9378 0.2996
v 1.2672 0.9380 0.2958
v -1.2440 0.9492 0.3003
v 1.2550 0.9581 0.2787
v -0.1355 1.1280 0.2860
v -0.1109 1.1299 0.2943
v 0.1337 1.1302 0.2862
v 0.0880 1.1411 0.2969
v -0.1001 1.1474 0.2937
v 0.0790 1.1527 0.2631
v 0.1175 1.1824 0.2997
v -0.0842 1.1476 0.2773
v -0.1309 1.1992 0.3052
v -0.1099 1.1705 0.2904
v 0.1320 1.1985 0.3045
v 0.1318 1.2033 0.3043
v -0.1685 1.2700 0.2920
v 0.1637 1.2501 0.2995
v -0.1614 1.2632 0.2870
v -0.0034 1.2709 0.3126
v 0.1693 1.2587 0.2986
v -0.1805 1.2991 0.2954
v -0.1186 1.3002 0.2775
v -0.0006 1.2894 0.2885
v 0.0803 1.2474 0.2896
v -0.2237 1.3029 0.2987
v 0.1790 1.2881 0.2901
v 0.2237 1.3029 0.2987
v -0.2237 1.3079 0.2987
v -0.1982 1.3446 0.2965
v -0.1736 1.3012 0.2904
v 0.1798 1.3227 0.2935
v 0.2237 1.3079 0.2987
v 0.0431 1.3663 0.2829
v 0.1793 1.3152 0.2742
v 0.1906 1.3217 0.2941
v -0.0701 1.3351 0.2776
v -0.0307 1.3516 0.2818
v -0.0826 1.3691 0.2986
v 0.0749 1.3691 0.2990
v 0.0811 1.3407 0.2833
v 0.1671 1.3534 0.2864
v 0.0040 1.3514 0.2820
v 0.1293 1.3616 0.2942
v 0.1405 1.4048 0.2821
v -0.1948 1.4072 0.2785
v -0.1485 1.4081 0.3029
v 0.1211 1.4072 0.2888
v 0.1635 1.4069 0.2977
v -0.1686 1.4191 0.3061
v -0.1104 1.4136 0.2971
v -0.0781 1.4209 0.2888
v 0.0381 1.4134 0.2801
v -0.0562 1.4450 0.2816
v 0.0151 1.4185 0.2910
v 0.0716 1.4275 0.3028
v -0.2103 1.4445 0.2827
v -0.1873 1.4557 0.2861
v -0.0660 1.4627 0.2941
v 0.1855 1.5073 0.3070
v -0.1892 1.4998 0.2975
v -0.1822 1.5101 0.3040
v 0.0553 1.4599 0.2928
v 0.1159 1.4498 0.2898
v -0.2100 1.4863 0.2939
v 0.2231 1.4661 0.3039
v -0.1349 1.5228 0.2863
v -0.1790 1.5435 0.3189
v 0.1810 1.5418 0.3160
v -0.1669 1.5610 0.2675
v 0.2385 1.5711 0.2699
v -0.1469 1.5947 0.2969
v 0.1014 1.6044 0.3075
v -0.2205 1.5963 0.2700
v -0.1181 1.6080 0.2884
v -0.1862 1.6421 0.3115
v -0.0722 1.6190 0.3067
v 0.0107 1.6281 0.2869
v 0.0723 1.6598 0.2929
v -0.1940 1.6724 0.2919
v -0.0244 1.6470 0.2989
v 0.0321 1.6545 0.2910
v 0.1111 1.6371 0.2771
v 0.1749 1.6460 0.2847
v 0.0119 1.6525 0.2917
v 0.1946 1.6555 0.2927
v -0.0793 1.6894 0.2980
v -0.0157 1.6997 0.2854
v 0.0752 1.6753 0.3008
v -0.1816 1.6932 0.3001
v -0.0050 1.7047 0.2796
v 0.0265 1.6807 0.2766
v 0.1993 1.6777 0.2917
v 0.1973 1.6674 0.2912
v -0.1953 1.6817 0.2905
v -0.1725 1.7054 0.3036
v 0.0725 1.6847 0.2851
v 0.0930 1.6950 0.2997
v -0.0666 1.6977 0.2828
v 0.0450 1.7120 0.2870
v 0.1488 1.7112 0.2971
v -0.0823 1.7116 0.2952
v -0.0826 1.7285 0.2974
v -0.0068 1.7226 0.2886
v 0.0842 1.7266 0.2993
v -0.0129 1.7293 0.2922
v -0.0978 -1.7186 0.2989
v -0.0478 -1.6858 0.2955
v 0.0190 0.6027 0.3014
v -0.0875 0.6374 0.3039
v -0.0276 0.6417 0.3120
v -0.1272 0.6863 0.3038
v 0.0461 0.6663 0.3151
v -0.0359 0.7848 0.3216
v 0.0249 0.7792 0.3202
v 0.1519 0.8220 0.3234
v -0.0375 0.8395 0.3076
v 0.0717 0.8543 0.3133
v -0.0759 0.8749 0.2993
v -1.2716 0.9230 0.3192
v -1.2603 0.9306 0.3162
v 1.2586 0.9339 0.3173
v 1.2743 0.9284 0.3283
v 0.1042 1.1350 0.2985
v -0.1555 1.1206 0.2888
v -0.0874 1.1296 0.2836
v -0.0823 1.1355 0.2906
v -0.0917 1.1392 0.3014
v -0.1333 1.2007 0.3105
v -0.1291 1.2061 0.3051
v -0.0071 1.2119 0.3114
v 0.0363 1.2047 0.2928
v -0.1357 1.2128 0.3101
v 0.1467 1.2187 0.3083
v -0.0391 1.2601 0.3127
v 0.1716 1.2780 0.2897
v 0.0050 1.2744 0.3148
v -0.1167 1.3439 0.3086
v -0.0936 1.3509 0.3034
v 0.1085 1.3454 0.3195
v 0.1619 1.3563 0.3205
v -0.1637 1.3401 0.3147
v -0.1124 1.3571 0.3203
v -0.1576 1.3932 0.3309
v -0.1030 1.3737 0.3067
v -0.0769 1.3668 0.3073
v -0.2235 1.4454 0.3242
v -0.1626 1.3534 0.2848
v 0.1054 1.3754 0.3091
v 0.1859 1.3945 0.3005
v 0.2190 1.4166 0.3130
v -0.1509 1.4120 0.3224
v -0.0546 1.4093 0.3120
v 0.0583 1.3845 0.3182
v 0.1614 1.3994 0.3178
v -0.1299 1.4302 0.3155
v -0.0899 1.4250 0.3102
v -0.0516 1.4302 0.3314
v 0.0492 1.4232 0.3245
v 0.1278 1.4356 0.3116
v -0.0367 1.4426 0.2982
v 0.0796 1.4522 0.3243
v -0.0978 1.4555 0.2970
v 0.0832 1.4677 0.2945
v -0.1339 1.4492 0.2884
v -0.2258 1.4582 0.3023
v 0.2048 1.4976 0.3028
v -0.1977 1.5223 0.3098
v 0.1873 1.5017 0.3108
v -0.1856 1.5469 0.3217
v 0.1264 1.5349 0.2967
v -0.1443 1.5905 0.2976
v 0.1372 1.5838 0.3004
v -0.1112 1.6011 0.3109
v -0.1128 1.6204 0.3211
v -0.0312 1.6260 0.3214
v 0.0353 1.6220 0.3136
v 0.1168 1.6177 0.3201
v 0.1839 1.6490 0.2887
v -0.0795 1.6427 0.3312
v 0.1001 1.6361 0.3254
v -0.0310 1.6585 0.3114
v 0.0433 1.6580 0.3163
v -0.1922 1.6785 0.2966
v -0.0612 1.6574 0.3197
v 0.1937 1.6628 0.2930
v -0.1028 1.7135 0.3088
v 0.0820 1.6834 0.2932
v 0.1625 1.7037 0.3128
v -0.1437 1.7153 0.3127
v 0.1199 1.7250 0.3129
v 0.1626 1.7037 0.3128
v 0.0000 1.7291 0.3058
v -0.0067 1.7185 0.2874
v 0.0480 1.7393 0.3006
v -0.0826 1.7285 0.2974
v -0.1619 -1.7088 0.2944
v 0.0555 -1.7010 0.3289
v 0.0835 -1.7190 0.3415
v 0.1193 -1.7171 0.3222
v -0.0486 -1.7073 0.3135
v 0.1126 -1.7028 0.3307
v 0.1435 -1.7081 0.3171
v -0.0695 0.6771 0.3179
v -0.0117 0.7129 0.3215
v 0.0626 0.7337 0.3256
v -0.0865 0.7383 0.3258
v 0.1093 0.7552 0.3317
v 0.1498 0.7653 0.3183
v -0.1259 0.7897 0.3320
v 0.0454 0.8181 0.3191
v 0.1207 0.8574 0.3245
v 0.1611 0.8752 0.3057
v 1.2563 0.9236 0.3136
v -1.2802 0.9237 0.3353
v -1.2636 0.9426 0.3125
v 0.1415 1.1285 0.2902
v 0.0820 1.1339 0.3044
v 0.1274 1.1341 0.2918
v -0.1177 1.1615 0.3009
v 0.0964 1.1563 0.3122
v -0.1054 1.1638 0.3063
v 0.1173 1.1688 0.3102
v 0.1214 1.1892 0.3121
v -0.1239 1.1945 0.3087
v 0.0289 1.2298 0.3195
v 0.0331 1.2806 0.3204
v -0.0066 1.2789 0.3291
v -0.1290 1.3502 0.3320
v -0.0275 1.3140 0.3409
v 0.1356 1.3591 0.3403
v -0.0244 1.3712 0.3392
v 0.1958 1.3578 0.3146
v -0.1927 1.3934 0.3371
v -0.1305 1.3733 0.3222
v -0.1086 1.3598 0.3206
v -0.0681 1.3385 0.3160
v 0.0695 1.3465 0.3167
v 0.1500 1.3868 0.3116
v -0.1654 1.4020 0.3224
v -0.0678 1.4158 0.3457
v -0.0765 1.4277 0.3362
v 0.0939 1.4219 0.3122
v 0.0674 1.4350 0.3214
v 0.1159 1.4316 0.3301
v 0.1577 1.4215 0.3203
v -0.1090 1.4413 0.3210
v -0.0677 1.4431 0.3150
v 0.1688 1.4633 0.3241
v -0.1424 1.4354 0.3267
v 0.1078 1.4730 0.3170
v -0.2158 1.5041 0.3255
v 0.2019 1.5218 0.3246
v -0.1983 1.5485 0.3296
v 0.1934 1.5514 0.3322
v -0.2248 1.5604 0.3276
v 0.1878 1.5448 0.3225
v -0.1849 1.5558 0.3280
v 0.1864 1.5605 0.3281
v 0.1922 1.5588 0.3340
v -0.1334 1.5989 0.3088
v 0.0065 1.5833 0.3333
v 0.1628 1.5903 0.3279
v -0.1630 1.5903 0.3281
v -0.0020 1.6178 0.3152
v -0.1180 1.6151 0.3190
v 0.1168 1.6177 0.3201
v -0.0497 1.6440 0.3317
v 0.0017 1.6306 0.3146
v 0.1192 1.6211 0.3228
v 0.0111 1.6409 0.3148
v 0.0321 1.6430 0.3333
v 0.0686 1.6563 0.3278
v -0.0750 1.6696 0.3038
v -0.0188 1.6418 0.3203
v 0.0857 1.6658 0.3095
v -0.0889 1.7077 0.3026
v 0.0739 1.7118 0.3141
v 0.1625 1.7037 0.3128
v -0.1215 1.7210 0.3169
v -0.0900 1.7396 0.3180
v 0.0000 1.7403 0.3166
v 0.0900 1.7406 0.3168
v -0.1321 -1.7011 0.3236
v -0.0609 -1.6989 0.3422
v -0.0817 0.7825 0.3348
v 0.1258 0.7851 0.3360
v 0.0875 0.8011 0.3322
v -0.1510 0.8304 0.3238
v -0.1378 0.8671 0.3096
v -0.0893 0.8244 0.3294
v 0.0015 1.2389 0.3274
v 0.0037 1.2823 0.3307
v -0.0013 1.3085 0.3490
v 0.1154 1.3523 0.3385
v 0.1330 1.3666 0.3297
v 0.1156 1.3586 0.3335
v 0.2087 1.3806 0.3185
v -0.1525 1.4057 0.3346
v -0.0110 1.4421 0.3343
v 0.0609 1.4216 0.3424
v 0.1605 1.3828 0.3370
v -0.1362 1.4182 0.3309
v -0.1103 1.4160 0.3374
v 0.1180 1.4170 0.3581
v 0.2271 1.4559 0.3238
v -0.0822 1.4343 0.3369
v 0.0835 1.4399 0.3373
v -0.2041 1.4644 0.3417
v -0.1746 1.4728 0.3266
v 0.2029 1.4512 0.3370
v 0.2180 1.4855 0.3247
v 0.0380 1.4984 0.3410
v 0.1979 1.5015 0.3306
v -0.2009 1.5103 0.3395
v -0.0832 1.4847 0.3224
v 0.1879 1.5304 0.3225
v 0.0018 1.5452 0.3453
v -0.2027 1.5404 0.3385
v -0.1857 1.5331 0.3263
v -0.0628 1.5687 0.3247
v -0.1723 1.5903 0.3374
v 0.0629 1.5541 0.3294
v -0.2087 1.6029 0.3438
v -0.2087 1.6080 0.3438
v 0.0258 1.6327 0.3286
v 0.0579 1.6458 0.3411
v -0.0894 1.6355 0.3309
v -0.0029 1.6651 0.3448
v 0.0704 1.6593 0.3497
v 0.0029 1.6651 0.3448
v 0.1938 1.6778 0.3439
v 0.1938 1.6806 0.3439
v 0.1199 1.7241 0.3330
v 0.0920 -1.7125 0.3477
v -0.0949 -1.7062 0.3444
v -1.2806 0.9165 0.3438
v 1.2755 0.9187 0.3403
v -0.1575 1.3585 0.3431
v 0.0289 1.3274 0.3368
v -0.1579 1.3759 0.3454
v -0.1342 1.3597 0.3408
v 0.1576 1.3722 0.3460
v -0.0937 1.4138 0.3601
v 0.0773 1.4166 0.3500
v 0.1550 1.4115 0.3508
v 0.1875 1.3928 0.3375
v -0.1258 1.4148 0.3521
v -0.1043 1.4265 0.3367
v 0.0923 1.4186 0.3391
v -0.1732 1.4366 0.3518
v -0.0714 1.4202 0.3540
v 0.1197 1.4504 0.3369
v 0.1069 1.4429 0.3553
v 0.1474 1.4321 0.3560
v -0.0268 1.5096 0.3436
v 0.1980 1.5365 0.3345
v -0.1913 1.5558 0.3339
v 0.1907 1.5654 0.3350
v -0.1814 1.5904 0.3465
v 0.1798 1.5915 0.3444
v -0.0443 1.6422 0.3405
v 0.0378 1.6380 0.3395
v -0.0602 1.6446 0.3365
v -0.0224 1.6406 0.3289
v 0.0956 1.6652 0.3662
v -0.0943 1.6646 0.3633
v 0.0719 1.6594 0.3556
v -0.1638 1.6791 0.3573
v -0.1066 1.6625 0.3667
v -0.0787 1.6672 0.3590
v -0.0301 1.6776 0.3598
v 0.0301 1.6776 0.3598
v 0.0956 1.6653 0.3662
v 0.1638 1.6791 0.3573
v -0.0664 -1.7111 0.3488
v 0.0678 -1.7120 0.3472
v 0.0768 -1.7019 0.3452
v -1.2790 0.9227 0.3423
v 1.2803 0.9214 0.3465
v 0.0092 1.3351 0.3548
v -0.0072 1.3398 0.3549
v 0.0154 1.3753 0.3425
v -0.0756 1.4087 0.3558
v 0.1472 1.4178 0.3652
v -0.1585 1.4054 0.3524
v -0.1220 1.4332 0.3517
v 0.0856 1.4267 0.3544
v -0.0299 1.6201 0.3763
v 0.0299 1.6201 0.3763
v -0.1066 1.6625 0.3667
v 0.1015 1.6662 0.3696
v -0.1065 1.6626 0.3667
v -0.0787 1.6672 0.3590
v -0.1638 1.6791 0.3625
v -0.0301 1.6827 0.3598
v 0.0301 1.6827 0.3598
v 0.1638 1.6791 0.3625
v -1.2766 0.9331 0.3885
v 0.0908 1.6653 0.3651
v 1.2592 0.9258 0.4006
v -1.2757 0.9122 0.3901
v -1.2467 0.9277 0.4038
v 1.3187 0.9328 0.3885
v 1.3295 0.9145 0.3993
v -1.2920 0.9465 0.3897
v -1.2467 0.9327 0.4038
v 1.2592 0.9258 0.4006
v 1.2592 0.9258 0.4006
v 1.2879 0.9589 0.4038
v 1.2929 0.9589 0.4038
vn 0.000 0.000 0.000
vn 0.887 0.208 -0.411
vn -0.082 -0.672 -0.736
vn 0.000 0.000 0.000
vn 0.625 0.718 -0.306
vn -0.096 -0.152 -0.984
vn -0.014 0.194 -0.981
vn 0.000 0.000 0.000
vn -0.997 -0.027 0.072
vn -0.880 -0.242 0.409
vn 0.232 0.970 -0.071
vn 0.597 0.712 -0.370
vn 0.690 0.043 -0.722
vn 0.718 0.356 -0.599
vn -0.124 0.605 -0.786
vn -0.597 -0.712 0.370
vn 0.908 -0.149 0.392
vn -0.839 -0.033 -0.544
vn -0.785 0.297 -0.543
vn -0.517 -0.676 -0.525
vn 0.862 -0.357 -0.360
vn -0.083 -0.358 -0.930
vn -0.653 -0.271 -0.707
vn 0.371 -0.307 -0.877
vn 0.902 -0.153 -0.403
vn -0.987 -0.157 -0.019
vn -0.766 0.556 -0.323
vn 0.312 0.731 -0.607
vn -0.753 -0.381 0.537
vn 0.886 -0.440 -0.148
vn -0.167 -0.223 -0.960
vn -0.984 0.122 -0.133
vn 0.997 0.062 -0.035
vn -0.965 -0.263 0.016
vn 0.895 0.372 -0.247
vn -0.457 -0.248 0.854
vn 0.697 -0.384 0.606
vn -0.677 -0.223 0.701
vn 0.932 -0.139 0.334
vn -0.810 -0.235 0.537
vn 0.724 -0.231 0.650
vn -0.527 -0.181 0.830
vn -0.210 -0.326 0.922
vn 0.534 -0.199 0.822
vn 0.959 -0.088 0.271
vn -0.326 0.869 -0.372
vn -0.042 -0.088 0.995
vn -0.884 -0.260 0.387
vn 0.253 -0.540 0.803
vn -0.351 -0.584 0.732
vn 0.593 0.769 -0.236
vn 0.022 -0.934 0.356
vn -0.690 -0.677 0.257
vn 0.875 -0.447 0.187
vn -0.916 0.388 -0.106
vn -0.280 0.940 -0.197
vn 0.875 0.469 -0.122
vn -0.301 -0.895 -0.330
vn 0.931 0.019 -0.364
vn 0.484 -0.768 -0.419
vn -0.921 -0.050 -0.386
vn 0.510 -0.222 -0.831
vn 0.000 0.000 0.000
vn 0.000 0.000 0.000
vn 0.000 0.000 0.000
vn -0.292 -0.388 -0.874
vn 0.555 -0.806 -0.205
vn 0.357 -0.897 -0.258
vn 0.000 0.000 0.000
vn -0.155 0.972 0.176
vn 0.374 -0.733 -0.568
vn -0.139 -0.280 -0.950
vn -0.526 -0.174 -0.832
vn 0.858 -0.383 -0.342
vn -0.535 0.013 -0.845
vn -0.251 0.294 0.922
vn 0.948 -0.078 -0.309
vn 0.021 -0.480 -0.877
vn 0.699 0.271 -0.662
vn 0.000 0.000 0.000
vn -0.451 0.757 -0.472
vn 0.437 0.794 -0.423
vn 0.274 -0.256 -0.927
vn -0.133 -0.149 -0.980
vn 0.000 0.000 0.000
vn 0.000 0.000 0.000
vn -0.121 -0.058 -0.991
vn 0.132 0.013 -0.991
vn 0.297 0.028 -0.954
vn 0.138 0.110 -0.984
vn 0.146 0.191 -0.971
vn -0.605 0.788 -0.118
vn 0.108 -0.654 0.749
vn -0.255 0.921 0.294
vn -0.195 0.950 0.243
vn 0.199 0.798 -0.569
vn -0.487 -0.857 -0.167
vn 0.364 -0.909 -0.201
vn -0.447 0.827 -0.342
vn -0.737 -0.492 -0.463
vn -0.098 0.585 -0.805
vn -0.801 0.569 0.189
vn 0.939 0.155 -0.306
vn 0.390 -0.024 -0.920
vn -0.778 0.515 -0.360
vn -0.154 -0.478 -0.865
vn -0.350 0.473 -0.809
vn -0.305 0.786 -0.537
vn 0.006 0.961 -0.278
vn 0.139 0.814 -0.564
vn -0.580 -0.122 -0.806
vn 0.189 -0.420 -0.888
vn 0.579 -0.123 -0.806
vn -0.408 -0.288 -0.866
vn 0.410 -0.778 -0.475
vn -0.347 -0.583 -0.735
vn -0.570 0.249 -0.783
vn -0.593 0.203 -0.779
vn 0.319 0.516 -0.795
vn 0.562 0.182 -0.807
vn -0.333 -0.160 -0.929
vn 0.091 -0.163 -0.982
vn 0.347 -0.139 -0.928
vn -0.235 -0.141 -0.962
vn 0.723 -0.017 -0.691
vn -0.727 -0.083 -0.682
vn -0.105 -0.151 -0.983
vn 0.290 0.009 -0.957
vn 0.205 -0.064 -0.977
vn -0.525 0.047 -0.850
vn -0.122 -0.001 -0.993
vn -0.360 -0.054 -0.932
vn 0.472 -0.038 -0.881
vn -0.239 0.099 -0.966
vn 0.648 0.094 -0.756
vn -0.030 0.032 -0.999
vn -0.183 0.433 -0.883
vn 0.239 0.421 -0.875
vn 0.623 -0.778 -0.078
vn -0.366 -0.910 -0.195
vn 0.142 -0.597 0.790
vn 0.230 -0.967 0.112
vn 0.027 0.003 -1.000
vn -0.512 0.855 0.084
vn 0.743 -0.655 -0.134
vn -0.294 0.956 0.011
vn -0.116 -0.991 -0.063
vn 0.198 -0.972 -0.123
vn -0.439 0.889 0.131
vn -0.774 -0.633 0.020
vn -0.499 -0.415 -0.761
vn 0.022 -0.616 -0.787
vn 0.893 0.449 0.025
vn 0.830 0.016 -0.557
vn 0.086 0.943 -0.323
vn -0.766 -0.191 -0.613
vn 0.000 0.000 0.000
vn -0.265 0.454 -0.851
vn 0.522 0.480 -0.705
vn -0.310 0.503 -0.807
vn -0.185 -0.162 -0.969
vn -0.408 -0.284 -0.868
vn 0.561 -0.237 -0.793
vn 0.409 -0.181 -0.895
vn -0.597 -0.099 -0.796
vn 0.330 -0.112 -0.937
vn -0.482 -0.130 -0.866
vn 0.615 -0.092 -0.783
vn -0.486 -0.053 -0.873
vn -0.724 0.105 -0.681
vn 0.347 0.084 -0.934
vn 0.725 0.021 -0.688
vn -0.470 0.055 -0.881
vn -0.780 0.139 -0.610
vn 0.718 0.111 -0.687
vn 0.943 0.078 -0.325
vn 0.348 0.341 -0.873
vn -0.073 0.477 -0.876
vn -0.308 0.426 -0.851
vn 0.225 0.420 -0.879
vn -0.502 0.313 -0.807
vn 0.000 0.000 0.000
vn 0.000 0.000 0.000
vn -0.763 0.386 0.518
vn -0.424 -0.903 0.072
vn 0.336 -0.882 0.331
vn -0.402 0.903 0.154
vn 0.673 -0.284 0.683
vn -0.250 0.940 0.233
vn 0.294 -0.644 -0.706
vn 0.532 -0.718 0.448
vn -0.786 0.613 0.074
vn 0.000 0.000 0.000
vn -0.533 0.429 -0.729
vn 0.085 0.458 -0.885
vn -0.551 -0.241 -0.799
vn -0.042 -0.451 -0.891
vn -0.040 -0.285 -0.958
vn -0.066 -0.287 -0.956
vn 0.448 -0.292 -0.845
vn -0.118 -0.216 -0.969
vn -0.759 -0.110 -0.641
vn -0.367 -0.144 -0.919
vn 0.130 -0.225 -0.966
vn -0.653 -0.183 -0.735
vn 0.672 -0.099 -0.734
vn -0.809 -0.098 -0.579
vn -0.939 -0.034 -0.343
vn 0.657 0.006 -0.754
vn -0.786 0.023 -0.618
vn 0.481 0.290 -0.827
vn -0.513 0.301 -0.804
vn -0.742 0.278 -0.610
vn -0.575 0.286 -0.766
vn 0.016 0.490 -0.871
vn 0.087 0.436 -0.896
vn 0.125 0.144 -0.982
vn -0.154 0.132 -0.979
vn -0.162 -0.049 -0.986
vn 0.208 0.089 -0.974
vn -0.107 0.374 -0.921
vn 0.000 0.000 0.000
vn -0.923 -0.384 -0.027
vn 0.638 -0.756 0.146
vn 0.000 0.000 0.000
vn 0.000 0.000 0.000
vn 0.000 0.000 0.000
vn 0.362 0.920 0.149
vn -0.447 -0.733 0.512
vn -0.736 -0.633 0.240
vn 0.547 -0.376 -0.748
vn -0.947 0.322 0.005
vn -0.661 -0.536 -0.525
vn -0.845 0.527 0.092
vn 0.325 0.946 0.006
vn 0.692 0.718 0.073
vn 0.772 -0.248 -0.585
vn 0.758 0.012 -0.652
vn -0.734 0.102 -0.671
vn 0.575 0.278 -0.770
vn -0.174 0.709 -0.684
vn -0.690 -0.128 -0.713
vn -0.003 -0.774 -0.633
vn -0.225 0.169 -0.960
vn 0.662 0.060 -0.747
vn 0.163 0.342 -0.925
vn 0.000 0.000 0.000
vn 0.000 0.000 0.000
vn 0.117 -0.361 -0.925
vn 0.774 -0.146 -0.617
vn 0.330 -0.348 -0.877
vn 0.668 -0.258 -0.698
vn 0.796 -0.319 -0.514
vn -0.541 -0.165 -0.825
vn 0.412 -0.277 -0.868
vn -0.688 -0.223 -0.691
vn 0.702 -0.209 -0.680
vn 0.759 -0.192 -0.622
vn -0.757 -0.124 -0.641
vn 0.829 -0.113 -0.547
vn 0.811 -0.104 -0.576
vn -0.894 -0.071 -0.443
vn 0.000 0.000 0.000
vn 0.000 0.000 0.000
vn 0.837 -0.004 -0.547
vn 0.808 -0.038 -0.588
vn -0.744 -0.020 -0.667
vn 0.852 0.141 -0.504
vn -0.708 0.302 -0.639
vn 0.748 0.213 -0.629
vn 0.637 0.345 -0.690
vn -0.330 0.475 -0.816
vn -0.504 -0.085 -0.859
vn 0.093 -0.468 -0.879
vn 0.011 -0.408 -0.913
vn 0.295 -0.616 -0.731
vn -0.338 -0.304 -0.891
vn -0.217 -0.542 -0.812
vn 0.219 -0.228 -0.949
vn 0.321 -0.221 -0.921
vn 0.082 -0.233 -0.969
vn -0.370 -0.292 -0.882
vn 0.423 -0.252 -0.870
vn -0.270 -0.217 -0.938
vn -0.218 0.124 -0.968
vn 0.206 0.337 -0.919
vn 0.029 0.408 -0.912
vn 0.043 -0.263 -0.964
vn 0.013 -0.252 -0.968
vn 0.128 -0.115 -0.985
vn -0.082 -0.113 -0.990
vn -0.020 0.010 -1.000
vn -0.157 -0.101 -0.982
vn 0.023 0.014 -1.000
vn 0.115 -0.002 -0.993
vn 0.010 0.185 -0.983
vn 0.109 0.048 -0.993
vn -0.116 0.524 -0.844
vn 0.019 0.064 -0.998
vn 0.061 0.247 -0.967
vn 0.052 0.274 -0.960
vn -0.096 0.090 -0.991
vn -0.114 0.546 -0.830
vn -0.003 0.186 -0.982
vn -0.263 -0.955 0.136
vn 0.451 -0.888 0.090
vn -0.661 -0.522 -0.538
vn 0.701 -0.683 0.203
vn 0.607 0.678 0.414
vn -0.374 -0.635 -0.676
vn -0.719 0.661 0.215
vn -0.474 -0.475 0.741
vn 0.870 0.480 0.117
vn 0.233 0.843 0.486
vn -0.761 0.528 0.376
vn -0.484 0.865 0.136
vn 0.740 0.264 -0.619
vn 0.360 0.754 -0.549
vn 0.265 0.609 -0.748
vn -0.084 -0.983 -0.163
vn 0.708 -0.546 -0.447
vn -0.290 -0.525 -0.800
vn 0.708 -0.373 -0.600
vn -0.770 -0.355 -0.531
vn 0.752 0.245 -0.612
vn -0.696 0.359 -0.622
vn -0.073 -0.289 -0.954
vn 0.000 0.000 0.000
vn 0.034 -0.256 -0.966
vn -0.096 -0.158 -0.983
vn 0.000 0.000 0.000
vn 0.706 -0.341 -0.620
vn -0.829 -0.176 -0.530
vn -0.643 -0.157 -0.750
vn 0.719 -0.291 -0.631
vn -0.885 -0.194 -0.424
vn 0.851 -0.168 -0.498
vn 0.971 -0.062 -0.232
vn -0.945 -0.064 -0.322
vn -0.919 -0.009 -0.395
vn -0.912 0.045 -0.408
vn 0.925 -0.026 -0.378
vn -0.905 0.130 -0.406
vn 0.470 0.428 -0.772
vn -0.722 0.330 -0.608
vn -0.171 0.439 -0.882
vn -0.529 0.465 -0.710
vn 0.761 0.352 -0.544
vn 0.564 0.430 -0.705
vn 0.213 0.498 -0.841
vn 0.323 -0.149 -0.935
vn -0.065 -0.081 -0.995
vn 0.273 -0.016 -0.962
vn 0.281 -0.028 -0.959
vn -0.094 0.026 -0.995
vn 0.164 0.044 -0.986
vn -0.252 0.027 -0.967
vn 0.015 0.052 -0.999
vn 0.231 0.014 -0.973
vn 0.000 0.000 0.000
vn 0.000 0.000 0.000
vn -0.135 -0.446 -0.885
vn 0.087 -0.553 -0.828
vn 0.119 -0.592 -0.797
vn 0.004 -0.452 -0.892
vn -0.458 -0.021 -0.889
vn 0.471 0.108 -0.875
vn -0.340 0.363 -0.867
vn -0.075 0.395 -0.916
vn 0.617 0.268 -0.740
vn 0.212 0.183 -0.960
vn -0.437 0.525 -0.730
vn 0.183 0.386 -0.904
vn -0.242 -0.314 -0.918
vn 0.284 -0.297 -0.912
vn 0.180 -0.145 -0.973
vn 0.113 -0.182 -0.977
vn -0.166 -0.184 -0.969
vn -0.207 -0.343 -0.916
vn -0.085 0.054 -0.995
vn 0.167 -0.039 -0.985
vn 0.132 0.122 -0.984
vn 0.013 0.017 -1.000
vn 0.148 0.681 -0.717
vn 0.207 0.562 -0.801
vn -0.247 0.836 -0.490
vn -0.360 -0.436 -0.825
vn -0.253 -0.623 -0.740
vn 0.105 -0.551 -0.828
vn 0.468 -0.440 -0.766
vn 0.478 -0.624 -0.618
vn -0.015 0.978 0.207
vn 0.630 -0.573 -0.524
vn -0.017 0.568 0.823
vn 0.933 -0.283 0.221
vn 0.877 -0.106 -0.469
vn -0.009 0.882 -0.472
vn 0.958 -0.008 -0.286
vn -0.335 0.363 -0.869
vn 0.678 0.228 -0.699
vn 0.023 0.402 -0.915
vn 0.208 -0.200 -0.957
vn 0.035 -0.260 -0.965
vn -0.782 -0.212 -0.586
vn -0.036 -0.363 -0.931
vn -0.374 -0.332 -0.866
vn 0.788 -0.201 -0.582
vn -0.702 -0.374 -0.606
vn 0.936 -0.168 -0.309
vn -0.963 -0.269 -0.020
vn -0.921 -0.071 -0.383
vn -0.863 -0.147 -0.483
vn 0.911 -0.104 -0.400
vn 0.947 -0.029 -0.319
vn -0.985 -0.085 -0.150
vn 0.924 -0.027 -0.381
vn -0.929 0.116 -0.351
vn 0.930 0.071 -0.359
vn 0.000 0.000 0.000
vn -0.923 0.213 -0.322
vn 0.951 0.188 -0.247
vn -0.915 0.062 -0.398
vn 0.964 0.125 -0.233
vn 0.841 0.302 -0.449
vn -0.113 -0.607 0.787
vn 0.655 0.629 0.418
vn -0.696 0.442 -0.566
vn -0.519 0.405 -0.752
vn -0.332 0.455 -0.827
vn -0.042 0.514 -0.857
vn 0.100 0.432 -0.897
vn 0.634 0.305 -0.710
vn 0.419 0.457 -0.784
vn 0.333 -0.088 -0.939
vn 0.057 -0.074 -0.996
vn 0.004 -0.140 -0.990
vn 0.084 0.000 -0.996
vn 0.064 -0.108 -0.992
vn -0.222 -0.040 -0.974
vn -0.219 -0.105 -0.970
vn 0.103 -0.110 -0.989
vn 0.000 0.000 0.000
vn -0.089 -0.175 -0.981
vn 0.321 -0.040 -0.946
vn -0.074 -0.086 -0.994
vn -0.066 0.004 -0.998
vn 0.237 0.060 -0.970
vn -0.230 -0.065 -0.971
vn -0.003 -0.022 -1.000
vn -0.287 -0.018 -0.958
vn -0.275 -0.063 -0.959
vn -0.022 -0.003 -1.000
vn -0.334 0.077 -0.939
vn 0.001 0.030 -1.000
vn -0.189 0.083 -0.978
vn -0.053 0.083 -0.995
vn -0.315 0.133 -0.940
vn 0.023 0.123 -0.992
vn -0.060 0.124 -0.991
vn 0.045 0.090 -0.995
vn -0.009 0.085 -0.996
vn 0.234 0.055 -0.971
vn 0.102 0.064 -0.993
vn -0.086 0.080 -0.993
vn -0.137 -0.753 -0.643
vn -0.696 -0.133 -0.706
vn -0.366 -0.700 -0.612
vn -0.700 -0.078 -0.710
vn 0.697 0.020 -0.717
vn -0.020 0.027 -0.999
vn -0.161 0.382 -0.910
vn -0.130 0.565 -0.814
vn 0.096 0.536 -0.839
vn -0.073 0.635 -0.769
vn 0.185 0.645 -0.742
vn 0.026 -0.418 -0.908
vn 0.158 -0.365 -0.917
vn 0.553 -0.378 -0.743
vn 0.124 -0.234 -0.964
vn -0.128 -0.184 -0.975
vn -0.477 -0.332 -0.814
vn -0.016 -0.104 -0.994
vn -0.043 -0.476 -0.878
vn 0.065 -0.403 -0.913
vn 0.035 -0.868 -0.496
vn 0.163 -0.488 -0.857
vn -0.146 0.028 -0.989
vn 0.225 -0.241 -0.944
vn -0.169 0.234 -0.957
vn -0.285 0.541 -0.791
vn 0.331 0.366 -0.870
vn -0.242 0.205 -0.948
vn 0.142 0.293 -0.946
vn -0.217 0.846 -0.487
vn 0.258 0.585 -0.769
vn 0.297 0.774 -0.559
vn -0.057 0.281 -0.958
vn -0.271 0.322 -0.907
vn 0.134 0.263 -0.955
vn 0.017 -0.934 -0.356
vn -0.576 -0.562 -0.594
vn 0.497 0.719 -0.486
vn -0.376 0.709 -0.596
vn 0.621 -0.627 -0.471
vn 0.346 0.648 -0.679
vn -0.623 -0.610 -0.490
vn -0.646 0.735 0.206
vn -0.896 0.035 0.442
vn -0.994 -0.006 0.113
vn 0.000 0.000 0.000
vn 0.000 0.000 0.000
vn 0.896 0.004 -0.444
vn 0.886 0.256 -0.386
vn -0.726 0.247 -0.642
vn 0.723 0.493 -0.484
vn -0.509 0.657 -0.556
vn -0.345 0.757 -0.555
vn -0.054 -0.971 -0.231
vn -0.726 -0.640 -0.252
vn -0.826 0.152 -0.542
vn -0.556 0.042 -0.830
vn 0.336 -0.124 -0.934
vn -0.464 -0.096 -0.881
vn 0.838 -0.225 -0.498
vn 0.764 -0.285 -0.579
vn 0.740 -0.235 -0.631
vn -0.849 -0.286 -0.445
vn -0.870 -0.267 -0.414
vn -0.981 -0.130 -0.144
vn -0.984 -0.140 -0.109
vn 0.901 -0.343 -0.265
vn -0.998 -0.052 -0.020
vn 0.978 -0.132 -0.162
vn -0.986 -0.122 -0.113
vn 0.996 -0.025 -0.084
vn -0.986 -0.032 -0.166
vn 0.973 0.063 -0.223
vn 0.978 0.006 -0.207
vn 0.990 0.032 -0.139
vn 0.874 0.325 -0.361
vn 0.053 0.305 -0.951
vn 0.640 0.265 -0.722
vn 0.155 -0.126 -0.980
vn -0.135 -0.172 -0.976
vn -0.016 -0.145 -0.989
vn 0.380 -0.228 -0.896
vn 0.656 -0.234 -0.717
vn -0.402 -0.055 -0.914
vn -0.129 -0.117 -0.985
vn -0.504 -0.132 -0.854
vn -0.532 -0.028 -0.846
vn 0.439 -0.144 -0.887
vn 0.675 -0.182 -0.714
vn 0.317 -0.040 -0.948
vn 0.393 0.009 0.919
vn -0.676 -0.153 -0.721
vn -0.495 -0.104 -0.863
vn -0.424 -0.105 -0.900
vn -0.285 -0.013 -0.958
vn 0.375 -0.068 -0.924
vn 0.437 0.020 -0.899
vn -0.439 -0.067 -0.896
vn 0.621 0.047 -0.782
vn -0.584 -0.045 -0.811
vn 0.661 -0.037 -0.749
vn 0.296 -0.045 -0.954
vn -0.326 0.027 -0.945
vn 0.316 0.095 -0.944
vn 0.526 0.076 -0.847
vn -0.526 0.094 -0.845
vn 0.332 0.064 -0.941
vn -0.374 0.071 -0.925
vn -0.251 0.088 -0.964
vn -0.237 0.060 -0.970
vn -0.213 0.074 -0.974
vn 0.194 0.124 -0.973
vn 0.430 -0.539 -0.724
vn 0.400 -0.753 -0.523
vn 0.330 -0.195 -0.924
vn 0.060 -0.449 -0.892
vn -0.349 -0.729 -0.589
vn -0.672 0.287 -0.683
vn 0.405 0.454 -0.793
vn 0.011 -0.367 -0.930
vn -0.053 -0.373 -0.926
vn 0.585 -0.522 -0.621
vn -0.086 -0.593 -0.801
vn -0.030 0.186 -0.982
vn -0.057 -0.708 -0.704
vn -0.141 0.065 -0.988
vn -0.246 -0.854 -0.459
vn 0.388 -0.902 -0.191
vn -0.003 -0.328 -0.945
vn -0.035 -0.102 -0.994
vn -0.014 -0.059 -0.998
vn 0.119 -0.823 -0.555
vn 0.006 -0.174 -0.985
vn -0.095 -0.291 -0.952
vn 0.054 0.349 -0.935
vn 0.021 0.020 -1.000
vn 0.060 0.056 -0.997
vn -0.069 0.214 -0.974
vn -0.372 0.000 -0.928
vn -0.059 0.702 -0.710
vn 0.077 0.637 -0.767
vn 0.194 -0.029 -0.981
vn 0.182 0.194 -0.964
vn 0.376 0.775 -0.509
vn -0.373 0.833 -0.408
vn 0.337 0.805 -0.488
vn -0.196 0.838 -0.510
vn -0.381 0.845 -0.376
vn 0.146 0.989 -0.002
vn 0.180 0.894 -0.410
vn -0.621 0.583 -0.524
vn -0.175 0.444 -0.879
vn 0.467 0.543 -0.698
vn 0.270 -0.090 -0.959
vn -0.331 0.037 -0.943
vn 0.828 -0.264 -0.494
vn 0.462 -0.869 0.178
vn -0.301 -0.847 0.439
vn -0.107 -0.809 -0.578
vn 0.711 -0.575 0.404
vn -0.552 -0.718 -0.424
vn 0.694 -0.548 -0.467
vn 0.411 -0.732 -0.544
vn -0.760 0.605 -0.238
vn 0.261 0.762 -0.592
vn 0.719 -0.640 -0.270
vn -0.499 0.151 -0.854
vn -0.817 -0.205 -0.539
vn 0.664 0.729 0.164
vn -0.879 0.049 -0.474
vn -0.728 0.478 -0.492
vn 0.913 -0.405 -0.054
vn 0.971 -0.052 -0.235
vn 0.768 0.202 -0.607
vn -0.616 0.273 -0.739
vn 0.660 0.119 -0.741
vn -0.136 0.128 -0.982
vn -0.057 -0.025 -0.998
vn 0.773 -0.166 -0.613
vn -0.978 -0.208 -0.006
vn -0.632 -0.372 -0.680
vn -0.958 -0.278 -0.063
vn 0.954 -0.261 -0.147
vn -0.954 -0.277 0.116
vn 0.967 -0.205 -0.154
vn -0.982 -0.135 0.129
vn -0.998 -0.023 -0.058
vn 0.998 -0.047 0.045
vn 0.992 -0.072 0.103
vn 0.996 -0.012 -0.083
vn -0.986 0.055 -0.160
vn -0.999 -0.043 0.007
vn -0.970 0.050 -0.239
vn -0.991 0.121 -0.059
vn 0.996 0.075 -0.045
vn 0.987 0.159 -0.025
vn -0.919 0.294 -0.263
vn -0.970 0.108 -0.218
vn -0.881 0.270 -0.390
vn 0.955 0.125 -0.269
vn -0.225 0.055 -0.973
vn -0.007 0.194 -0.981
vn -0.236 0.006 -0.972
vn 0.395 -0.028 -0.918
vn -0.024 -0.192 -0.981
vn 0.255 -0.039 -0.966
vn 0.635 -0.193 -0.748
vn -0.012 -0.109 -0.994
vn -0.387 -0.168 -0.906
vn 0.468 -0.054 -0.882
vn -0.622 -0.231 -0.748
vn -0.371 -0.141 -0.918
vn 0.396 -0.181 -0.900
vn -0.698 -0.202 -0.687
vn 0.704 -0.209 -0.679
vn -0.833 -0.207 -0.513
vn 0.709 -0.155 -0.688
vn -0.707 -0.149 -0.692
vn 0.478 0.016 -0.878
vn -0.527 0.009 -0.850
vn 0.500 -0.134 -0.856
vn 0.673 0.025 -0.739
vn 0.547 -0.119 -0.828
vn -0.664 -0.130 -0.737
vn -0.544 0.071 -0.836
vn -0.429 0.051 -0.902
vn 0.415 -0.031 -0.909
vn 0.547 -0.009 -0.837
vn 0.827 0.086 -0.556
vn 0.706 0.001 -0.709
vn -0.826 -0.043 -0.562
vn -0.540 0.008 -0.842
vn 0.776 0.099 -0.623
vn -0.438 0.095 -0.894
vn 0.414 0.134 -0.900
vn 0.673 0.160 -0.722
vn 0.439 0.048 -0.897
vn -0.717 0.045 -0.696
vn -0.639 0.107 -0.762
vn -0.361 0.072 -0.930
vn -0.577 0.125 -0.807
vn 0.435 0.056 -0.899
vn 0.510 0.111 -0.853
vn 0.499 0.151 -0.853
vn 0.212 -0.139 -0.967
vn -0.310 -0.380 -0.872
vn -0.377 -0.208 -0.902
vn -0.274 -0.852 -0.446
vn 0.520 -0.337 -0.785
vn 0.085 0.546 -0.833
vn 0.000 0.000 0.000
vn -0.093 0.638 -0.765
vn 0.031 0.671 -0.741
vn -0.003 0.678 -0.735
vn 0.001 -0.453 -0.891
vn -0.017 -0.298 -0.954
vn -0.642 -0.322 -0.696
vn -0.188 -0.422 -0.887
vn 0.374 -0.415 -0.829
vn 0.012 -0.349 -0.937
vn -0.069 -0.665 -0.743
vn -0.068 -0.875 -0.479
vn 0.027 -0.709 -0.705
vn -0.101 -0.061 -0.993
vn 0.026 -0.555 -0.832
vn 0.045 -0.548 -0.835
vn 0.071 -0.828 -0.557
vn -0.662 -0.606 -0.441
vn -0.036 -0.829 -0.558
vn 0.102 -0.548 -0.830
vn 0.071 -0.510 -0.858
vn 0.108 -0.169 -0.980
vn 0.010 -0.461 -0.888
vn -0.035 0.540 -0.841
vn 0.064 0.064 -0.996
vn -0.003 0.740 -0.672
vn 0.078 0.927 -0.367
vn 0.051 0.421 -0.906
vn 0.100 0.456 -0.884
vn -0.042 0.543 -0.838
vn 0.216 0.826 -0.520
vn 0.141 0.742 -0.655
vn -0.308 0.553 -0.774
vn 0.837 0.543 0.067
vn 0.155 -0.708 0.688
vn 0.431 0.892 -0.139
vn -0.466 0.328 0.822
vn 0.682 -0.099 -0.724
vn -0.632 0.067 -0.772
vn 0.673 0.708 -0.213
vn 0.442 0.377 -0.814
vn 0.816 0.551 -0.175
vn -0.898 0.320 -0.302
vn -0.638 0.710 -0.299
vn 0.584 0.714 -0.387
vn -0.199 0.923 -0.328
vn 0.168 0.948 -0.268
vn 0.725 -0.686 -0.058
vn -0.345 -0.937 -0.052
vn 0.867 -0.481 -0.130
vn -0.852 -0.512 -0.108
vn -0.996 -0.039 -0.086
vn 0.955 0.167 -0.246
vn -0.974 0.057 -0.217
vn 0.992 0.039 -0.122
vn -0.751 -0.095 -0.653
vn -0.683 -0.219 -0.697
vn 0.641 0.059 -0.765
vn 0.866 -0.089 -0.493
vn -0.852 -0.137 -0.506
vn 0.949 -0.036 -0.315
vn -0.808 -0.192 -0.558
vn 0.981 -0.193 0.039
vn 0.996 -0.054 -0.072
vn 0.986 -0.107 -0.124
vn 0.960 -0.279 -0.030
vn 0.987 -0.090 -0.136
vn 0.964 -0.249 0.097
vn 0.997 -0.069 0.032
vn -0.978 -0.050 0.201
vn -0.962 -0.091 0.258
vn -0.986 -0.024 0.163
vn -0.966 -0.035 0.257
vn -0.994 0.081 0.068
vn 0.995 0.052 0.082
vn 0.973 0.209 -0.094
vn 0.993 0.010 0.119
vn -0.542 0.209 -0.814
vn -0.791 0.173 -0.586
vn -0.746 0.012 -0.666
vn 0.614 0.056 -0.787
vn 0.326 0.066 -0.943
vn 0.821 -0.112 -0.561
vn 0.670 0.087 -0.737
vn -0.567 0.046 -0.822
vn -0.466 -0.096 -0.879
vn 0.662 -0.006 -0.749
vn -0.775 -0.006 -0.631
vn 0.555 -0.039 -0.831
vn -0.489 -0.063 -0.870
vn -0.733 -0.253 -0.631
vn 0.670 -0.010 -0.742
vn -0.988 0.118 0.098
vn -0.779 0.001 -0.627
vn -0.797 0.049 -0.602
vn 0.654 -0.112 -0.748
vn -0.712 0.084 -0.697
vn 0.820 -0.051 -0.570
vn -0.717 0.093 -0.691
vn 0.876 -0.032 -0.482
vn 0.839 0.021 -0.544
vn -0.755 0.095 -0.649
vn 0.744 0.126 -0.657
vn -0.552 0.079 -0.830
vn 0.692 0.034 -0.721
vn -0.684 -0.057 -0.727
vn 0.245 -0.797 -0.553
vn 0.747 -0.098 -0.657
vn -0.834 0.099 -0.543
vn 0.607 0.476 -0.636
vn 0.000 0.000 0.000
vn -0.412 0.720 -0.559
vn -0.032 0.618 -0.786
vn -0.010 0.621 -0.784
vn -0.168 0.737 -0.655
vn -0.107 -0.507 -0.855
vn 0.126 -0.485 -0.865
vn -0.881 -0.201 -0.429
vn -0.067 -0.791 -0.607
vn 0.015 -0.933 -0.360
vn 0.110 -0.784 -0.611
vn -0.105 -0.985 -0.135
vn 0.052 -0.792 -0.608
vn 0.068 -0.577 -0.814
vn 0.258 -0.470 -0.844
vn 0.212 -0.973 -0.089
vn -0.104 -0.885 -0.454
vn -0.069 -0.976 -0.208
vn -0.240 -0.492 -0.837
vn 0.145 -0.987 0.064
vn -0.003 -0.926 -0.377
vn -0.344 0.032 -0.938
vn 0.221 -0.020 -0.975
vn 0.266 0.003 -0.964
vn -0.186 -0.035 -0.982
vn -0.217 0.376 -0.901
vn -0.013 0.643 -0.766
vn 0.267 0.282 -0.922
vn -0.020 0.730 -0.683
vn -0.048 0.810 -0.584
vn -0.084 0.841 -0.535
vn 0.026 0.979 0.204
vn 0.056 0.907 -0.418
vn -0.005 0.713 -0.701
vn 0.016 0.760 -0.650
vn -0.004 0.859 -0.513
vn -0.124 0.830 -0.543
vn 0.464 0.881 -0.088
vn -0.663 0.248 -0.706
vn 0.762 0.293 -0.577
vn -0.801 -0.225 -0.555
vn -0.718 0.692 0.072
vn -0.236 0.417 0.878
vn -0.064 -0.993 -0.095
vn -0.736 -0.456 -0.500
vn 0.415 -0.454 0.789
vn 0.728 -0.440 -0.525
vn -0.836 -0.534 0.127
vn -0.277 0.740 -0.613
vn 0.282 0.886 -0.367
vn 0.518 -0.812 0.269
vn -0.502 0.836 -0.221
vn -0.950 -0.129 -0.284
vn -0.969 0.164 -0.186
vn -0.982 0.070 -0.175
vn 0.948 0.092 -0.305
vn 0.981 0.193 -0.027
vn -0.982 -0.063 -0.180
vn 0.975 -0.222 0.003
vn -0.985 -0.167 -0.041
vn -0.980 -0.124 0.155
vn -0.960 -0.265 -0.095
vn -0.992 -0.051 0.114
vn 0.965 -0.026 0.262
vn 0.976 -0.175 0.126
vn 0.986 0.002 0.168
vn 0.979 -0.044 0.201
vn -0.968 0.075 0.240
vn 1.000 -0.009 -0.018
vn -0.970 0.019 0.241
vn 0.986 0.110 0.126
vn 0.964 0.012 0.267
vn -0.996 0.083 -0.042
vn -0.984 0.177 0.010
vn -0.998 0.058 -0.028
vn -0.932 0.173 -0.318
vn -0.999 0.032 -0.016
vn -0.860 -0.134 -0.492
vn -0.740 -0.199 -0.643
vn -0.966 -0.215 -0.146
vn 0.919 -0.236 -0.315
vn 0.942 -0.027 -0.335
vn 0.683 -0.276 -0.676
vn 0.847 -0.009 -0.532
vn -0.815 -0.030 -0.579
vn -0.671 -0.034 -0.741
vn -0.870 -0.244 -0.428
vn -0.840 -0.133 -0.527
vn 0.779 -0.178 -0.602
vn -0.867 -0.147 -0.476
vn 0.891 0.036 -0.453
vn 0.861 -0.138 -0.489
vn 0.830 0.058 -0.555
vn -0.868 0.078 -0.490
vn 0.889 0.097 -0.448
vn 0.859 0.159 -0.487
vn 0.687 0.070 -0.723
vn 0.661 -0.171 -0.730
vn -0.873 0.106 -0.476
vn -0.742 -0.467 -0.482
vn -0.608 0.035 -0.794
vn -0.771 0.120 -0.625
vn -0.598 -0.017 -0.802
vn 0.709 0.131 -0.693
vn 0.684 -0.636 -0.358
vn 0.135 -0.968 -0.212
vn 0.837 0.146 -0.527
vn -0.743 0.347 -0.572
vn 0.428 0.654 -0.624
vn -0.254 0.663 -0.705
vn 0.028 0.659 -0.751
vn 0.149 0.711 -0.687
vn 0.389 0.699 -0.600
vn -0.480 -0.425 -0.768
vn 0.426 -0.425 -0.799
vn 0.752 -0.270 -0.601
vn 0.841 -0.290 -0.458
vn -0.145 -0.946 -0.291
vn -0.039 -0.732 -0.680
vn -0.096 -0.623 -0.776
vn -0.018 -0.988 -0.151
vn 0.224 -0.529 -0.819
vn 0.260 0.186 -0.948
vn -0.375 0.467 -0.801
vn 0.334 0.588 -0.737
vn -0.051 0.457 -0.888
vn -0.203 0.856 -0.476
vn 0.085 0.933 -0.349
vn 0.015 0.994 0.111
vn 0.002 0.562 -0.827
vn -0.331 0.610 -0.720
vn 0.186 0.981 -0.057
vn 0.606 0.688 0.399
vn -0.971 0.233 -0.057
vn 0.996 0.080 0.028
vn -0.158 -0.767 0.622
vn -0.019 -0.922 -0.386
vn -0.903 -0.304 -0.304
vn 0.485 -0.836 0.256
vn -0.813 -0.563 0.150
vn -0.183 -0.301 0.936
vn -0.669 0.704 -0.238
vn 0.958 0.189 -0.217
vn 0.842 0.498 -0.209
vn 0.981 0.180 0.069
vn -0.889 0.266 -0.373
vn 0.998 -0.060 0.027
vn -0.999 0.036 -0.019
vn -0.963 0.096 -0.251
vn -0.966 -0.084 0.246
vn 0.998 0.059 -0.007
vn 0.970 -0.075 0.230
vn -0.996 0.020 0.082
vn -0.986 -0.109 -0.126
vn -0.829 -0.176 0.531
vn -0.776 -0.254 0.577
vn -0.933 -0.083 0.350
vn -0.955 -0.162 0.248
vn -0.939 -0.091 0.332
vn 0.943 -0.046 0.330
vn 0.942 -0.086 0.323
vn -0.899 -0.003 0.438
vn -0.935 -0.022 0.353
vn 0.968 0.023 0.250
vn 0.981 0.125 0.150
vn 0.990 -0.094 0.105
vn -0.980 0.036 -0.196
vn 0.985 0.119 -0.125
vn -0.907 0.021 -0.420
vn 0.929 0.017 -0.371
vn 0.983 -0.185 0.006
vn -0.966 -0.021 -0.258
vn 0.857 -0.224 -0.465
vn 0.789 -0.010 -0.614
vn -0.913 -0.257 -0.315
vn -0.897 0.038 -0.440
vn 0.947 -0.220 -0.236
vn 0.866 -0.205 -0.456
vn 0.896 0.020 -0.444
vn -0.902 0.066 -0.426
vn -0.895 0.082 -0.438
vn -0.891 -0.062 -0.450
vn -0.846 0.002 -0.534
vn -0.831 0.128 -0.541
vn 0.804 0.092 -0.588
vn 0.907 -0.083 -0.413
vn 0.795 0.319 -0.516
vn -0.707 0.495 -0.504
vn -0.006 0.648 -0.762
vn 0.015 -0.436 -0.900
vn -0.243 -0.485 -0.840
vn -0.047 -0.473 -0.880
vn 0.078 -0.461 -0.884
vn -0.897 -0.252 -0.363
vn -0.024 -0.910 -0.414
vn -0.314 -0.554 -0.771
vn 0.003 -0.994 0.110
vn 0.058 -0.974 -0.217
vn 0.141 -0.974 0.177
vn -0.019 -0.962 -0.271
vn 0.025 -0.871 -0.491
vn 0.178 -0.952 -0.249
vn -0.205 -0.720 -0.663
vn -0.005 -1.000 -0.010
vn 0.216 -0.952 0.218
vn -0.177 -0.984 -0.014
vn 0.194 -0.567 -0.801
vn -0.414 -0.908 0.060
vn -0.850 -0.518 -0.097
vn -0.268 -0.104 -0.958
vn 0.331 -0.935 0.126
vn 0.307 0.115 -0.945
vn -0.032 0.987 -0.158
vn -0.080 0.996 0.037
vn -0.010 0.944 -0.330
vn 0.075 0.994 -0.079
vn -0.220 0.965 0.141
vn 0.141 0.961 0.238
vn -0.050 0.996 -0.072
vn 0.384 0.775 -0.502
vn -0.136 0.988 -0.070
vn -0.607 0.754 0.251
vn -0.791 0.256 0.555
vn -0.207 -0.496 -0.843
vn -0.019 -0.143 -0.990
vn 0.548 0.088 -0.832
vn 0.000 0.000 0.000
vn 0.661 -0.302 0.687
vn 0.117 0.265 -0.957
vn -0.660 0.302 -0.688
vn -0.763 -0.511 -0.397
vn -0.634 -0.634 -0.442
vn -0.965 -0.263 -0.010
vn 0.968 -0.243 -0.062
vn -0.840 -0.366 -0.401
vn -1.000 0.011 0.002
vn 0.921 -0.082 -0.381
vn -0.952 0.115 -0.284
vn 0.956 0.075 -0.282
vn -0.936 0.254 -0.245
vn 0.519 0.830 -0.203
vn -0.698 -0.662 -0.272
vn 0.994 -0.003 0.112
vn -0.988 0.070 0.140
vn 0.995 0.012 -0.095
vn -0.968 0.239 0.081
vn -0.940 0.231 0.252
vn -0.842 0.060 0.536
vn 0.971 0.010 0.239
vn 0.779 0.136 0.613
vn 0.851 -0.156 0.501
vn -0.826 -0.079 0.558
vn 0.709 -0.134 0.693
vn 0.820 -0.134 0.557
vn 0.976 -0.043 0.214
vn 0.896 -0.219 0.385
vn 0.920 -0.189 0.342
vn 0.824 -0.119 0.554
vn 0.934 -0.038 0.355
vn 0.948 0.011 0.319
vn 0.947 0.075 0.312
vn 0.917 0.114 0.382
vn -0.983 0.168 0.074
vn 0.933 0.065 -0.354
vn -0.998 -0.016 0.058
vn -0.985 -0.160 0.062
vn -0.952 -0.272 -0.143
vn 0.000 0.000 0.000
vn 0.000 0.000 0.000
vn 0.943 -0.247 -0.223
vn -0.944 -0.023 -0.329
vn 0.000 0.000 0.000
vn 0.000 0.000 0.000
vn 0.865 -0.222 -0.449
vn -0.897 -0.003 -0.441
vn -0.964 -0.188 -0.187
vn 0.968 -0.243 0.066
vn 0.000 0.000 0.000
vn -0.925 -0.184 -0.334
vn 0.957 0.005 -0.291
vn 0.917 -0.205 -0.342
vn -0.911 -0.189 -0.367
vn 0.925 0.087 -0.369
vn -0.933 -0.094 -0.347
vn -0.954 0.074 -0.290
vn -0.893 0.095 -0.441
vn 0.956 -0.035 -0.290
vn 0.000 0.000 0.000
vn 0.000 0.000 0.000
vn 0.888 0.173 -0.425
vn 0.000 0.000 0.000
vn -0.928 0.175 -0.330
vn 0.000 0.000 0.000
vn 0.839 0.117 -0.531
vn -0.846 0.015 -0.532
vn 0.892 0.350 -0.286
vn 0.583 0.618 -0.528
vn 0.245 0.640 -0.728
vn 0.492 0.674 -0.551
vn 0.047 0.601 -0.798
vn -0.057 -0.431 -0.901
vn -0.115 -0.356 -0.927
vn 0.077 -0.447 -0.891
vn 0.299 -0.547 -0.782
vn 0.859 -0.371 -0.352
vn 0.923 -0.193 -0.332
vn 0.978 -0.076 -0.195
vn -0.044 -0.927 0.372
vn 0.060 -0.998 -0.021
vn -0.021 -0.983 -0.182
vn 0.122 -0.987 -0.105
vn -0.106 -0.876 0.471
vn 0.281 -0.641 -0.715
vn 0.016 -0.910 0.414
vn 0.917 -0.397 -0.026
vn -0.093 -0.985 0.146
vn -0.341 -0.029 -0.940
vn 0.232 -0.208 -0.950
vn -0.251 0.091 -0.964
vn 0.352 -0.039 -0.935
vn -0.277 0.544 -0.792
vn 0.106 0.994 -0.008
vn 0.295 0.591 -0.751
vn 0.103 0.993 -0.061
vn -0.019 0.998 0.060
vn 0.245 0.606 0.757
vn 0.035 0.999 0.031
vn -0.109 0.993 -0.043
vn -0.307 0.949 -0.073
vn 0.345 0.933 0.100
vn -0.232 0.972 -0.039
vn -0.548 0.496 0.674
vn 0.472 0.628 0.619
vn 0.282 0.893 0.351
vn 0.322 -0.458 -0.828
vn -0.274 -0.341 -0.899
vn -0.811 -0.585 0.006
vn -0.486 0.004 -0.874
vn 0.790 0.246 0.562
vn 0.575 0.444 -0.687
vn 0.757 -0.534 -0.376
vn 0.630 -0.649 -0.426
vn -0.677 -0.630 -0.380
vn -0.683 -0.550 -0.481
vn 0.751 -0.482 -0.451
vn -0.818 -0.454 -0.354
vn 0.923 -0.384 0.003
vn -0.961 0.004 -0.278
vn 0.608 -0.097 0.788
vn -0.953 -0.207 -0.222
vn 0.980 -0.097 -0.172
vn 0.529 -0.813 0.242
vn -0.802 0.581 -0.136
vn 0.421 -0.897 0.132
vn -0.866 -0.499 0.037
vn 0.628 -0.750 -0.207
vn -0.989 -0.053 -0.135
vn -0.931 0.117 0.344
vn 0.966 0.086 0.243
vn -0.633 0.216 0.743
vn -0.774 0.187 0.605
vn 0.976 0.060 0.209
vn -0.672 -0.075 0.737
vn -0.778 -0.005 0.629
vn -0.769 -0.086 0.634
vn 0.920 -0.168 0.354
vn 0.689 -0.005 0.725
vn 0.861 -0.056 0.505
vn -0.825 -0.241 0.512
vn -0.753 -0.126 0.646
vn 0.616 -0.108 0.781
vn -0.904 -0.126 0.409
vn 0.824 -0.232 0.517
vn -0.789 -0.039 0.613
vn -0.761 -0.010 0.648
vn -0.809 -0.050 0.586
vn -0.943 -0.022 0.332
vn -0.578 -0.001 0.816
vn 0.751 -0.097 0.653
vn 0.882 -0.057 0.468
vn 0.782 -0.047 0.622
vn -0.442 -0.165 0.882
vn -0.811 -0.010 0.585
vn -0.882 -0.092 0.462
vn -0.839 0.022 0.544
vn 0.938 0.030 0.345
vn -0.961 0.017 0.276
vn -0.993 -0.023 0.114
vn -0.911 -0.081 0.405
vn 0.999 -0.029 0.022
vn -0.983 -0.050 -0.175
vn 0.956 -0.030 -0.293
vn 1.000 0.018 -0.004
vn -0.981 -0.073 0.180
vn 1.000 -0.018 -0.016
vn -0.925 -0.309 -0.221
vn 0.964 -0.020 -0.267
vn -0.957 -0.043 -0.287
vn 0.872 -0.325 -0.365
vn 0.970 -0.238 -0.042
vn -0.965 -0.261 0.007
vn -0.945 0.027 -0.326
vn 0.973 0.074 -0.217
vn -0.964 -0.243 -0.105
vn -0.969 0.033 -0.244
vn -0.959 -0.188 -0.213
vn 0.967 -0.247 0.058
vn 0.933 0.069 -0.352
vn 0.940 -0.120 -0.319
vn -0.883 -0.181 -0.433
vn 0.934 0.105 -0.343
vn 0.977 -0.114 -0.180
vn -0.915 -0.033 -0.402
vn 0.000 0.000 0.000
vn 0.933 -0.058 -0.356
vn 0.000 0.000 0.000
vn -0.906 -0.015 -0.423
vn 0.866 0.008 -0.500
vn 0.000 0.000 0.000
vn 0.000 0.000 0.000
vn 0.000 0.000 0.000
vn 0.948 0.274 -0.162
vn 0.983 0.109 -0.148
vn 0.932 0.213 -0.294
vn 0.302 -0.942 0.147
vn -0.889 0.173 -0.425
vn 0.876 0.055 -0.479
vn -0.845 0.320 -0.428
vn -0.704 0.579 -0.410
vn -0.593 0.640 -0.489
vn -0.441 0.700 -0.561
vn -0.192 0.516 -0.835
vn 0.132 0.449 -0.884
vn 0.050 -0.173 -0.984
vn 0.178 -0.376 -0.909
vn -0.154 -0.199 -0.968
vn -0.846 -0.283 -0.452
vn -0.002 -0.973 0.233
vn 0.037 -0.998 -0.046
vn -0.017 -0.986 0.166
vn 0.000 0.000 0.000
vn -0.039 -0.975 0.220
vn -0.103 -0.981 0.163
vn -0.046 -0.987 0.152
vn 0.047 -0.967 0.251
vn 0.120 -0.968 -0.219
vn 0.000 0.000 0.000
vn 0.000 0.000 0.000
vn 0.000 0.000 0.000
vn -0.258 -0.802 -0.538
vn -0.166 -0.609 -0.775
vn 0.072 -0.951 0.300
vn 0.191 -0.597 -0.779
vn 0.000 0.000 0.000
vn 0.297 -0.607 -0.737
vn 0.432 -0.164 -0.887
vn -0.273 0.736 -0.619
vn 0.314 0.561 -0.766
vn 0.206 0.956 -0.207
vn -0.211 0.974 -0.084
vn -0.269 0.906 -0.326
vn -0.143 0.957 -0.253
vn -0.034 0.914 0.404
vn 0.000 0.000 0.000
vn 0.000 0.000 0.000
vn 0.359 0.933 -0.022
vn -0.252 0.966 0.056
vn -0.265 0.710 0.652
vn 0.071 0.933 0.354
vn 0.831 0.252 0.495
vn 0.218 -0.920 -0.326
vn -0.933 -0.162 0.322
vn 0.640 0.143 0.755
vn -0.662 -0.016 0.749
vn 0.716 0.357 -0.600
vn 0.666 0.213 0.715
vn -0.404 0.632 0.662
vn -0.947 -0.298 -0.120
vn 0.617 0.411 0.671
vn -0.371 0.305 -0.877
vn 0.000 0.000 0.000
vn 0.913 -0.364 -0.183
vn -0.277 0.734 -0.620
vn 0.000 0.000 0.000
vn -0.718 -0.527 -0.454
vn 0.626 -0.649 -0.433
vn -0.846 -0.514 -0.140
vn 0.767 -0.571 -0.292
vn -0.290 0.512 -0.809
vn -0.853 -0.488 0.187
vn -0.976 0.156 0.150
vn 0.345 0.868 -0.357
vn 0.954 0.142 -0.263
vn 0.805 0.586 -0.094
vn 0.496 0.867 -0.043
vn -0.083 0.982 -0.169
vn -0.894 -0.313 -0.322
vn -0.131 -0.944 -0.304
vn 0.896 -0.298 -0.330
vn 0.926 -0.376 0.032
vn 0.044 0.527 0.849
vn 0.774 0.234 0.588
vn -0.064 0.151 0.987
vn 0.095 0.230 0.968
vn 0.188 0.036 0.982
vn 0.746 0.124 0.655
vn -0.814 -0.048 0.579
vn 0.804 -0.009 0.595
vn 0.048 -0.093 0.995
vn -0.061 -0.151 0.987
vn -0.885 -0.045 0.463
vn -0.439 -0.021 0.898
vn -0.451 -0.188 0.872
vn -0.606 -0.094 0.790
vn -0.306 -0.126 0.944
vn 0.481 -0.150 0.864
vn 0.676 -0.023 0.736
vn 0.676 -0.122 0.727
vn 0.522 -0.064 0.851
vn 0.766 -0.044 0.641
vn -0.813 -0.039 0.581
vn -0.689 -0.087 0.719
vn -0.767 -0.014 0.642
vn 0.839 -0.005 0.544
vn 0.281 -0.109 0.953
vn 0.467 -0.111 0.877
vn 0.766 -0.051 0.641
vn -0.883 0.050 0.466
vn 0.918 -0.085 0.388
vn -0.804 -0.050 0.592
vn 0.737 -0.032 0.676
vn -0.951 0.073 0.302
vn -0.903 0.092 0.420
vn -0.967 -0.042 0.250
vn 0.582 0.091 0.808
vn 0.945 -0.033 0.325
vn -0.987 0.007 0.162
vn -0.971 -0.201 0.125
vn 0.997 -0.062 0.046
vn 0.944 -0.298 0.139
vn -0.982 -0.018 -0.188
vn -0.963 -0.270 -0.006
vn 0.981 -0.038 -0.190
vn -1.000 -0.002 0.001
vn 0.960 -0.234 -0.153
vn -0.994 0.080 -0.073
vn 0.968 0.092 -0.234
vn 0.978 -0.157 -0.140
vn -0.956 0.081 -0.281
vn 0.944 -0.106 -0.312
vn 0.983 0.057 -0.176
vn -0.961 0.050 -0.271
vn -0.960 0.135 -0.247
vn -0.984 0.016 -0.175
vn 0.982 -0.168 -0.084
vn 0.937 0.168 -0.305
vn 0.921 -0.057 -0.385
vn -0.820 0.054 -0.570
vn -0.978 0.195 -0.067
vn 0.931 0.031 -0.365
vn -0.928 -0.018 -0.372
vn 0.850 0.100 -0.517
vn -0.973 0.222 -0.061
vn -0.856 0.233 -0.461
vn 0.997 -0.070 0.044
vn -0.404 -0.913 -0.055
vn -0.931 0.036 -0.364
vn 0.920 0.222 -0.322
vn 0.741 0.521 -0.423
vn 0.586 0.653 -0.480
vn -0.177 0.059 -0.982
vn 0.165 0.115 -0.980
vn 0.415 0.051 -0.909
vn 0.309 -0.238 -0.921
vn -0.494 -0.418 -0.762
vn 0.477 -0.360 -0.802
vn -0.879 -0.353 -0.321
vn -0.609 -0.467 -0.641
vn 0.718 -0.408 -0.564
vn 0.383 -0.479 -0.790
vn -0.982 -0.070 -0.178
vn -0.170 -0.937 -0.305
vn -0.064 -0.798 0.599
vn -0.035 -0.568 0.823
vn -0.101 -0.598 0.795
vn 0.123 -0.951 -0.285
vn -0.099 -0.701 0.706
vn 0.002 -0.690 0.724
vn -0.059 -0.959 0.276
vn 0.000 0.000 0.000
vn 0.000 0.000 0.000
vn -0.252 -0.833 -0.492
vn 0.185 -0.740 0.646
vn 0.871 -0.278 0.404
vn -0.156 -0.752 0.640
vn 0.381 -0.693 -0.612
vn -0.132 -0.750 0.649
vn -0.840 -0.356 0.410
vn 0.000 0.000 0.000
vn 0.171 -0.825 0.538
vn -0.031 -0.710 0.704
vn 0.111 0.659 -0.744
vn -0.314 0.741 -0.594
vn 0.190 0.598 0.779
vn -0.054 0.860 0.508
vn 0.265 0.846 -0.463
vn 0.041 0.862 0.506
vn -0.036 0.697 0.717
vn -0.150 0.940 0.305
vn -0.254 0.844 0.473
vn 0.000 0.000 0.000
vn 0.000 0.000 0.000
vn 0.286 0.866 0.411
vn -0.175 0.906 0.385
vn 0.183 0.810 0.557
vn -0.752 -0.220 0.621
vn 0.488 -0.591 0.642
vn 0.945 0.315 -0.094
vn -0.894 -0.117 -0.433
vn -0.193 0.620 -0.760
vn -0.604 -0.108 0.789
vn 0.612 -0.506 0.608
vn -0.785 0.223 0.578
vn 0.586 0.651 -0.483
vn 0.000 0.000 0.000
vn 0.624 -0.634 -0.457
vn 0.000 0.000 0.000
vn 0.846 -0.473 -0.247
vn -0.887 -0.440 -0.138
vn 0.950 -0.307 -0.059
vn -0.981 -0.177 -0.085
vn 0.941 0.320 -0.111
vn 0.937 -0.125 -0.325
vn -0.937 -0.180 -0.300
vn -0.952 0.241 -0.190
vn -0.883 0.436 -0.174
vn 0.160 0.977 -0.140
vn -0.308 -0.949 -0.073
vn 0.239 -0.966 -0.101
vn 0.679 0.311 0.664
vn 0.812 0.305 0.497
vn -0.792 0.304 0.529
vn 0.551 0.298 0.779
vn 0.037 -0.105 0.994
vn -0.600 0.081 0.796
vn 0.355 -0.026 0.935
vn -0.743 -0.060 0.667
vn 0.778 -0.101 0.620
vn 0.032 -0.059 0.998
vn 0.083 -0.025 0.996
vn 0.000 0.000 0.000
vn 0.379 -0.179 0.908
vn -0.444 -0.142 0.885
vn -0.414 -0.023 0.910
vn 0.226 -0.093 0.970
vn 0.753 0.005 0.658
vn -0.138 -0.127 0.982
vn -0.054 -0.072 0.996
vn -0.739 -0.127 0.662
vn 0.115 -0.042 0.992
vn 0.745 -0.051 0.665
vn -0.266 -0.011 0.964
vn -0.520 -0.038 0.853
vn -0.748 0.034 0.663
vn -0.221 -0.030 0.975
vn 0.176 0.008 0.984
vn 0.190 -0.038 0.981
vn 0.402 -0.027 0.915
vn 0.479 -0.029 0.877
vn 0.541 -0.027 0.841
vn -0.377 -0.035 0.926
vn -0.635 -0.061 0.770
vn -0.523 -0.053 0.851
vn -0.198 -0.107 0.974
vn 0.482 -0.059 0.874
vn 0.532 -0.082 0.843
vn -0.389 -0.099 0.916
vn -0.630 0.031 0.776
vn 0.805 -0.030 0.593
vn -0.794 0.009 0.608
vn -0.359 -0.017 0.933
vn 0.771 -0.053 0.635
vn 0.772 -0.042 0.634
vn -0.922 -0.082 0.377
vn 0.969 -0.079 0.232
vn 0.811 -0.180 0.557
vn 0.929 -0.055 0.366
vn -0.978 -0.088 0.189
vn 0.939 -0.277 0.204
vn -0.895 -0.311 0.319
vn 0.989 -0.080 0.127
vn 0.953 -0.273 0.133
vn -1.000 -0.019 0.004
vn -0.974 -0.224 -0.014
vn 0.988 -0.037 0.147
vn -0.965 -0.002 0.262
vn 0.994 -0.012 0.110
vn -0.988 0.144 -0.063
vn -0.980 -0.139 -0.140
vn 0.974 0.066 -0.215
vn -0.982 -0.173 -0.076
vn 0.998 0.051 -0.037
vn 0.984 -0.156 0.080
vn -0.957 -0.198 -0.212
vn -1.000 0.029 -0.001
vn -0.988 -0.049 -0.145
vn 0.990 0.101 0.096
vn 0.992 -0.082 0.100
vn 0.983 0.155 -0.095
vn -0.996 -0.088 0.031
vn -0.979 0.166 0.118
vn -0.949 -0.113 -0.294
vn 0.987 0.090 0.132
vn -0.796 -0.353 0.491
vn 0.984 0.079 -0.160
vn 0.003 0.428 -0.904
vn 0.010 0.141 -0.990
vn -0.950 -0.254 -0.182
vn 0.978 -0.146 -0.146
vn -0.983 0.006 -0.184
vn -0.992 -0.010 -0.128
vn 0.778 -0.624 0.077
vn 0.996 0.011 -0.093
vn -0.219 -0.619 0.755
vn -0.123 -0.966 -0.225
vn 0.120 -0.925 0.361
vn 0.007 -0.976 0.219
vn 0.095 -0.781 0.618
vn -0.020 -0.818 0.575
vn 0.162 -0.529 0.833
vn -0.152 -0.830 0.536
vn 0.222 -0.961 -0.164
vn -0.370 0.177 -0.912
vn 0.001 -0.287 0.958
vn 0.035 -0.710 0.703
vn -0.964 -0.261 0.047
vn -0.031 -0.134 0.991
vn 0.000 0.000 0.000
vn 0.118 -0.658 0.744
vn 0.833 -0.074 0.549
vn 0.027 -0.323 0.946
vn 0.284 -0.573 -0.768
vn -0.267 0.963 0.025
vn -0.263 0.717 -0.646
vn 0.052 -0.047 0.998
vn 0.004 -0.303 0.953
vn 0.251 -0.818 0.517
vn -0.192 0.159 0.968
vn -0.267 0.963 0.025
vn 0.005 -0.390 0.921
vn -0.005 -0.432 0.902
vn 0.427 -0.387 0.817
vn 0.160 -0.151 0.976
vn -0.076 0.472 0.878
vn -0.154 0.740 0.655
vn 0.318 0.684 -0.656
vn 0.000 0.000 0.000
vn 0.009 0.783 0.622
vn 0.157 0.506 0.848
vn -0.146 0.768 0.623
vn -0.190 0.349 0.918
vn 0.047 0.653 0.756
vn -0.099 -0.070 0.993
vn 0.416 0.174 0.893
vn 0.033 0.872 0.489
vn 0.253 0.955 -0.151
vn -0.065 0.968 0.240
vn -0.069 0.998 -0.008
vn 0.142 0.919 0.368
vn -0.053 0.858 0.511
vn -0.136 0.873 0.468
vn 0.027 0.982 0.187
vn -0.268 0.829 0.490
vn 0.453 0.737 0.501
vn 0.267 0.576 0.773
vn 0.127 0.681 0.721
vn 0.075 0.800 0.595
vn -0.076 0.962 0.263
vn -0.015 0.825 0.564
vn -0.129 0.764 0.632
vn -0.406 0.368 0.836
vn 0.244 0.914 -0.323
vn 0.940 -0.254 0.225
vn -0.572 -0.695 -0.436
vn 0.948 -0.179 -0.263
vn -0.069 -0.174 0.982
vn 0.287 -0.335 0.897
vn -0.584 0.639 0.501
vn -0.361 0.151 0.920
vn 0.715 -0.699 -0.032
vn 0.969 0.235 -0.078
vn -0.682 -0.605 -0.411
vn 0.640 -0.639 -0.426
vn 0.887 -0.428 0.171
vn -0.893 -0.425 0.147
vn -0.842 -0.343 -0.417
vn 0.898 -0.275 -0.344
vn 0.938 0.256 -0.234
vn 0.915 0.357 -0.190
vn -0.620 0.784 -0.037
vn -0.096 -0.976 -0.197
vn 0.997 0.049 0.058
vn -0.080 0.535 0.841
vn -0.744 0.460 0.485
vn 0.000 0.000 0.000
vn 0.225 -0.022 0.974
vn -0.128 -0.040 0.991
vn -0.053 0.073 0.996
vn -0.939 0.056 -0.339
vn 0.319 -0.058 0.946
vn 0.393 -0.056 0.918
vn 0.051 -0.104 0.993
vn -0.691 -0.174 0.702
vn -0.427 0.015 0.904
vn 0.727 -0.088 0.681
vn -0.669 -0.035 0.742
vn 0.345 0.012 0.939
vn 0.717 0.044 0.696
vn 0.042 -0.173 0.984
vn 0.488 0.009 0.873
vn -0.786 -0.087 0.613
vn -0.646 -0.065 0.760
vn -0.372 -0.276 0.886
vn 0.389 0.851 -0.353
vn 0.821 -0.191 0.538
vn -0.601 -0.265 0.754
vn -0.790 -0.076 0.609
vn 0.920 -0.108 0.377
vn -0.953 -0.035 0.301
vn 0.964 -0.002 0.264
vn -0.912 -0.349 0.215
vn -0.942 -0.095 0.323
vn 0.996 -0.034 0.083
vn -0.980 -0.056 0.192
vn -0.942 -0.261 0.212
vn 0.953 -0.040 0.301
vn -0.936 -0.244 0.252
vn -0.940 -0.249 0.232
vn 0.946 -0.243 0.214
vn 0.000 0.000 0.000
vn -0.965 -0.218 0.149
vn -0.973 0.071 0.218
vn 0.943 -0.079 0.324
vn 0.946 -0.001 0.325
vn -0.959 -0.202 0.196
vn 0.954 -0.198 0.226
vn 0.990 0.046 0.137
vn -0.848 -0.415 0.330
vn -0.997 0.076 -0.029
vn 0.979 -0.123 0.160
vn -0.997 0.076 -0.011
vn 0.966 0.212 -0.148
vn -0.971 0.096 0.218
vn -0.997 0.026 -0.067
vn 0.956 0.166 0.242
vn -0.024 -0.966 0.256
vn -0.985 0.103 -0.139
vn 0.981 0.051 0.186
vn -0.997 0.072 -0.037
vn -0.833 0.450 -0.321
vn -0.472 0.523 -0.710
vn 0.558 0.542 -0.629
vn -0.447 0.189 -0.874
vn -0.694 0.150 -0.704
vn -0.739 -0.235 -0.632
vn -0.433 -0.183 -0.882
vn -0.749 -0.348 -0.564
vn 0.960 -0.170 -0.221
vn -0.658 -0.668 0.347
vn 0.990 0.094 0.105
vn -0.091 -0.806 0.585
vn -0.989 0.081 -0.121
vn -0.238 0.942 -0.236
vn -0.018 -0.408 -0.913
vn 0.064 -0.967 0.246
vn 0.078 -0.990 0.116
vn 0.042 -0.837 -0.545
vn -0.037 -0.407 -0.913
vn 0.165 0.986 -0.032
vn 0.651 0.676 -0.345
vn 0.666 0.660 -0.347
vn 0.105 -0.906 -0.410
vn -0.144 -0.986 0.090
vn 0.151 -0.667 0.730
vn 0.181 -0.707 0.684
vn 0.032 -0.811 0.584
vn -0.177 -0.296 0.938
vn -0.056 -0.249 -0.967
vn 0.111 0.659 -0.744
vn -0.182 0.951 -0.250
vn -0.090 0.306 -0.948
vn 0.045 -0.072 0.996
vn -0.150 -0.207 0.967
vn -0.034 -0.045 0.998
vn -0.112 -0.866 -0.487
vn 0.175 0.794 -0.582
vn 0.129 0.917 -0.377
vn 0.111 0.659 -0.744
vn -0.201 0.190 0.961
vn 0.158 0.734 -0.660
vn -0.241 0.943 -0.230
vn 0.049 0.239 0.970
vn -0.025 0.293 0.956
vn -0.061 -0.318 0.946
vn 0.093 -0.184 0.978
vn -0.208 0.595 0.776
vn -0.122 0.939 0.321
vn -0.132 0.498 0.857
vn -0.217 0.559 0.800
vn -0.195 0.156 0.968
vn 0.133 0.324 0.937
vn 0.022 0.601 0.799
vn 0.230 0.475 0.849
vn -0.163 0.876 0.454
vn -0.085 0.607 0.790
vn -0.087 0.554 0.828
vn 0.149 0.377 0.914
vn -0.218 -0.167 0.962
vn 0.495 0.053 0.867
vn -0.694 0.002 0.720
vn -0.067 -0.604 0.794
vn -0.765 -0.413 0.495
vn 0.742 -0.479 0.469
vn 0.728 -0.062 0.683
vn -0.490 -0.122 -0.863
vn -0.716 -0.634 -0.291
vn -0.848 -0.231 0.478
vn -0.608 0.097 0.788
vn -0.632 -0.685 -0.363
vn 0.540 0.452 -0.710
vn 0.799 -0.601 -0.009
vn 0.981 -0.113 0.156
vn 0.983 -0.159 0.090
vn -0.693 0.710 0.123
vn -0.932 -0.363 -0.006
vn 0.830 -0.492 0.263
vn -0.958 0.185 -0.221
vn 0.572 0.769 -0.285
vn -0.932 0.277 -0.233
vn -0.966 0.238 -0.105
vn -0.961 -0.275 0.026
vn -0.914 0.386 0.123
vn -0.623 0.584 0.521
vn 0.770 0.414 0.486
vn 0.801 0.479 0.360
vn 0.150 -0.076 0.986
vn -0.242 -0.106 0.964
vn 0.000 0.000 0.000
vn 0.125 -0.060 0.990
vn -0.126 -0.072 0.989
vn 0.090 -0.159 0.983
vn 0.521 -0.259 0.813
vn 0.436 -0.264 0.860
vn -0.313 -0.236 0.920
vn 0.910 -0.017 0.414
vn 0.663 -0.152 0.733
vn 0.826 -0.125 0.549
vn 0.537 -0.117 0.835
vn -0.727 -0.048 0.685
vn -0.829 0.026 0.558
vn -0.925 -0.212 0.316
vn -0.652 -0.333 0.681
vn 0.835 -0.268 0.481
vn 0.893 -0.084 0.442
vn -0.897 -0.095 0.433
vn -0.876 -0.302 0.377
vn -0.931 -0.039 0.362
vn 0.918 -0.280 0.280
vn 0.000 0.000 0.000
vn 0.000 0.000 0.000
vn 0.872 0.445 0.204
vn -0.942 0.030 0.334
vn 0.874 -0.218 0.434
vn -0.976 -0.157 0.153
vn -0.979 0.061 0.195
vn -0.975 -0.105 0.197
vn 0.984 0.023 0.178
vn -0.973 -0.055 0.223
vn 0.940 0.205 0.272
vn -0.955 0.098 0.280
vn 0.930 -0.030 0.367
vn -0.996 -0.076 0.051
vn -0.919 0.257 0.299
vn -0.955 0.223 0.194
vn -0.877 -0.197 0.438
vn 0.916 0.121 0.381
vn 0.642 -0.571 0.512
vn -0.201 -0.850 0.488
vn 0.980 0.178 0.086
vn -0.940 0.296 -0.167
vn -0.902 0.427 -0.071
vn 0.765 0.556 -0.325
vn 0.440 0.350 -0.827
vn 0.765 -0.129 -0.631
vn 0.809 -0.454 -0.374
vn 0.789 -0.311 -0.531
vn 0.923 -0.282 -0.264
vn -0.309 -0.944 0.113
vn 0.990 -0.124 0.060
vn 0.001 0.984 -0.179
vn -0.110 -0.993 0.046
vn -0.026 -0.930 -0.367
vn -0.121 -0.990 0.067
vn -0.983 0.147 0.113
vn -0.148 -0.667 0.730
vn 0.028 -0.822 0.568
vn 0.091 -0.973 0.211
vn 0.009 -0.618 -0.786
vn 0.752 0.592 0.289
vn 0.113 -0.789 -0.604
vn -0.197 -0.604 -0.772
vn 0.063 -0.865 0.498
vn 0.290 -0.924 -0.249
vn 0.021 -0.975 -0.223
vn 0.529 -0.068 -0.846
vn 0.213 -0.097 0.972
vn -0.752 -0.590 -0.293
vn 0.243 -0.152 0.958
vn -0.216 0.286 0.934
vn -0.237 -0.180 0.955
vn 0.087 0.980 -0.179
vn 0.599 0.701 -0.387
vn -0.119 0.910 -0.396
vn -0.596 -0.064 0.800
vn 0.204 0.457 0.866
vn 0.655 0.117 0.747
vn 0.061 -0.497 0.866
vn 0.148 0.986 0.073
vn -0.235 0.972 -0.024
vn 0.106 0.699 0.707
vn 0.037 0.732 0.681
vn 0.157 0.982 0.108
vn 0.201 0.935 0.292
vn 0.054 0.531 0.845
vn 0.078 0.813 0.576
vn 0.152 0.584 0.798
vn -0.099 0.831 0.547
vn -0.110 0.416 0.903
vn -0.127 0.616 0.778
vn -0.029 0.393 0.919
vn 0.102 0.570 0.815
vn 0.079 0.602 0.795
vn 0.061 0.029 0.998
vn 0.219 -0.781 0.585
vn 0.706 -0.055 -0.706
vn 0.000 0.000 0.000
vn 0.704 -0.625 -0.337
vn 0.129 -0.756 0.642
vn -0.210 0.074 -0.975
vn 0.703 -0.689 -0.175
vn -0.512 -0.682 -0.522
vn 0.890 -0.423 -0.169
vn -0.953 -0.039 0.302
vn 0.610 -0.735 -0.295
vn 0.650 0.759 0.030
vn 0.000 0.000 0.000
vn 0.000 0.000 0.000
vn 0.961 -0.276 0.020
vn -0.962 -0.256 0.099
vn 0.971 -0.202 0.127
vn -0.957 -0.258 0.134
vn -0.953 0.221 0.207
vn 0.907 -0.321 0.272
vn 0.841 -0.520 0.151
vn -0.997 0.071 0.009
vn 0.992 0.060 -0.107
vn 0.980 0.116 -0.162
vn -0.664 -0.627 0.407
vn 0.075 0.997 -0.009
vn -0.178 -0.956 -0.233
vn 0.981 0.164 -0.105
vn -0.797 0.368 0.478
vn 0.229 0.727 0.647
vn 0.000 0.000 0.000
vn 0.126 -0.187 0.974
vn -0.074 -0.139 0.987
vn 0.733 -0.124 0.669
vn -0.628 -0.068 0.775
vn -0.491 -0.100 0.866
vn 0.845 -0.062 0.532
vn 0.445 -0.061 0.894
vn -0.821 -0.174 0.544
vn -0.433 -0.161 0.887
vn 0.653 -0.027 0.757
vn -0.891 -0.058 0.450
vn -0.693 -0.245 0.678
vn 0.474 -0.247 0.845
vn 0.664 -0.106 0.740
vn 0.688 -0.326 0.648
vn -0.672 -0.132 0.728
vn 0.701 -0.134 0.701
vn 0.724 -0.299 0.622
vn 0.887 -0.272 0.374
vn 0.874 -0.050 0.483
vn 0.900 -0.269 0.344
vn -0.876 -0.207 0.435
vn 0.891 -0.216 0.400
vn 0.956 -0.241 0.167
vn 0.941 0.024 0.338
vn -0.895 -0.173 0.412
vn -0.913 -0.159 0.376
vn -0.960 0.030 0.280
vn 0.933 -0.104 0.344
vn 0.923 0.087 0.374
vn 0.000 0.000 0.000
vn 0.000 0.000 0.000
vn 0.995 -0.092 0.030
vn 0.000 0.000 0.000
vn 0.000 0.000 0.000
vn 0.896 0.243 0.373
vn -0.863 0.236 0.447
vn 0.945 0.082 0.316
vn -0.535 -0.509 0.675
vn 0.811 -0.101 0.576
vn 0.902 0.107 0.417
vn -0.963 0.152 0.222
vn 0.960 0.192 0.202
vn -0.776 0.548 -0.313
vn 0.878 0.479 0.004
vn -0.596 0.611 -0.521
vn 0.694 0.616 -0.372
vn -0.774 -0.359 -0.521
vn -0.988 0.154 -0.023
vn 0.988 -0.123 0.092
vn 0.982 0.190 0.020
vn -0.700 -0.629 0.340
vn -0.978 0.187 -0.091
vn 0.109 -0.993 0.038
vn -0.045 -0.987 -0.153
vn -0.017 -0.794 0.608
vn 0.244 -0.448 0.860
vn 0.154 -0.480 0.863
vn -0.098 -0.866 0.491
vn 0.071 -0.997 -0.024
vn 0.005 -0.999 -0.050
vn 0.115 -0.992 0.053
vn 0.601 0.738 -0.307
vn 0.798 0.442 -0.409
vn -0.244 -0.965 -0.098
vn -0.408 0.902 0.142
vn 0.201 -0.956 -0.214
vn 0.065 -0.675 0.735
vn -0.746 0.372 0.552
vn -0.081 -0.582 0.809
vn -0.120 -0.924 -0.364
vn 0.243 0.964 0.104
vn 0.105 -0.133 0.986
vn 0.894 0.233 0.383
vn 0.599 0.701 -0.387
vn 0.101 0.280 0.955
vn -0.467 0.286 0.836
vn -0.141 -0.301 0.943
vn -0.088 0.995 0.038
vn 0.155 0.266 0.951
vn -0.207 0.353 0.912
vn 0.248 0.958 -0.145
vn -0.082 0.870 0.487
vn 0.326 0.435 0.839
vn -0.091 0.636 0.767
vn 0.026 0.786 0.618
vn 0.053 0.594 0.803
vn -0.075 0.567 0.820
vn -0.524 -0.563 0.639
vn 0.000 0.000 0.000
vn -0.679 0.022 -0.734
vn 0.859 0.112 -0.499
vn -0.858 -0.097 0.505
vn 0.731 -0.025 0.682
vn 0.178 -0.365 0.914
vn -0.973 -0.230 0.008
vn -0.991 -0.088 -0.105
vn -0.923 -0.347 -0.165
vn 0.000 0.000 0.000
vn -0.642 -0.564 0.520
vn 0.840 -0.372 0.395
vn -0.887 -0.387 0.253
vn 0.856 -0.269 0.442
vn -0.929 -0.311 0.199
vn 0.942 -0.195 0.272
vn -0.115 -0.742 0.660
vn -0.997 -0.078 0.013
vn -0.976 0.204 -0.070
vn -0.781 0.335 -0.528
vn 0.741 0.308 -0.597
vn 0.736 0.671 -0.086
vn 0.000 0.000 0.000
vn 0.000 0.000 0.000
vn -0.632 0.774 -0.042
vn 0.000 0.000 0.000
vn 0.000 0.000 0.000
vn -0.235 0.972 -0.020
vn 0.377 0.714 -0.590
vn -0.340 0.934 -0.106
vn 0.226 -0.919 -0.322
vn 0.732 -0.656 -0.186
vn -0.592 -0.761 -0.265
vn 0.568 0.700 0.432
vn 0.917 0.386 0.101
vn -0.594 -0.134 0.793
vn -0.367 0.922 0.123
vn -0.116 -0.098 0.988
vn -0.385 -0.027 0.923
vn 0.248 -0.112 0.962
vn 0.122 -0.107 0.987
vn -0.558 -0.128 0.820
vn 0.021 -0.170 0.985
vn -0.352 -0.311 0.883
vn 0.321 -0.164 0.933
vn -0.753 -0.350 0.557
vn -0.882 -0.046 0.469
vn 0.892 -0.048 0.450
vn 0.792 -0.287 0.538
vn -0.905 -0.011 0.424
vn -0.926 0.016 0.377
vn -0.875 -0.223 0.428
vn 0.908 0.005 0.420
vn 0.883 -0.178 0.434
vn -0.926 -0.174 0.334
vn 0.899 -0.158 0.409
vn -0.886 0.068 0.459
vn 0.885 0.135 0.445
vn -0.887 0.164 0.431
vn -0.932 -0.002 0.363
vn -0.873 0.152 0.464
vn 0.000 0.000 0.000
vn 0.000 0.000 0.000
vn -0.897 0.139 0.420
vn 0.000 0.000 0.000
vn 0.000 0.000 0.000
vn 0.809 0.107 0.578
vn -0.909 0.007 0.418
vn -0.897 0.172 0.407
vn 0.908 0.177 0.379
vn 0.920 0.390 -0.031
vn -0.748 0.573 -0.335
vn -0.705 0.478 -0.524
vn 0.713 0.520 -0.470
vn 0.767 0.293 -0.571
vn -0.960 0.089 -0.266
vn -0.952 -0.302 -0.049
vn -0.916 -0.281 -0.288
vn -0.966 -0.259 -0.014
vn -0.137 -0.990 0.027
vn -0.074 -0.997 0.034
vn 0.696 0.601 0.394
vn -0.757 -0.551 0.351
vn 0.272 -0.962 0.040
vn 0.094 -0.986 0.135
vn -0.016 -0.760 0.650
vn 0.003 -0.468 0.884
vn -0.229 -0.959 -0.169
vn 0.012 -0.375 0.927
vn 0.599 -0.790 0.130
vn 0.220 0.960 0.175
vn 0.000 0.000 0.000
vn 0.671 0.217 -0.709
vn -0.263 0.965 -0.015
vn 0.282 0.953 -0.106
vn 0.092 0.147 0.985
vn -0.329 0.619 0.713
vn 0.368 0.884 -0.288
vn -0.183 0.965 -0.189
vn -0.162 0.970 0.180
vn -0.207 0.479 0.853
vn -0.133 0.059 0.989
vn -0.022 0.412 0.911
vn 0.093 0.793 0.602
vn 0.030 0.550 0.834
vn 0.000 0.000 0.000
vn -0.711 -0.702 0.043
vn -0.271 -0.946 0.180
vn 0.790 0.026 0.612
vn -0.666 -0.734 -0.133
vn 0.841 0.063 -0.537
vn 0.853 -0.522 -0.030
vn -0.865 -0.501 0.023
vn 0.938 -0.324 0.124
vn 0.000 0.000 0.000
vn -0.982 -0.121 0.147
vn 0.973 -0.181 0.144
vn 0.000 0.000 0.000
vn 0.000 0.000 0.000
vn 0.000 0.000 0.000
vn -0.976 -0.170 0.138
vn -0.993 -0.100 0.067
vn 0.967 -0.191 0.168
vn 0.618 -0.137 0.775
vn -0.808 -0.326 0.491
vn 0.779 0.034 -0.626
vn 0.000 0.000 0.000
vn -0.996 -0.056 0.067
vn -0.346 0.163 -0.924
vn 0.424 0.297 -0.855
vn 0.622 0.118 -0.774
vn -0.741 0.660 -0.127
vn 0.000 0.000 0.000
vn 0.000 0.000 0.000
vn -0.557 0.830 -0.023
vn 0.566 0.823 -0.045
vn 0.354 0.934 -0.039
vn 0.000 0.000 0.000
vn -0.336 -0.938 -0.085
vn 0.016 -0.958 -0.287
vn 0.229 -0.958 -0.172
vn -0.167 -0.959 -0.230
vn -0.154 -0.944 -0.293
vn -0.638 -0.743 -0.203
vn -0.169 -0.209 0.963
vn -0.334 -0.150 0.930
vn 0.210 -0.258 0.943
vn -0.199 -0.199 0.960
vn 0.601 -0.292 0.744
vn -0.579 -0.190 0.793
vn 0.379 -0.167 0.910
vn -0.416 -0.187 0.890
vn 0.423 -0.288 0.859
vn 0.691 -0.103 0.716
vn -0.683 -0.146 0.716
vn -0.856 -0.282 0.434
vn -0.687 -0.273 0.674
vn 0.657 -0.176 0.733
vn 0.851 0.034 0.524
vn 0.908 -0.061 0.414
vn -0.918 -0.054 0.392
vn -0.768 0.062 0.638
vn 0.417 -0.175 0.892
vn -0.314 -0.604 0.733
vn 0.000 0.000 0.000
vn -0.046 -0.759 0.650
vn 0.000 0.000 0.000
vn 0.190 -0.808 0.558
vn 0.019 -0.692 0.722
vn 0.778 0.045 0.627
vn -0.735 -0.018 0.678
vn 0.762 0.020 0.647
vn -0.890 0.239 0.388
vn 0.796 0.605 -0.016
vn -0.860 0.502 -0.086
vn 0.810 0.536 0.236
vn 0.894 0.429 -0.127
vn 0.970 0.084 -0.226
vn -0.928 -0.268 -0.261
vn 0.895 -0.436 -0.093
vn -0.967 -0.254 -0.018
vn 0.934 0.354 -0.044
vn -0.934 0.246 0.260
vn -0.789 -0.435 0.433
vn 0.013 -0.998 -0.057
vn 0.090 -0.995 -0.039
vn -0.097 -0.995 -0.031
vn 0.055 -0.998 -0.003
vn 0.592 0.774 -0.225
vn -0.853 0.263 -0.452
vn -0.430 0.766 -0.478
vn 0.071 -0.619 0.782
vn -0.056 -0.996 0.074
vn -0.168 -0.986 -0.001
vn 0.392 -0.910 -0.134
vn 0.203 0.977 -0.059
vn 0.436 0.370 -0.820
vn -0.282 0.955 0.096
vn 0.511 0.534 0.673
vn -0.046 -0.092 0.995
vn -0.002 0.970 0.241
vn 0.066 0.055 0.996
vn 0.282 0.958 0.042
vn 0.119 0.593 0.797
vn 0.157 0.614 0.774
vn -0.075 0.530 0.845
vn -0.058 0.975 0.214
vn 0.004 0.605 0.796
vn 0.378 -0.925 0.024
vn 0.979 -0.181 0.089
vn 0.000 0.000 0.000
vn 0.976 -0.118 0.182
vn 0.000 0.000 0.000
vn 0.000 0.000 0.000
vn -0.945 -0.103 0.312
vn -0.528 -0.140 0.838
vn 0.939 -0.148 0.311
vn -0.711 -0.089 0.697
vn 0.311 -0.423 0.851
vn -0.954 -0.132 0.268
vn -0.898 0.167 -0.407
vn -0.312 0.319 -0.895
vn 0.603 0.728 -0.327
vn -0.432 0.121 0.894
vn 0.254 0.450 -0.856
vn -0.017 0.507 -0.862
vn 0.297 0.565 -0.770
vn 0.000 0.000 0.000
vn 0.000 0.000 0.000
vn -0.180 0.576 -0.797
vn -0.176 -0.548 0.818
vn 0.000 0.000 0.000
vn 0.114 0.962 0.249
vn 0.223 0.974 0.041
vn 0.000 0.000 0.000
vn 0.905 0.157 0.394
vn 0.027 -0.996 -0.085
vn -0.749 0.642 0.161
vn 0.897 0.435 0.078
vn -0.496 0.766 0.409
vn 0.077 0.773 0.630
vn -0.450 0.671 0.589
vn 0.082 -0.225 0.971
vn 0.000 0.000 0.000
vn -0.262 -0.280 0.924
vn 0.194 -0.277 0.941
vn -0.437 -0.316 0.842
vn -0.032 -0.272 0.962
vn -0.612 -0.303 0.731
vn 0.781 -0.293 0.552
vn 0.349 -0.176 0.920
vn 0.646 -0.114 0.755
vn -0.308 -0.208 0.929
vn 0.262 -0.269 0.927
vn -0.735 -0.081 0.673
vn -0.436 -0.149 0.887
vn 0.510 -0.256 0.821
vn -0.334 -0.217 0.917
vn 0.654 -0.125 0.746
vn -0.648 -0.205 0.733
vn -0.632 -0.062 0.772
vn 0.782 0.006 0.623
vn -0.787 -0.184 0.589
vn 0.617 -0.025 0.787
vn -0.814 -0.011 0.581
vn 0.680 -0.177 0.712
vn -0.842 -0.151 0.517
vn -0.856 0.014 0.517
vn 0.816 0.275 0.508
vn -0.818 0.243 0.521
vn -0.758 0.004 0.652
vn 0.814 0.022 0.580
vn -0.847 0.133 0.515
vn 0.878 0.103 0.468
vn 0.683 0.311 0.661
vn -0.622 0.201 0.756
vn 0.023 -0.906 0.423
vn 0.072 -0.734 0.676
vn 0.741 0.116 0.662
vn 0.075 -0.545 0.835
vn 0.581 0.096 0.809
vn -0.902 0.417 0.115
vn -0.865 0.500 -0.039
vn 0.953 -0.300 0.046
vn 0.975 -0.187 0.117
vn -0.986 -0.168 0.000
vn 0.992 -0.001 -0.126
vn -0.318 0.942 -0.110
vn 0.222 -0.408 -0.886
vn 0.693 0.720 0.032
vn -0.992 0.121 -0.026
vn 0.866 0.498 0.057
vn -0.051 -0.999 0.017
vn -0.719 0.589 0.369
vn -0.094 -0.995 -0.009
vn 0.853 -0.258 0.453
vn -0.182 0.983 0.039
vn -0.432 0.228 0.873
vn 0.119 0.976 0.182
vn -0.939 -0.182 0.293
vn 0.131 0.902 0.412
vn -0.227 0.883 0.412
vn -0.476 -0.879 -0.028
vn 0.000 0.000 0.000
vn 0.950 -0.302 0.079
vn 0.000 0.000 0.000
vn 0.000 0.000 0.000
vn 0.000 0.000 0.000
vn 0.000 0.000 0.000
vn 0.000 0.000 0.000
vn 0.000 0.000 0.000
vn 0.896 -0.062 0.439
vn 0.000 0.000 0.000
vn 0.000 0.000 0.000
vn -0.869 -0.167 0.466
vn -0.593 -0.305 0.745
vn -0.253 -0.774 0.581
vn 0.613 -0.271 0.742
vn 0.665 -0.207 0.717
vn 0.000 0.000 0.000
vn -0.790 0.554 -0.264
vn 0.273 -0.153 0.950
vn -0.479 -0.059 0.876
vn 0.796 0.559 0.230
vn -0.794 0.594 0.129
vn -0.479 -0.271 0.835
vn 0.771 0.616 0.160
vn -0.471 0.040 0.881
vn 0.864 0.001 0.503
vn -0.678 0.236 -0.696
vn 0.895 0.430 0.123
vn -0.303 0.183 0.935
vn -0.897 -0.439 -0.050
vn -0.180 -0.306 -0.935
vn -0.222 0.950 0.217
vn -0.020 0.937 0.348
vn -0.385 0.908 0.164
vn -0.411 0.909 0.064
vn -0.094 0.944 0.317
vn 0.043 0.951 0.306
vn 0.078 -0.995 -0.063
vn 0.372 -0.888 -0.270
vn -0.111 -0.991 -0.071
vn 0.596 -0.775 -0.209
vn 0.760 -0.649 -0.033
vn -0.945 -0.250 -0.210
vn -0.958 0.268 0.098
vn 0.664 0.672 0.328
vn 0.000 0.000 0.000
vn -0.303 -0.245 0.921
vn 0.051 -0.263 0.963
vn 0.174 -0.247 0.953
vn 0.390 -0.143 0.910
vn -0.670 -0.194 0.717
vn 0.752 -0.177 0.635
vn 0.586 -0.017 0.810
vn -0.449 -0.081 0.890
vn 0.798 0.005 0.603
vn -0.622 -0.015 0.783
vn -0.751 -0.165 0.639
vn 0.836 -0.116 0.536
vn -0.836 -0.082 0.543
vn -0.660 -0.062 0.748
vn 0.766 -0.037 0.642
vn 0.634 0.213 0.744
vn -0.682 0.232 0.693
vn 0.582 0.107 0.806
vn -0.536 0.223 0.814
vn 0.349 0.179 0.920
vn -0.570 0.132 0.811
vn 0.708 0.137 0.693
vn -0.685 0.140 0.715
vn -0.229 -0.231 0.946
vn -0.571 0.203 0.796
vn -0.132 -0.611 0.781
vn 0.617 0.100 0.780
vn -0.642 0.026 0.766
vn -0.234 -0.024 0.972
vn 0.049 -0.253 0.966
vn -0.111 -0.299 0.948
vn 0.109 -0.283 0.953
vn 0.600 -0.077 0.796
vn -0.793 0.304 0.528
vn -0.795 0.536 0.284
vn 0.929 -0.127 0.347
vn 0.975 -0.187 0.119
vn -0.908 0.363 0.208
vn 0.943 0.333 -0.011
vn 0.000 0.000 0.000
vn 0.910 0.413 -0.025
vn 0.204 -0.907 -0.369
vn 0.084 -0.965 0.250
vn -0.481 0.752 0.451
vn -0.135 0.080 0.988
vn -0.174 0.984 -0.026
vn 0.007 0.653 0.758
vn 0.199 0.710 0.676
vn 0.085 -0.995 -0.056
vn 0.333 0.870 0.365
vn 0.000 0.000 0.000
vn -0.361 0.910 0.204
vn 0.406 -0.019 0.914
vn -0.753 -0.413 0.512
vn 0.000 0.000 0.000
vn 0.106 -0.377 0.920
vn -0.671 -0.216 0.709
vn -0.435 0.348 -0.830
vn 0.096 -0.949 0.301
vn 0.268 -0.963 0.024
vn -0.714 0.340 -0.612
vn -0.091 0.632 -0.769
vn -0.883 0.280 -0.377
vn 0.491 -0.176 -0.854
vn 0.000 0.000 0.000
vn 0.081 0.732 -0.677
vn -0.592 -0.806 -0.024
vn 0.000 0.000 0.000
vn -0.828 -0.560 -0.022
vn 0.875 -0.475 -0.094
vn 0.000 0.000 0.000
vn 0.000 0.000 0.000
vn 0.000 0.000 0.000
vn 0.000 0.000 0.000
vn 0.000 0.000 0.000
vn 0.985 -0.081 0.154
vn -0.984 -0.153 0.090
vn 0.000 0.000 0.000
vn 0.000 0.000 0.000
vn 0.972 -0.030 0.234
vn -0.939 0.153 0.309
vn -0.654 0.275 0.705
vn 0.000 0.000 0.000
vn 0.000 0.000 0.000
vn 0.000 0.000 0.000
vn 0.572 0.247 0.782
vn 0.652 0.089 0.753
vn 0.000 0.000 0.000
vn 0.000 0.000 0.000
vn -0.602 0.286 0.746
vn 0.041 0.268 0.962
vn 0.212 0.852 -0.480
vn 0.766 0.474 0.434
vn -0.938 0.325 -0.121
vn 0.000 0.000 0.000
vn 0.939 0.220 0.264
vn 0.378 -0.019 0.926
vn -0.394 0.918 0.050
vn 0.310 0.925 0.221
vn 0.109 0.610 -0.785
vn -0.159 0.965 0.210
vn 0.768 -0.369 -0.524
vn 0.882 -0.321 -0.346
vn 0.632 0.556 -0.540
vn 0.378 -0.728 0.572
vn 0.911 -0.345 0.224
vn -0.988 -0.145 -0.053
vn 0.022 0.896 0.444
vn -0.539 0.805 0.247
vn -0.323 0.859 0.398
vn -0.026 0.861 0.507
vn -0.136 -0.102 0.985
vn -0.103 -0.191 0.976
vn -0.047 -0.274 0.961
vn 0.113 -0.146 0.983
vn -0.254 -0.142 0.957
vn 0.369 -0.186 0.910
vn 0.412 -0.170 0.895
vn -0.617 -0.154 0.772
vn 0.436 -0.099 0.894
vn -0.367 -0.052 0.929
vn 0.697 -0.178 0.695
vn 0.364 -0.080 0.928
vn -0.578 -0.134 0.805
vn -0.396 -0.128 0.909
vn -0.449 0.008 0.893
vn 0.696 -0.177 0.696
vn -0.523 -0.070 0.850
vn 0.403 -0.015 0.915
vn 0.693 0.012 0.721
vn -0.723 0.043 0.690
vn 0.685 -0.127 0.718
vn 0.443 0.055 0.895
vn 0.740 0.086 0.667
vn -0.304 0.044 0.952
vn -0.363 0.164 0.917
vn 0.373 0.054 0.926
vn -0.545 0.039 0.838
vn -0.547 0.270 0.792
vn -0.286 0.290 0.913
vn 0.585 0.267 0.766
vn -0.034 0.141 0.989
vn 0.304 0.071 0.950
vn -0.294 0.062 0.954
vn 0.048 0.154 0.987
vn 0.011 -0.055 0.998
vn -0.183 -0.337 0.923
vn 0.144 -0.444 0.884
vn 0.359 -0.101 0.928
vn -0.494 -0.131 0.859
vn -0.371 -0.251 0.894
vn -0.707 -0.035 0.706
vn 0.769 0.149 0.621
vn 0.905 0.115 0.409
vn -0.925 -0.235 0.297
vn 0.964 -0.267 0.015
vn 0.896 0.389 0.213
vn 0.030 1.000 0.002
vn -0.955 -0.297 0.003
vn 0.034 -0.999 0.038
vn 0.000 0.000 0.000
vn -0.362 0.932 0.024
vn -0.024 0.621 0.784
vn -0.217 0.774 0.595
vn -0.048 0.669 0.742
vn 0.188 0.978 0.088
vn 0.000 0.000 0.000
vn 0.650 -0.576 0.496
vn 0.000 0.000 0.000
vn -0.245 0.862 0.444
vn 0.267 0.929 0.257
vn 0.000 0.000 0.000
vn -0.380 -0.755 -0.534
vn 0.517 0.284 -0.807
vn 0.423 -0.898 0.121
vn -0.945 -0.102 0.310
vn 0.082 -0.953 -0.290
vn 0.000 0.000 0.000
vn 0.200 -0.714 0.671
vn 0.082 -0.953 -0.290
vn 0.979 -0.161 0.126
vn 0.990 -0.062 0.123
vn -0.790 -0.610 -0.071
vn 0.960 0.024 0.278
vn 0.849 -0.195 0.490
vn -0.964 -0.178 0.196
vn 0.000 0.000 0.000
vn -0.996 -0.001 -0.091
vn 0.000 0.000 0.000
vn 0.000 0.000 0.000
vn -0.958 -0.211 0.195
vn -0.865 -0.172 0.472
vn 0.976 -0.195 0.097
vn -0.997 -0.072 0.032
vn 0.000 0.000 0.000
vn 0.642 0.051 -0.765
vn -0.571 0.177 -0.802
vn 0.860 0.057 0.508
vn 0.874 0.033 0.485
vn -0.819 -0.016 0.573
vn 0.884 0.277 0.376
vn -0.711 0.432 0.555
vn 0.288 0.558 -0.778
vn 0.000 0.000 0.000
vn 0.399 0.798 0.453
vn -0.881 0.409 0.240
vn -0.435 0.824 0.364
vn -0.163 -0.360 0.918
vn -0.652 0.387 0.652
vn 0.910 0.081 -0.407
vn 0.529 0.258 -0.808
vn -0.430 0.838 0.334
vn 0.359 0.917 0.175
vn -0.864 0.070 0.499
vn 0.017 0.107 0.994
vn -0.866 0.277 0.417
vn 0.754 0.590 -0.289
vn -0.073 0.987 0.142
vn 0.000 0.000 0.000
vn -0.363 -0.932 -0.018
vn 0.226 -0.963 -0.145
vn 0.881 -0.437 -0.182
vn 0.984 0.172 -0.041
vn 0.055 -0.182 0.982
vn 0.086 -0.207 0.974
vn 0.090 -0.142 0.986
vn -0.355 -0.214 0.910
vn -0.109 -0.168 0.980
vn -0.155 -0.103 0.983
vn 0.262 -0.182 0.948
vn 0.433 -0.124 0.893
vn 0.197 -0.052 0.979
vn -0.349 -0.070 0.935
vn 0.473 -0.104 0.875
vn -0.745 0.140 0.653
vn -0.495 0.100 0.863
vn 0.211 0.049 0.976
vn 0.375 0.167 0.912
vn 0.064 0.077 0.995
vn -0.051 0.127 0.991
vn 0.330 0.279 0.902
vn 0.107 0.207 0.972
vn -0.341 0.237 0.910
vn -0.248 -0.255 0.935
vn -0.151 -0.441 0.885
vn 0.145 -0.554 0.820
vn 0.251 -0.293 0.922
vn -0.594 -0.073 0.801
vn -0.758 0.201 0.620
vn 0.753 0.301 0.585
vn -0.728 0.356 0.586
vn 0.806 0.343 0.482
vn -0.884 0.169 0.437
vn 0.529 0.111 0.842
vn -0.626 -0.114 0.771
vn -0.882 -0.362 0.302
vn -0.996 0.086 0.037
vn 0.017 0.645 0.764
vn 0.000 0.000 0.000
vn 0.059 -0.998 -0.011
vn 0.000 0.000 0.000
vn -0.620 0.781 0.078
vn -0.280 0.042 0.959
vn 0.030 -0.990 -0.138
vn -0.042 -0.942 0.334
vn -0.294 -0.798 0.526
vn 0.043 -0.998 -0.035
vn 0.558 0.315 0.768
vn 0.081 -0.697 0.712
vn 0.277 0.290 0.916
vn -0.568 -0.383 -0.728
vn -0.028 -1.000 0.009
vn -0.384 0.072 -0.921
vn 0.009 -0.967 -0.254
vn -0.660 0.549 -0.512
vn 0.331 -0.820 -0.468
vn -0.426 -0.098 0.899
vn 0.600 -0.385 -0.701
vn 0.208 0.084 -0.975
vn 0.142 -0.198 -0.970
vn 0.187 -0.747 0.638
vn -0.454 -0.838 0.303
vn 0.542 -0.830 0.128
vn 0.407 -0.268 0.873
vn 0.295 0.599 -0.745
vn 0.644 0.207 -0.737
vn 0.579 -0.748 0.323
vn 0.642 -0.758 -0.111
vn 0.707 -0.702 -0.080
vn 0.082 -0.953 -0.290
vn -0.683 -0.630 -0.369
vn 0.286 0.267 -0.920
vn -0.838 -0.174 0.518
vn 0.951 -0.158 -0.265
vn -0.983 0.083 -0.165
vn -0.684 -0.011 0.730
vn -0.930 -0.328 0.165
vn 0.047 0.983 -0.175
vn 0.000 0.000 0.000
vn 0.936 -0.218 0.278
vn 0.000 0.000 0.000
vn -0.999 -0.046 -0.001
vn 0.000 0.000 0.000
vn 0.582 0.809 0.077
vn -0.048 0.145 0.988
vn 0.215 0.680 0.701
vn 0.965 0.160 0.208
vn -0.201 0.111 0.973
vn 0.000 0.000 0.000
vn -0.948 0.297 0.116
vn -0.691 -0.534 -0.486
vn 0.562 -0.294 0.774
vn -0.813 -0.374 -0.446
vn -0.427 0.465 -0.775
vn -0.270 0.368 -0.890
vn 0.350 0.339 -0.873
vn -0.817 0.244 0.522
vn 0.332 0.418 -0.845
vn -0.326 0.735 -0.595
vn 0.463 0.638 0.616
vn 0.851 -0.399 0.341
vn -0.429 0.750 0.503
vn 0.400 0.902 -0.164
vn -0.153 0.948 -0.278
vn 0.000 0.000 0.000
vn -0.886 -0.140 0.442
vn 0.093 0.968 0.234
vn 0.010 0.702 0.712
vn 0.495 0.710 0.501
vn -0.741 0.196 0.643
vn -0.435 0.292 0.852
vn 0.173 0.728 0.663
vn -0.042 0.567 0.823
vn -0.181 0.938 0.294
vn 0.511 0.215 0.832
vn 0.384 -0.456 0.803
vn 0.291 0.661 0.692
vn -0.395 0.461 -0.795
vn 0.000 0.000 0.000
vn -0.447 -0.894 -0.016
vn 0.058 -0.998 0.013
vn 0.459 0.793 0.400
vn 0.796 0.588 0.144
vn -0.000 0.892 0.453
vn 0.079 -0.148 0.986
vn -0.249 -0.063 0.966
vn 0.034 -0.052 0.998
vn 0.010 -0.034 0.999
vn -0.211 -0.016 0.977
vn -0.109 -0.040 0.993
vn 0.149 -0.008 0.989
vn -0.171 0.010 0.985
vn -0.301 0.057 0.952
vn 0.003 0.017 1.000
vn 0.280 0.046 0.959
vn -0.047 0.177 0.983
vn -0.060 -0.454 0.889
vn -0.046 -0.551 0.833
vn 0.135 -0.438 0.889
vn -0.198 -0.357 0.913
vn -0.205 -0.272 0.940
vn 0.484 -0.128 0.866
vn 0.345 -0.154 0.926
vn -0.471 0.042 0.881
vn 0.543 0.049 0.838
vn 0.571 0.201 0.796
vn -0.545 0.182 0.819
vn 0.730 -0.278 0.624
vn -0.947 -0.248 0.206
vn 0.921 -0.295 0.255
vn -0.772 -0.230 0.592
vn 0.955 -0.128 0.266
vn -0.067 0.746 0.662
vn -0.089 0.694 0.714
vn -0.022 -0.999 0.039
vn 0.256 -0.957 -0.136
vn 0.000 0.000 0.000
vn -0.390 0.831 0.397
vn -0.367 -0.930 0.018
vn 0.000 0.000 0.000
vn 0.000 0.000 0.000
vn -0.649 0.494 0.579
vn 0.171 0.899 0.403
vn 0.000 0.000 0.000
vn 0.000 0.000 0.000
vn 0.009 -0.967 -0.254
vn -0.004 -0.999 -0.044
vn 0.608 -0.633 -0.480
vn -0.859 0.288 -0.423
vn -0.306 -0.220 -0.926
vn 0.516 0.619 -0.592
vn 0.229 0.212 0.950
vn -0.897 -0.095 0.432
vn -0.166 -0.986 -0.031
vn 0.797 0.423 0.431
vn -0.490 0.348 0.799
vn 0.000 0.000 0.000
vn -0.555 -0.410 0.723
vn -0.153 0.975 -0.160
vn 0.215 -0.976 -0.025
vn 0.000 0.000 0.000
vn 0.737 -0.670 0.086
vn -0.841 0.327 -0.431
vn 0.984 0.096 0.152
vn 0.002 0.393 0.919
vn -0.987 -0.074 -0.145
vn -0.185 -0.111 0.976
vn 0.000 0.000 0.000
vn 0.296 -0.143 -0.944
vn 0.671 -0.679 -0.297
vn 0.725 0.380 0.574
vn 0.968 -0.034 0.249
vn -0.227 -0.059 0.972
vn -0.879 -0.011 0.476
vn 0.000 0.000 0.000
vn 0.000 0.000 0.000
vn 0.185 0.138 0.973
vn 0.000 0.000 0.000
vn 0.460 -0.764 0.453
vn 0.226 0.447 0.865
vn -0.013 -1.000 0.015
vn -0.303 0.283 0.910
vn -0.219 -0.939 -0.264
vn 0.000 0.000 0.000
vn 0.129 -0.281 0.951
vn 0.851 0.014 0.525
vn -0.364 -0.508 0.781
vn 0.089 -0.699 0.710
vn -0.717 -0.380 0.585
vn 0.812 -0.193 0.551
vn 0.437 -0.866 0.245
vn -0.413 0.367 -0.834
vn 0.659 0.586 0.472
vn -0.872 -0.416 -0.256
vn -0.822 0.424 0.381
vn 0.727 0.635 0.259
vn -0.903 -0.034 0.428
vn -0.665 0.406 0.626
vn -0.683 0.686 0.251
vn 0.228 0.741 0.631
vn 0.473 0.628 -0.617
vn -0.538 0.585 0.607
vn 0.566 0.584 0.582
vn -0.669 -0.165 0.725
vn -0.387 0.659 0.645
vn -0.529 -0.258 0.809
vn -0.011 1.000 -0.009
vn -0.309 0.898 0.314
vn 0.049 0.999 0.012
vn 0.274 0.890 0.364
vn 0.380 -0.924 -0.034
vn -0.890 0.367 0.269
vn -0.437 0.796 0.419
vn 0.289 0.873 0.393
vn -0.713 0.610 0.345
vn 0.255 -0.341 0.905
vn 0.129 -0.318 0.939
vn -0.273 -0.159 0.949
vn -0.240 -0.020 0.970
vn -0.570 0.181 0.802
vn -0.618 -0.392 0.682
vn 0.586 -0.171 0.792
vn -0.743 -0.353 0.568
vn -0.921 -0.227 0.317
vn -0.965 -0.063 0.255
vn 0.841 0.055 0.539
vn -0.840 0.248 0.484
vn -0.095 0.612 0.785
vn 0.000 0.000 0.000
vn 0.081 0.771 0.631
vn 0.000 0.000 0.000
vn 0.000 0.000 0.000
vn 0.000 0.000 0.000
vn 0.000 0.000 0.000
vn 0.000 0.000 0.000
vn -0.139 -0.951 -0.276
vn 0.507 0.820 0.266
vn 0.007 -0.999 0.050
vn 0.881 0.406 -0.244
vn 0.892 0.008 -0.452
vn -0.549 0.618 0.564
vn -0.133 -0.959 0.250
vn -0.535 0.407 0.740
vn -0.261 0.767 0.586
vn 0.078 0.715 0.695
vn -0.001 0.065 -0.998
vn 0.644 0.069 0.762
vn 0.452 0.768 0.455
vn -0.884 0.366 0.290
vn -0.649 -0.594 0.476
vn -0.690 -0.054 -0.722
vn -0.744 -0.053 0.666
vn 0.183 0.556 0.811
vn 0.027 0.660 -0.751
vn 0.577 -0.272 0.770
vn 0.000 0.000 0.000
vn 0.677 0.243 0.695
vn 0.463 -0.271 0.844
vn -0.348 -0.192 0.918
vn -0.122 0.084 0.989
vn -0.874 -0.150 0.463
vn -0.781 -0.272 0.562
vn 0.221 -0.312 -0.924
vn 0.000 0.000 0.000
vn 0.246 -0.098 0.964
vn -0.583 -0.287 0.760
vn 0.763 -0.644 0.054
vn -0.996 -0.013 -0.087
vn 0.408 -0.052 0.911
vn 0.071 0.987 -0.146
vn -0.289 0.893 -0.344
vn 0.879 0.158 -0.450
vn -0.071 -0.987 0.147
vn 0.467 0.373 -0.802
vn -0.936 0.123 0.331
vn 0.893 0.254 0.371
vn -0.865 -0.037 -0.501
vn -0.204 -0.129 -0.970
vn 0.118 -0.798 -0.591
vn -0.039 -0.999 -0.009
vn 0.694 0.208 -0.689
vn -0.801 -0.598 -0.026
vn -0.949 -0.280 -0.149
vn 0.722 0.094 -0.685
vn 0.639 0.189 0.746
vn -0.198 -0.336 0.921
vn 0.352 -0.293 0.889
vn -0.780 0.026 0.626
vn 0.773 -0.059 0.632
vn 0.514 0.016 0.858
vn 0.513 0.392 -0.764
vn 0.749 0.193 0.634
vn -0.222 0.163 0.961
vn -0.511 0.798 0.319
vn -0.357 0.511 -0.782
vn -0.583 0.531 0.616
vn 0.670 0.546 0.503
vn -0.115 0.555 0.824
vn -0.370 0.694 0.618
vn -0.535 0.684 0.495
vn 0.020 0.765 0.644
vn -0.330 0.313 -0.890
vn 0.000 0.000 0.000
vn 0.000 0.000 0.000
vn -0.219 -0.834 0.506
vn -0.292 -0.956 -0.024
vn -0.967 -0.008 0.253
vn 0.928 0.169 0.332
vn -0.038 0.929 0.367
vn -0.104 0.895 0.434
vn 0.237 0.885 0.402
vn -0.051 -0.360 0.932
vn -0.152 -0.305 0.940
vn -0.128 -0.091 0.988
vn 0.173 -0.149 0.974
vn 0.285 0.010 0.959
vn 0.344 0.077 0.936
vn 0.111 0.008 0.994
vn -0.382 0.104 0.918
vn -0.202 0.054 0.978
vn -0.060 0.005 0.998
vn 0.247 0.059 0.967
vn 0.042 0.018 0.999
vn -0.288 -0.027 0.957
vn 0.212 -0.115 0.970
vn -0.253 -0.282 0.925
vn 0.331 -0.269 0.905
vn 0.788 -0.320 0.526
vn 0.839 -0.260 0.477
vn -0.086 0.455 0.886
vn 0.164 0.614 0.772
vn 0.579 0.701 0.417
vn -0.565 0.564 0.602
vn 0.090 0.711 0.698
vn 0.592 -0.732 -0.338
vn 0.738 -0.618 0.272
vn 0.087 0.917 0.388
vn -0.112 -0.994 0.014
vn 0.635 -0.726 0.263
vn 0.988 -0.110 0.112
vn -0.719 -0.693 0.060
vn -0.375 -0.917 0.134
vn -0.226 0.955 0.191
vn 0.361 0.860 0.361
vn 0.329 -0.017 -0.944
vn -0.425 -0.696 0.578
vn -0.098 -0.930 -0.354
vn 0.748 -0.463 -0.476
vn -0.766 -0.599 -0.235
vn 0.224 0.494 0.840
vn 0.306 -0.944 0.119
vn 0.587 -0.452 -0.672
vn -0.824 -0.348 -0.448
vn -0.197 0.931 -0.308
vn 0.559 -0.250 0.790
vn -0.557 -0.050 0.829
vn -0.002 0.519 -0.855
vn 0.798 -0.243 0.551
vn -0.002 -0.249 -0.968
vn 0.545 -0.838 -0.000
vn 0.711 -0.665 -0.228
vn -0.473 -0.501 0.725
vn 0.470 -0.268 -0.841
vn 0.705 -0.017 -0.709
vn 0.940 -0.247 -0.236
vn -0.803 -0.108 -0.586
vn 0.162 0.770 -0.617
vn -0.439 0.265 0.859
vn 0.297 0.954 -0.035
vn -0.965 -0.253 -0.063
vn 0.276 -0.924 0.264
vn -0.429 0.468 0.773
vn -0.057 -0.258 0.964
vn -0.068 -0.436 -0.897
vn 0.220 0.611 0.760
vn -0.170 0.408 0.897
vn 0.741 0.064 0.669
vn -0.717 0.145 -0.682
vn 0.630 -0.117 -0.768
vn -0.117 0.633 0.765
vn -0.526 0.195 -0.828
vn -0.020 -0.669 -0.743
vn -0.609 0.452 -0.652
vn 0.703 0.299 -0.645
vn 0.106 -0.594 -0.798
vn 0.000 0.000 0.000
vn -0.038 -0.344 0.938
vn 0.149 -0.493 0.857
vn -0.574 -0.026 0.819
vn -0.278 -0.513 0.812
vn 0.075 0.614 0.786
vn -0.646 0.331 0.688
vn 0.952 0.283 0.113
vn 0.867 -0.226 -0.445
vn -0.134 -0.068 0.989
vn 0.292 -0.222 0.930
vn 0.116 0.916 0.385
vn 0.605 0.372 0.704
vn 0.553 0.161 0.818
vn 0.276 0.375 -0.885
vn 0.853 -0.163 0.495
vn 0.569 -0.313 -0.761
vn 0.827 0.049 -0.560
vn -0.357 0.525 0.773
vn 0.153 0.486 0.860
vn -0.129 0.358 0.925
vn -0.398 0.344 -0.850
vn -0.211 0.089 -0.973
vn 0.606 -0.437 0.665
vn -0.187 0.588 -0.787
vn 0.629 0.300 -0.717
vn -0.264 0.672 0.692
vn 0.396 0.752 0.527
vn -0.104 0.101 -0.989
vn 0.598 -0.336 0.727
vn 0.122 0.991 -0.056
vn 0.000 0.000 0.000
vn 0.000 0.000 0.000
vn 0.000 0.000 0.000
vn -0.153 -0.988 0.028
vn 0.618 -0.745 0.251
vn 0.004 -0.176 0.984
vn 0.057 -0.039 0.998
vn -0.073 0.003 0.997
vn -0.053 -0.157 0.986
vn 0.433 -0.302 0.849
vn -0.551 -0.235 0.801
vn -0.758 -0.122 0.641
vn 0.855 -0.150 0.496
vn -0.221 0.640 0.736
vn -0.979 0.018 -0.204
vn 0.985 0.087 0.151
vn 0.762 0.235 0.604
vn 0.124 0.871 0.475
vn -0.987 -0.155 0.034
vn -0.101 -0.685 0.721
vn 0.213 0.936 0.281
vn -0.255 0.841 0.476
vn 0.505 0.845 -0.176
vn -0.690 0.724 -0.002
vn -0.446 0.145 -0.883
vn 0.573 0.582 0.577
vn -0.730 -0.127 -0.671
vn 0.123 0.957 0.264
vn 0.709 -0.423 -0.565
vn -0.762 0.642 -0.083
vn -0.753 -0.479 0.452
vn -0.800 0.395 0.452
vn 0.900 0.303 0.313
vn 0.185 -0.677 0.713
vn 0.868 -0.412 -0.277
vn -0.789 -0.423 0.446
vn -0.553 -0.279 0.785
vn 0.305 0.941 -0.145
vn 0.548 -0.364 0.753
vn 0.000 0.000 0.000
vn 0.872 -0.324 -0.368
vn 0.000 0.000 0.000
vn 0.000 0.000 0.000
vn -0.866 -0.390 0.312
vn 0.983 -0.106 -0.149
vn -0.840 -0.361 0.405
vn 0.000 0.000 0.000
vn -0.144 0.080 -0.986
vn 0.359 -0.098 -0.928
vn 0.902 -0.416 0.116
vn -0.132 0.507 -0.852
vn 0.036 0.162 -0.986
vn -0.303 -0.236 0.923
vn 0.157 -0.063 0.986
vn 0.641 0.502 -0.581
vn -0.508 -0.723 -0.468
vn -0.017 0.206 -0.978
vn 0.148 -0.413 0.899
vn 0.020 0.314 0.949
vn -0.095 0.271 -0.958
vn 0.693 0.697 0.185
vn 0.719 0.174 0.672
vn -0.568 0.733 -0.374
vn 0.666 0.343 -0.663
vn -0.501 -0.057 0.864
vn 0.752 0.626 0.207
vn -0.700 0.398 0.592
vn 0.359 0.504 0.786
vn 0.115 -0.037 -0.993
vn -0.261 0.583 0.769
vn -0.531 0.000 -0.848
vn 0.816 0.044 -0.577
vn -0.233 -0.680 -0.695
vn -0.736 0.296 -0.608
vn 0.135 0.715 -0.686
vn 0.914 0.144 -0.378
vn 0.418 -0.526 -0.741
vn 0.058 -0.459 0.887
vn -0.673 0.390 -0.629
vn 0.927 0.129 -0.352
vn -0.659 -0.012 0.752
vn 0.996 0.016 0.083
vn -0.989 -0.002 0.151
vn -0.220 -0.641 0.735
vn 0.870 0.209 0.448
vn 0.936 0.082 0.342
vn 0.389 0.252 0.886
vn -0.126 -0.192 0.973
vn -0.543 0.465 0.699
vn 0.000 0.000 0.000
vn -0.273 0.465 0.842
vn -0.476 0.567 0.672
vn 0.205 0.506 0.838
vn -0.819 -0.425 0.386
vn -0.160 0.756 0.634
vn -0.322 0.461 0.827
vn 0.555 0.529 0.642
vn -0.780 0.147 0.608
vn 0.444 0.753 0.487
vn 0.513 -0.470 0.718
vn 0.862 0.117 -0.492
vn -0.078 0.709 -0.701
vn 0.918 -0.376 -0.128
vn 0.686 0.324 0.651
vn -0.099 -0.574 0.813
vn -0.057 0.391 0.919
vn -0.610 0.657 0.443
vn 0.493 0.053 -0.869
vn -0.930 0.223 0.292
vn 0.440 -0.146 -0.886
vn -0.891 0.363 0.272
vn 0.000 0.000 0.000
vn 0.798 0.176 0.577
vn 0.000 0.000 0.000
vn 0.000 0.000 0.000
vn -0.648 0.078 -0.758
vn 0.503 -0.026 0.864
vn -0.002 -0.491 0.871
vn 0.000 0.000 0.000
vn 0.035 0.649 0.760
vn 0.046 -0.998 0.032
vn 0.705 0.626 0.333
vn 0.042 -0.248 0.968
vn -0.300 -0.353 0.886
vn -0.029 -0.235 0.972
vn -0.425 -0.274 0.863
vn 0.102 -0.202 0.974
vn 0.141 0.123 0.982
vn -0.097 0.113 0.989
vn 0.497 0.079 0.864
vn 0.232 0.413 0.881
vn -0.230 0.513 0.827
vn 0.165 0.601 0.782
vn -0.300 -0.892 -0.339
vn 0.675 -0.724 0.143
vn -0.664 0.419 0.620
vn 0.767 0.625 0.148
vn 0.449 -0.372 0.813
vn -0.112 -0.994 0.014
vn 0.136 -0.964 0.228
vn 0.454 0.889 -0.067
vn 0.186 -0.412 0.892
vn -0.598 -0.340 0.726
vn 0.648 0.608 -0.459
vn -0.311 -0.642 0.701
vn 0.424 -0.761 0.491
vn 0.083 0.664 0.743
vn 0.711 -0.203 0.673
vn -0.451 -0.292 0.843
vn -0.736 0.304 0.605
vn 0.143 -0.862 0.486
vn -0.322 -0.565 0.760
vn -0.391 0.839 0.378
vn 0.594 -0.504 0.627
vn 0.040 -0.880 0.474
vn -0.124 -0.860 0.495
vn 0.842 -0.379 0.385
vn 0.826 0.338 0.451
vn -0.127 0.257 0.958
vn -0.403 0.204 0.892
vn -0.857 -0.140 0.497
vn 0.610 -0.454 -0.649
vn 0.349 -0.064 0.935
vn -0.777 0.629 -0.022
vn 0.973 -0.190 0.131
vn 0.689 -0.297 -0.661
vn -0.461 0.160 0.873
vn 0.481 0.031 0.876
vn -0.977 0.205 0.051
vn -0.678 -0.303 -0.670
vn -0.143 0.091 0.986
vn -0.610 -0.171 0.773
vn 0.282 0.311 0.908
vn 0.526 0.070 -0.848
vn -0.193 -0.112 -0.975
vn 0.229 -0.246 0.942
vn 0.721 -0.676 -0.150
vn 0.020 -0.789 -0.615
vn -0.751 0.086 0.654
vn -0.954 0.091 -0.285
vn 0.646 0.615 -0.452
vn -0.510 0.482 -0.713
vn -0.784 0.507 0.357
vn -0.108 0.538 -0.836
vn 0.622 0.049 0.781
vn 0.585 -0.417 0.696
vn 0.867 -0.226 -0.445
vn -0.346 0.318 0.883
vn 0.029 0.514 -0.858
vn -0.204 0.225 0.953
vn 0.118 0.395 0.911
vn 0.258 0.476 -0.841
vn 0.043 -0.529 0.847
vn -0.412 0.063 -0.909
vn -0.855 0.218 0.471
vn -0.148 -0.440 -0.886
vn -0.354 0.930 -0.096
vn -0.304 -0.184 0.935
vn 0.523 0.789 0.324
vn -0.359 0.106 0.927
vn -0.684 -0.178 -0.707
vn 0.961 -0.128 -0.244
vn 0.183 0.023 -0.983
vn -0.112 0.469 -0.876
vn 0.000 0.000 0.000
vn 0.183 0.023 -0.983
vn 0.000 0.000 0.000
vn -0.222 0.221 -0.950
vn 0.000 0.000 0.000
vn 0.503 -0.026 0.864
vn -0.916 -0.028 0.400
vn -0.904 0.266 0.334
vn -0.061 -0.995 0.075
vn 0.125 -0.980 0.152
vn 0.709 -0.693 0.131
vn 0.311 0.758 0.573
vn 0.595 0.373 0.712
vn -0.107 -0.182 0.977
vn 0.007 -0.066 0.998
vn -0.006 -0.130 0.992
vn -0.097 -0.162 0.982
vn 0.113 -0.258 0.960
vn 0.620 -0.278 0.734
vn -0.294 -0.118 0.949
vn -0.277 0.258 0.926
vn -0.021 0.438 0.899
vn 0.446 0.519 0.729
vn -0.544 -0.839 0.031
vn -0.936 0.308 -0.169
vn -0.335 0.854 0.399
vn -0.448 -0.887 0.114
vn 0.855 -0.018 0.518
vn 0.317 -0.948 0.003
vn -0.849 0.164 0.502
vn -0.989 0.145 0.043
vn 0.830 0.285 0.479
vn 0.766 -0.625 0.150
vn -0.556 0.466 0.688
vn 0.639 0.266 0.722
vn 0.407 -0.341 0.847
vn 0.336 -0.168 0.927
vn -0.221 -0.476 0.851
vn 0.183 -0.832 0.524
vn -0.491 -0.190 0.850
vn 0.310 -0.686 0.658
vn -0.428 0.141 0.893
vn 0.453 -0.366 0.813
vn -0.610 -0.325 0.722
vn 0.612 0.696 0.376
vn 0.573 0.304 0.761
vn -0.483 -0.119 0.868
vn 0.241 0.114 0.964
vn -0.723 0.601 0.341
vn 0.622 0.663 0.418
vn 0.255 -0.765 -0.592
vn -0.054 -0.556 -0.830
vn 0.125 0.153 0.980
vn 0.368 -0.701 -0.612
vn 0.035 -0.677 -0.735
vn -0.740 -0.222 -0.635
vn -0.026 0.767 0.641
vn -0.106 -0.708 0.698
vn -0.670 0.737 0.091
vn 0.412 0.563 -0.716
vn 0.495 -0.021 0.869
vn -0.954 0.264 0.140
vn 0.826 0.450 -0.338
vn -0.743 0.472 -0.474
vn -0.303 0.493 0.816
vn 0.000 0.000 0.000
vn 0.558 0.364 -0.746
vn 0.020 0.995 -0.096
vn -0.737 -0.276 0.618
vn 0.729 0.281 -0.624
vn -0.111 0.459 -0.882
vn 0.011 0.352 0.936
vn 0.000 0.000 0.000
vn 0.000 0.000 0.000
vn -0.022 0.166 0.986
vn -0.036 -0.471 0.881
vn -0.267 -0.485 0.833
vn -0.182 -0.766 -0.617
vn 0.383 -0.876 0.294
vn 0.628 0.376 0.681
vn 0.418 0.906 0.066
vn -0.306 -0.045 0.951
vn 0.516 -0.608 -0.603
vn -0.872 -0.186 0.453
vn -0.413 0.788 -0.456
vn -0.045 0.277 0.960
vn 0.555 0.174 0.813
vn 0.000 0.000 0.000
vn 0.183 0.023 -0.983
vn -0.036 0.472 -0.881
vn 0.000 0.000 0.000
vn 0.000 0.000 0.000
vn 0.000 0.000 0.000
vn -0.385 0.724 0.572
vn 0.266 0.817 0.511
vn 0.114 -0.038 0.993
vn 0.210 -0.013 0.978
vn -0.116 0.107 0.987
vn -0.420 0.231 0.878
vn -0.204 0.527 0.825
vn 0.117 0.317 0.941
vn -0.125 -0.058 0.991
vn 0.306 -0.574 0.760
vn 0.109 -0.414 0.904
vn -0.234 -0.646 0.726
vn -0.548 0.830 0.108
vn -0.602 0.527 0.600
vn 0.347 -0.476 0.808
vn 0.424 -0.884 -0.198
vn -0.080 -0.077 0.994
vn -0.008 -0.970 -0.241
vn -0.512 -0.174 0.841
vn -0.412 0.338 -0.846
vn 0.224 -0.890 -0.397
vn -0.103 -0.943 0.316
vn 0.865 -0.071 0.496
vn 0.288 0.897 0.335
vn -0.487 0.806 0.335
vn -0.331 0.053 0.942
vn 0.868 0.469 0.161
vn 0.312 0.074 0.947
vn 0.828 0.343 0.444
vn 0.178 -0.069 0.982
vn -0.306 0.165 0.937
vn 0.181 0.065 0.981
vn -0.423 0.000 0.906
vn -0.827 -0.129 0.548
vn 0.006 0.155 0.988
vn -0.268 0.167 0.949
vn 0.884 0.036 0.467
vn -0.309 0.121 0.943
vn 0.000 0.000 0.000
vn 0.325 0.156 0.933
vn 0.000 0.000 0.000
vn 0.000 0.000 0.000
vn 0.774 -0.536 -0.337
vn 0.434 -0.901 -0.008
vn 0.039 -0.978 0.206
vn 0.000 0.000 0.000
vn -0.218 0.819 0.530
vn 0.000 0.000 0.000
vn 0.000 0.000 0.000
vn 0.000 0.000 0.000
vn 0.000 0.000 0.000
vn 0.405 -0.154 0.902
vn -0.258 0.111 0.960
vn 0.432 -0.893 0.126
vn -0.498 -0.749 0.437
vn -0.340 -0.594 0.729
vn 0.501 -0.127 0.856
vn 0.275 0.144 0.951
vn 0.513 0.229 0.827
vn -0.522 0.631 0.574
vn -0.097 -0.416 0.904
vn -0.185 -0.983 -0.006
vn -0.326 -0.932 0.157
vn 0.472 -0.275 0.838
vn 0.113 -0.876 0.468
vn -0.052 -0.898 -0.438
vn 0.014 -0.959 -0.281
vn -0.115 0.208 0.971
vn 0.276 0.621 0.734
vn -0.137 0.931 0.338
vn -0.123 0.695 0.708
vn 0.162 0.375 0.913
vn -0.191 -0.045 0.981
vn -0.176 -0.047 0.983
vn 0.591 0.122 0.797
vn -0.726 -0.277 0.629
vn 0.000 0.000 0.000
vn 0.000 0.000 0.000
vn -0.142 -0.971 -0.191
vn -0.251 -0.271 0.929
vn 0.065 0.703 0.708
vn 0.094 0.385 0.918
vn -0.109 -0.874 0.474
vn 0.305 -0.207 -0.930
vn 0.816 -0.528 -0.236
vn 0.000 0.000 0.000
vn -0.298 0.275 -0.914
vn 0.119 0.973 -0.200
vn 0.000 0.000 0.000
vn 0.000 0.000 0.000
vn 0.122 0.863 -0.490
vn 0.000 0.000 0.000
vn 0.167 -0.944 0.286
vn -0.596 -0.684 0.421
vn 0.009 0.833 0.552
vn 0.489 0.521 0.700
vn -0.177 0.756 0.630
vn 0.441 -0.023 0.897
vn -0.275 0.120 0.954
vn 0.255 0.141 0.957
vn 0.094 -0.995 0.032
vn 0.162 -0.184 0.969
vn 0.020 -0.236 0.972
vn 0.139 0.687 0.713
vn -0.304 0.350 0.886
vn 0.000 0.000 0.000
vn 0.000 0.000 0.000
vn 0.247 -0.903 0.350
vn -0.193 -0.546 0.815
vn 0.227 0.209 0.951
vn 0.119 0.973 -0.200
vn 0.000 0.000 0.000
vn 0.000 0.000 0.000
vn 0.000 0.000 0.000
vn 0.000 0.000 0.000
vn 0.000 0.000 0.000
vn -0.436 -0.383 0.815
vn 0.474 -0.037 0.880
vn 0.000 0.000 0.000
vn 0.000 0.000 0.000
vn 0.000 0.000 0.000
vn 0.000 0.000 0.000
vn 0.000 0.000 0.000
vn 0.000 0.000 0.000
vn 0.474 -0.037 0.880
vn 0.474 -0.037 0.880
vn 0.000 0.000 0.000
vn 0.000 0.000 0.000
f 10//10 12//12 2//2
f 12//12 5//5 2//2
f 3//3 17//17 9//9
f 10//10 2//2 16//16
f 3//3 11//11 17//17
f 3//3 9//9 11//11
f 2//2 5//5 16//16
f 10//10 16//16 5//5
f 10//10 5//5 12//12
f 23//23 6//6 24//24
f 23//23 18//18 6//6
f 6//6 13//13 24//24
f 7//7 6//6 18//18
f 6//6 7//7 13//13
f 18//18 19//19 7//7
f 7//7 14//14 13//13
f 19//19 15//15 7//7
f 7//7 15//15 14//14
f 9//9 17//17 11//11
f 16//16 5//5 20//20
f 16//16 20//20 5//5
f 22//22 23//23 24//24
f 19//19 27//27 15//15
f 31//31 30//30 20//20
f 31//31 21//21 30//30
f 34//34 22//22 31//31
f 31//31 22//22 21//21
f 22//22 24//24 21//21
f 34//34 23//23 22//22
f 23//23 26//26 18//18
f 24//24 13//13 25//25
f 13//13 33//33 25//25
f 13//13 14//14 33//33
f 15//15 27//27 28//28
f 15//15 28//28 14//14
f 20//20 29//29 31//31
f 20//20 30//30 29//29
f 34//34 26//26 23//23
f 21//21 24//24 25//25
f 18//18 26//26 32//32
f 18//18 32//32 19//19
f 14//14 35//35 33//33
f 19//19 32//32 27//27
f 30//30 37//37 29//29
f 31//31 29//29 34//34
f 21//21 25//25 39//39
f 25//25 33//33 39//39
f 26//26 40//40 32//32
f 14//14 28//28 35//35
f 29//29 37//37 36//36
f 30//30 21//21 37//37
f 29//29 36//36 34//34
f 36//36 37//37 41//41
f 34//34 36//36 42//42
f 21//21 41//41 37//37
f 34//34 42//42 26//26
f 21//21 39//39 41//41
f 26//26 38//38 40//40
f 33//33 44//44 39//39
f 28//28 51//51 35//35
f 42//42 36//36 47//47
f 36//36 41//41 47//47
f 26//26 42//42 38//38
f 39//39 44//44 41//41
f 47//47 41//41 44//44
f 42//42 47//47 44//44
f 38//38 42//42 43//43
f 42//42 44//44 43//43
f 38//38 43//43 40//40
f 40//40 43//43 50//50
f 40//40 50//50 48//48
f 33//33 45//45 44//44
f 40//40 48//48 32//32
f 33//33 35//35 45//45
f 28//28 27//27 46//46
f 28//28 46//46 51//51
f 43//43 49//49 50//50
f 43//43 44//44 49//49
f 44//44 45//45 49//49
f 45//45 35//35 57//57
f 32//32 48//48 55//55
f 32//32 55//55 27//27
f 27//27 55//55 56//56
f 27//27 56//56 46//46
f 50//50 53//53 48//48
f 35//35 51//51 57//57
f 45//45 57//57 54//54
f 45//45 54//54 49//49
f 46//46 56//56 51//51
f 53//53 50//50 52//52
f 50//50 49//49 52//52
f 49//49 54//54 52//52
f 48//48 53//53 55//55
f 56//56 57//57 51//51
f 58//58 53//53 52//52
f 52//52 54//54 60//60
f 61//61 55//55 53//53
f 54//54 57//57 59//59
f 55//55 81//81 56//56
f 58//58 52//52 60//60
f 58//58 61//61 53//53
f 60//60 54//54 59//59
f 55//55 61//61 81//81
f 56//56 82//82 57//57
f 56//56 81//81 82//82
f 58//58 60//60 78//78
f 58//58 116//116 61//61
f 60//60 59//59 62//62
f 60//60 62//62 115//115
f 61//61 114//114 118//118
f 59//59 79//79 62//62
f 61//61 118//118 81//81
f 59//59 57//57 82//82
f 59//59 82//82 79//79
f 70//70 92//92 68//68
f 68//68 92//92 71//71
f 68//68 71//71 94//94
f 95//95 72//72 66//66
f 66//66 72//72 96//96
f 66//66 96//96 67//67
f 93//93 96//96 101//101
f 72//72 73//73 96//96
f 72//72 102//102 73//73
f 96//96 74//74 101//101
f 73//73 107//107 104//104
f 104//104 108//108 109//109
f 104//104 109//109 77//77
f 106//106 78//78 112//112
f 114//114 78//78 106//106
f 78//78 62//62 112//112
f 114//114 116//116 78//78
f 116//116 58//58 78//78
f 60//60 115//115 78//78
f 78//78 115//115 62//62
f 61//61 116//116 114//114
f 118//118 158//158 81//81
f 82//82 119//119 79//79
f 81//81 158//158 119//119
f 81//81 119//119 82//82
f 84//84 131//131 129//129
f 127//127 87//87 88//88
f 127//127 88//88 128//128
f 129//129 131//131 133//133
f 131//131 134//134 89//89
f 88//88 90//90 171//171
f 134//134 91//91 89//89
f 70//70 92//92 142//142
f 70//70 68//68 92//92
f 95//95 66//66 140//140
f 92//92 144//144 94//94
f 92//92 94//94 71//71
f 71//71 94//94 99//99
f 95//95 96//96 73//73
f 95//95 73//73 72//72
f 97//97 75//75 98//98
f 100//100 102//102 72//72
f 73//73 104//104 148//148
f 96//96 148//148 74//74
f 97//97 105//105 75//75
f 110//110 98//98 75//75
f 110//110 103//103 98//98
f 148//148 104//104 74//74
f 110//110 153//153 103//103
f 104//104 109//109 108//108
f 104//104 77//77 109//109
f 151//151 111//111 106//106
f 231//231 112//112 113//113
f 111//111 114//114 106//106
f 112//112 62//62 113//113
f 111//111 118//118 114//114
f 111//111 117//117 118//118
f 62//62 79//79 120//120
f 62//62 120//120 113//113
f 118//118 117//117 158//158
f 79//79 119//119 120//120
f 158//158 195//195 119//119
f 121//121 124//124 122//122
f 204//204 127//127 123//123
f 124//124 166//166 122//122
f 127//127 83//83 168//168
f 84//84 124//124 169//169
f 129//129 166//166 84//84
f 124//124 84//84 166//166
f 132//132 87//87 127//127
f 83//83 127//127 128//128
f 129//129 133//133 166//166
f 169//169 131//131 84//84
f 87//87 132//132 88//88
f 128//128 88//88 209//209
f 169//169 130//130 131//131
f 88//88 171//171 209//209
f 134//134 131//131 130//130
f 131//131 89//89 133//133
f 132//132 90//90 88//88
f 133//133 89//89 135//135
f 132//132 173//173 90//90
f 130//130 212//212 134//134
f 90//90 173//173 136//136
f 171//171 90//90 211//211
f 212//212 137//137 134//134
f 134//134 137//137 91//91
f 89//89 91//91 177//177
f 89//89 177//177 135//135
f 136//136 173//173 178//178
f 90//90 136//136 178//178
f 90//90 178//178 138//138
f 90//90 138//138 211//211
f 137//137 177//177 91//91
f 92//92 68//68 184//184
f 68//68 223//223 184//184
f 92//92 143//143 142//142
f 68//68 139//139 223//223
f 66//66 67//67 186//186
f 67//67 188//188 186//186
f 92//92 70//70 143//143
f 142//142 143//143 70//70
f 92//92 184//184 144//144
f 143//143 144//144 184//184
f 68//68 94//94 144//144
f 68//68 144//144 139//139
f 139//139 144//144 145//145
f 94//94 71//71 145//145
f 100//100 95//95 140//140
f 95//95 146//146 96//96
f 96//96 146//146 188//188
f 186//186 188//188 146//146
f 67//67 96//96 188//188
f 93//93 141//141 96//96
f 93//93 101//101 141//141
f 97//97 98//98 147//147
f 94//94 145//145 99//99
f 144//144 99//99 145//145
f 99//99 145//145 71//71
f 72//72 102//102 100//100
f 72//72 73//73 229//229
f 72//72 229//229 102//102
f 146//146 229//229 148//148
f 146//146 148//148 188//188
f 96//96 141//141 148//148
f 97//97 147//147 150//150
f 99//99 144//144 149//149
f 102//102 229//229 73//73
f 73//73 148//148 229//229
f 101//101 74//74 141//141
f 148//148 141//141 74//74
f 105//105 150//150 155//155
f 105//105 155//155 75//75
f 98//98 153//153 147//147
f 98//98 103//103 153//153
f 310//310 106//106 152//152
f 106//106 112//112 152//152
f 152//152 112//112 190//190
f 73//73 229//229 192//192
f 73//73 192//192 107//107
f 76//76 107//107 192//192
f 107//107 192//192 104//104
f 74//74 104//104 154//154
f 104//104 192//192 154//154
f 97//97 150//150 105//105
f 105//105 110//110 155//155
f 150//150 105//105 155//155
f 75//75 155//155 110//110
f 110//110 155//155 153//153
f 112//112 231//231 190//190
f 76//76 192//192 107//107
f 108//108 109//109 154//154
f 192//192 108//108 154//154
f 77//77 154//154 109//109
f 77//77 236//236 154//154
f 105//105 155//155 110//110
f 108//108 316//316 109//109
f 109//109 316//316 236//236
f 109//109 236//236 77//77
f 156//156 239//239 111//111
f 111//111 239//239 117//117
f 120//120 240//240 113//113
f 239//239 194//194 117//117
f 117//117 194//194 158//158
f 158//158 194//194 160//160
f 158//158 160//160 195//195
f 194//194 241//241 160//160
f 195//195 319//319 119//119
f 162//162 122//122 201//201
f 201//201 122//122 164//164
f 203//203 204//204 161//161
f 123//123 163//163 204//204
f 121//121 162//162 205//205
f 162//162 121//121 122//122
f 204//204 203//203 127//127
f 163//163 123//123 261//261
f 205//205 165//165 124//124
f 205//205 124//124 121//121
f 203//203 167//167 127//127
f 122//122 166//166 164//164
f 126//126 167//167 262//262
f 127//127 168//168 123//123
f 123//123 168//168 261//261
f 125//125 206//206 166//166
f 164//164 166//166 206//206
f 165//165 169//169 124//124
f 167//167 126//126 132//132
f 167//167 132//132 127//127
f 83//83 128//128 168//168
f 166//166 266//266 125//125
f 166//166 133//133 266//266
f 266//266 133//133 172//172
f 126//126 267//267 132//132
f 128//128 209//209 168//168
f 169//169 210//210 130//130
f 133//133 135//135 172//172
f 267//267 170//170 132//132
f 210//210 174//174 130//130
f 171//171 175//175 209//209
f 170//170 173//173 132//132
f 135//135 176//176 172//172
f 172//172 176//176 342//342
f 170//170 343//343 181//181
f 170//170 181//181 173//173
f 174//174 212//212 130//130
f 135//135 270//270 176//176
f 171//171 211//211 175//175
f 135//135 177//177 270//270
f 181//181 178//178 173//173
f 212//212 179//179 137//137
f 178//178 181//181 138//138
f 137//137 179//179 177//177
f 181//181 216//216 138//138
f 66//66 186//186 140//140
f 100//100 140//140 185//185
f 140//140 224//224 185//185
f 184//184 223//223 144//144
f 184//184 144//144 143//143
f 95//95 187//187 146//146
f 224//224 186//186 146//146
f 99//99 149//149 145//145
f 95//95 100//100 189//189
f 95//95 189//189 187//187
f 102//102 229//229 232//232
f 146//146 232//232 229//229
f 188//188 148//148 229//229
f 146//146 188//188 229//229
f 102//102 232//232 229//229
f 148//148 74//74 191//191
f 148//148 191//191 229//229
f 233//233 151//151 310//310
f 310//310 151//151 106//106
f 229//229 315//315 192//192
f 150//150 234//234 105//105
f 105//105 234//234 235//235
f 105//105 235//235 155//155
f 155//155 235//235 153//153
f 108//108 192//192 316//316
f 111//111 151//151 156//156
f 231//231 113//113 237//237
f 113//113 238//238 237//237
f 113//113 240//240 238//238
f 119//119 240//240 120//120
f 119//119 159//159 240//240
f 119//119 319//319 159//159
f 194//194 517//517 241//241
f 160//160 241//241 195//195
f 196//196 199//199 197//197
f 199//199 201//201 255//255
f 198//198 254//254 161//161
f 256//256 201//201 196//196
f 196//196 201//201 199//199
f 198//198 161//161 204//204
f 198//198 204//204 200//200
f 200//200 204//204 257//257
f 256//256 162//162 201//201
f 201//201 164//164 255//255
f 204//204 163//163 257//257
f 256//256 205//205 162//162
f 255//255 164//164 258//258
f 164//164 260//260 258//258
f 202//202 259//259 203//203
f 165//165 205//205 207//207
f 164//164 206//206 260//260
f 259//259 262//262 167//167
f 259//259 167//167 203//203
f 125//125 414//414 206//206
f 261//261 168//168 265//265
f 125//125 266//266 414//414
f 126//126 262//262 208//208
f 165//165 207//207 210//210
f 165//165 210//210 169//169
f 126//126 208//208 267//267
f 168//168 209//209 265//265
f 172//172 342//342 266//266
f 170//170 267//267 341//341
f 209//209 175//175 268//268
f 170//170 341//341 343//343
f 174//174 213//213 212//212
f 177//177 180//180 270//270
f 214//214 181//181 422//422
f 343//343 422//422 181//181
f 213//213 269//269 179//179
f 213//213 179//179 212//212
f 211//211 138//138 271//271
f 269//269 272//272 179//179
f 179//179 180//180 177//177
f 214//214 346//346 181//181
f 272//272 215//215 179//179
f 179//179 215//215 180//180
f 346//346 216//216 181//181
f 219//219 217//217 279//279
f 284//284 218//218 281//281
f 281//281 218//218 220//220
f 218//218 286//286 220//220
f 219//219 221//221 217//217
f 223//223 139//139 305//305
f 140//140 186//186 224//224
f 139//139 228//228 305//305
f 223//223 228//228 144//144
f 139//139 145//145 228//228
f 185//185 189//189 100//100
f 185//185 187//187 189//189
f 144//144 228//228 149//149
f 223//223 307//307 228//228
f 145//145 149//149 228//228
f 388//388 310//310 152//152
f 152//152 190//190 391//391
f 146//146 229//229 224//224
f 150//150 147//147 230//230
f 147//147 313//313 307//307
f 147//147 153//153 313//313
f 153//153 235//235 313//313
f 192//192 315//315 316//316
f 239//239 514//514 194//194
f 240//240 159//159 317//317
f 241//241 319//319 195//195
f 242//242 246//246 243//243
f 322//322 244//244 245//245
f 406//406 198//198 251//251
f 198//198 200//200 251//251
f 197//197 252//252 249//249
f 406//406 334//334 198//198
f 251//251 200//200 253//253
f 408//408 196//196 197//197
f 197//197 199//199 255//255
f 197//197 255//255 252//252
f 334//334 254//254 198//198
f 200//200 335//335 253//253
f 252//252 255//255 258//258
f 334//334 202//202 254//254
f 257//257 335//335 200//200
f 161//161 254//254 203//203
f 202//202 203//203 254//254
f 256//256 412//412 205//205
f 163//163 261//261 257//257
f 205//205 412//412 207//207
f 206//206 414//414 260//260
f 208//208 341//341 267//267
f 209//209 268//268 265//265
f 210//210 417//417 174//174
f 174//174 417//417 213//213
f 175//175 211//211 268//268
f 211//211 271//271 268//268
f 180//180 344//344 270//270
f 214//214 422//422 345//345
f 214//214 345//345 346//346
f 180//180 215//215 344//344
f 138//138 349//349 271//271
f 138//138 216//216 349//349
f 272//272 430//430 215//215
f 346//346 350//350 216//216
f 274//274 281//281 283//283
f 282//282 219//219 275//275
f 275//275 219//219 279//279
f 276//276 279//279 280//280
f 277//277 284//284 278//278
f 278//278 284//284 281//281
f 278//278 281//281 274//274
f 282//282 366//366 219//219
f 279//279 217//217 371//371
f 279//279 371//371 280//280
f 277//277 285//285 284//284
f 281//281 220//220 367//367
f 281//281 367//367 283//283
f 285//285 218//218 284//284
f 366//366 368//368 219//219
f 220//220 286//286 367//367
f 368//368 221//221 219//219
f 217//217 221//221 371//371
f 218//218 285//285 286//286
f 221//221 373//373 371//371
f 285//285 287//287 286//286
f 221//221 472//472 373//373
f 288//288 378//378 290//290
f 378//378 294//294 290//290
f 290//290 294//294 295//295
f 291//291 380//380 292//292
f 291//291 292//292 377//377
f 378//378 293//293 294//294
f 292//292 297//297 377//377
f 293//293 296//296 294//294
f 292//292 301//301 297//297
f 296//296 295//295 294//294
f 292//292 380//380 301//301
f 293//293 302//302 296//296
f 380//380 300//300 301//301
f 302//302 303//303 296//296
f 185//185 224//224 306//306
f 305//305 228//228 309//309
f 388//388 152//152 389//389
f 389//389 152//152 391//391
f 185//185 306//306 187//187
f 224//224 308//308 306//306
f 307//307 309//309 228//228
f 146//146 187//187 311//311
f 146//146 311//311 232//232
f 224//224 229//229 308//308
f 232//232 311//311 308//308
f 232//232 308//308 229//229
f 307//307 312//312 147//147
f 230//230 147//147 312//312
f 307//307 313//313 312//312
f 190//190 231//231 393//393
f 229//229 308//308 315//315
f 229//229 191//191 308//308
f 308//308 191//191 315//315
f 74//74 395//395 191//191
f 74//74 154//154 395//395
f 150//150 230//230 234//234
f 235//235 314//314 313//313
f 312//312 313//313 314//314
f 231//231 237//237 393//393
f 315//315 394//394 316//316
f 154//154 236//236 395//395
f 234//234 314//314 235//235
f 233//233 156//156 151//151
f 316//316 394//394 236//236
f 395//395 236//236 394//394
f 514//514 516//516 194//194
f 194//194 516//516 517//517
f 319//319 318//318 159//159
f 319//319 241//241 397//397
f 319//319 397//397 318//318
f 320//320 322//322 321//321
f 519//519 242//242 243//243
f 322//322 245//245 321//321
f 324//324 244//244 322//322
f 243//243 246//246 323//323
f 246//246 242//242 326//326
f 245//245 244//244 325//325
f 246//246 400//400 323//323
f 324//324 520//520 244//244
f 244//244 401//401 325//325
f 326//326 399//399 246//246
f 246//246 399//399 400//400
f 520//520 401//401 244//244
f 645//645 249//249 329//329
f 329//329 249//249 407//407
f 405//405 406//406 251//251
f 405//405 251//251 332//332
f 645//645 197//197 249//249
f 249//249 250//250 407//407
f 645//645 408//408 197//197
f 249//249 252//252 250//250
f 332//332 251//251 253//253
f 333//333 334//334 406//406
f 408//408 528//528 196//196
f 256//256 196//196 528//528
f 252//252 258//258 409//409
f 334//334 411//411 202//202
f 256//256 528//528 336//336
f 335//335 257//257 337//337
f 202//202 411//411 339//339
f 258//258 260//260 338//338
f 202//202 339//339 259//259
f 260//260 414//414 338//338
f 259//259 339//339 262//262
f 261//261 265//265 416//416
f 207//207 412//412 340//340
f 207//207 340//340 210//210
f 265//265 418//418 416//416
f 210//210 340//340 417//417
f 265//265 268//268 418//418
f 417//417 420//420 213//213
f 270//270 423//423 176//176
f 271//271 424//424 268//268
f 270//270 344//344 423//423
f 269//269 427//427 272//272
f 272//272 427//427 347//347
f 345//345 429//429 346//346
f 272//272 347//347 430//430
f 215//215 430//430 344//344
f 344//344 430//430 433//433
f 346//346 431//431 350//350
f 346//346 429//429 431//431
f 216//216 350//350 349//349
f 448//448 450//450 449//449
f 465//465 278//278 364//364
f 711//711 282//282 362//362
f 282//282 275//275 363//363
f 282//282 363//363 362//362
f 363//363 275//275 276//276
f 274//274 364//364 278//278
f 274//274 283//283 364//364
f 364//364 283//283 713//713
f 275//275 279//279 276//276
f 467//467 277//277 278//278
f 276//276 280//280 365//365
f 283//283 367//367 469//469
f 282//282 468//468 366//366
f 280//280 371//371 365//365
f 277//277 365//365 285//285
f 371//371 470//470 365//365
f 470//470 285//285 365//365
f 367//367 370//370 469//469
f 366//366 582//582 368//368
f 470//470 369//369 285//285
f 367//367 286//286 370//370
f 285//285 471//471 287//287
f 286//286 583//583 370//370
f 368//368 372//372 221//221
f 221//221 372//372 472//472
f 371//371 373//373 473//473
f 285//285 369//369 471//471
f 286//286 287//287 583//583
f 374//374 288//288 584//584
f 584//584 288//288 479//479
f 477//477 289//289 375//375
f 289//289 377//377 375//375
f 374//374 378//378 288//288
f 288//288 376//376 479//479
f 289//289 291//291 377//377
f 374//374 481//481 378//378
f 288//288 290//290 376//376
f 289//289 480//480 291//291
f 480//480 482//482 291//291
f 375//375 377//377 488//488
f 290//290 295//295 376//376
f 376//376 295//295 482//482
f 481//481 293//293 378//378
f 482//482 380//380 291//291
f 377//377 297//297 488//488
f 481//481 379//379 293//293
f 489//489 494//494 492//492
f 489//489 492//492 379//379
f 379//379 492//492 302//302
f 379//379 302//302 293//293
f 295//295 299//299 383//383
f 295//295 383//383 482//482
f 383//383 380//380 482//482
f 297//297 382//382 488//488
f 382//382 493//493 488//488
f 488//488 493//493 381//381
f 492//492 298//298 302//302
f 493//493 385//385 381//381
f 299//299 304//304 383//383
f 383//383 300//300 380//380
f 492//492 386//386 298//298
f 298//298 386//386 302//302
f 296//296 304//304 295//295
f 295//295 304//304 299//299
f 300//300 495//495 301//301
f 297//297 384//384 382//382
f 382//382 384//384 493//493
f 302//302 386//386 303//303
f 304//304 300//300 383//383
f 297//297 301//301 384//384
f 303//303 616//616 296//296
f 296//296 616//616 304//304
f 304//304 616//616 497//497
f 304//304 497//497 300//300
f 387//387 388//388 389//389
f 223//223 305//305 307//307
f 389//389 391//391 390//390
f 190//190 393//393 391//391
f 306//306 392//392 187//187
f 307//307 505//505 309//309
f 506//506 233//233 310//310
f 234//234 230//230 314//314
f 230//230 312//312 314//314
f 393//393 237//237 871//871
f 315//315 191//191 394//394
f 191//191 395//395 394//394
f 233//233 869//869 156//156
f 237//237 512//512 396//396
f 239//239 156//156 634//634
f 632//632 634//634 156//156
f 237//237 238//238 512//512
f 239//239 634//634 514//514
f 238//238 240//240 317//317
f 238//238 317//317 512//512
f 514//514 635//635 516//516
f 159//159 318//318 759//759
f 241//241 517//517 397//397
f 519//519 243//243 518//518
f 518//518 243//243 323//323
f 324//324 322//322 320//320
f 519//519 877//877 242//242
f 321//321 245//245 398//398
f 326//326 242//242 877//877
f 245//245 325//325 398//398
f 399//399 521//521 640//640
f 399//399 640//640 400//400
f 402//402 330//330 643//643
f 330//330 776//776 329//329
f 327//327 405//405 525//525
f 330//330 329//329 643//643
f 404//404 405//405 327//327
f 776//776 645//645 329//329
f 643//643 329//329 526//526
f 404//404 527//527 405//405
f 405//405 332//332 525//525
f 329//329 407//407 526//526
f 527//527 406//406 405//405
f 527//527 333//333 406//406
f 250//250 252//252 781//781
f 250//250 781//781 407//407
f 252//252 409//409 781//781
f 333//333 529//529 411//411
f 333//333 411//411 334//334
f 528//528 410//410 336//336
f 258//258 338//338 409//409
f 337//337 257//257 413//413
f 256//256 336//336 412//412
f 257//257 261//261 413//413
f 534//534 415//415 412//412
f 339//339 536//536 262//262
f 261//261 416//416 413//413
f 262//262 536//536 208//208
f 415//415 340//340 412//412
f 414//414 266//266 538//538
f 208//208 536//536 657//657
f 266//266 342//342 538//538
f 208//208 657//657 341//341
f 342//342 176//176 538//538
f 341//341 657//657 343//343
f 268//268 421//421 418//418
f 176//176 659//659 538//538
f 213//213 420//420 269//269
f 268//268 424//424 421//421
f 345//345 422//422 662//662
f 344//344 425//425 423//423
f 426//426 345//345 662//662
f 271//271 349//349 424//424
f 423//423 425//425 344//344
f 662//662 345//345 426//426
f 345//345 428//428 429//429
f 344//344 433//433 348//348
f 273//273 429//429 428//428
f 429//429 273//273 428//428
f 350//350 432//432 349//349
f 347//347 541//541 430//430
f 429//429 428//428 431//431
f 431//431 432//432 350//350
f 430//430 541//541 433//433
f 549//549 440//440 437//437
f 439//439 441//441 438//438
f 439//439 559//559 441//441
f 351//351 685//685 441//441
f 443//443 444//444 440//440
f 559//559 445//445 441//441
f 351//351 441//441 445//445
f 443//443 558//558 352//352
f 443//443 352//352 444//444
f 446//446 445//445 559//559
f 351//351 445//445 560//560
f 353//353 444//444 352//352
f 558//558 449//449 352//352
f 353//353 352//352 449//449
f 445//445 446//446 560//560
f 446//446 452//452 447//447
f 446//446 447//447 560//560
f 558//558 448//448 449//449
f 452//452 691//691 447//447
f 354//354 449//449 356//356
f 450//450 356//356 449//449
f 451//451 355//355 452//452
f 452//452 355//355 566//566
f 452//452 566//566 691//691
f 450//450 357//357 358//358
f 450//450 358//358 356//356
f 356//356 358//358 568//568
f 453//453 454//454 355//355
f 355//355 454//454 566//566
f 359//359 566//566 454//454
f 358//358 456//456 568//568
f 454//454 453//453 455//455
f 357//357 567//567 358//358
f 359//359 454//454 571//571
f 358//358 567//567 456//456
f 455//455 457//457 458//458
f 455//455 458//458 454//454
f 454//454 458//458 571//571
f 567//567 459//459 456//456
f 456//456 459//459 568//568
f 573//573 463//463 460//460
f 461//461 464//464 462//462
f 573//573 574//574 463//463
f 464//464 576//576 462//462
f 278//278 465//465 581//581
f 364//364 713//713 579//579
f 711//711 466//466 282//282
f 365//365 277//277 467//467
f 282//282 466//466 468//468
f 582//582 366//366 468//468
f 582//582 372//372 368//368
f 371//371 369//369 470//470
f 371//371 473//473 369//369
f 373//373 472//472 473//473
f 369//369 474//474 471//471
f 372//372 716//716 472//472
f 472//472 716//716 473//473
f 471//471 474//474 287//287
f 287//287 475//475 583//583
f 477//477 375//375 723//723
f 722//722 721//721 374//374
f 722//722 374//374 584//584
f 476//476 289//289 477//477
f 723//723 375//375 478//478
f 479//479 482//482 720//720
f 720//720 482//482 480//480
f 720//720 480//480 289//289
f 721//721 481//481 374//374
f 479//479 376//376 482//482
f 375//375 586//586 478//478
f 375//375 488//488 586//586
f 591//591 379//379 732//732
f 481//481 732//732 379//379
f 483//483 603//603 487//487
f 487//487 489//489 483//483
f 483//483 489//489 379//379
f 483//483 379//379 485//485
f 485//485 379//379 591//591
f 586//586 488//488 486//486
f 488//488 381//381 486//486
f 381//381 606//606 486//486
f 486//486 606//606 484//484
f 487//487 490//490 489//489
f 385//385 610//610 381//381
f 381//381 610//610 491//491
f 381//381 491//491 606//606
f 490//490 611//611 489//489
f 489//489 611//611 494//494
f 493//493 614//614 385//385
f 494//494 386//386 492//492
f 301//301 496//496 384//384
f 493//493 384//384 614//614
f 386//386 612//612 303//303
f 301//301 495//495 496//496
f 300//300 617//617 495//495
f 497//497 499//499 300//300
f 499//499 617//617 300//300
f 616//616 498//498 497//497
f 497//497 498//498 499//499
f 388//388 387//387 501//501
f 500//500 503//503 621//621
f 305//305 625//625 307//307
f 310//310 388//388 501//501
f 306//306 308//308 392//392
f 503//503 505//505 621//621
f 625//625 305//305 309//309
f 310//310 501//501 506//506
f 392//392 311//311 187//187
f 308//308 627//627 392//392
f 622//622 507//507 629//629
f 622//622 629//629 623//623
f 623//623 629//629 502//502
f 625//625 309//309 505//505
f 311//311 392//392 507//507
f 308//308 507//507 627//627
f 311//311 507//507 308//308
f 230//230 312//312 508//508
f 230//230 508//508 312//312
f 506//506 869//869 233//233
f 869//869 632//632 156//156
f 237//237 396//396 871//871
f 514//514 634//634 757//757
f 512//512 317//317 513//513
f 159//159 515//515 317//317
f 516//516 760//760 517//517
f 397//397 761//761 318//318
f 318//318 761//761 759//759
f 517//517 760//760 397//397
f 518//518 323//323 636//636
f 320//320 321//321 764//764
f 324//324 320//320 763//763
f 324//324 763//763 765//765
f 323//323 637//637 636//636
f 321//321 398//398 764//764
f 323//323 400//400 637//637
f 324//324 765//765 766//766
f 324//324 766//766 520//520
f 401//401 638//638 325//325
f 401//401 520//520 639//639
f 639//639 638//638 401//401
f 521//521 642//642 640//640
f 639//639 641//641 638//638
f 771//771 402//402 522//522
f 523//523 403//403 773//773
f 402//402 643//643 522//522
f 523//523 774//774 403//403
f 403//403 524//524 773//773
f 771//771 330//330 402//402
f 403//403 774//774 327//327
f 774//774 404//404 327//327
f 403//403 327//327 524//524
f 330//330 771//771 776//776
f 524//524 327//327 525//525
f 525//525 332//332 780//780
f 332//332 253//253 647//647
f 332//332 647//647 780//780
f 645//645 646//646 408//408
f 408//408 646//646 528//528
f 647//647 253//253 782//782
f 253//253 335//335 531//531
f 530//530 336//336 410//410
f 409//409 338//338 783//783
f 335//335 337//337 531//531
f 337//337 649//649 531//531
f 411//411 532//532 339//339
f 649//649 337//337 413//413
f 336//336 534//534 412//412
f 338//338 414//414 652//652
f 338//338 652//652 783//783
f 339//339 532//532 651//651
f 413//413 653//653 533//533
f 414//414 535//535 652//652
f 339//339 651//651 536//536
f 414//414 538//538 535//535
f 413//413 416//416 654//654
f 416//416 537//537 654//654
f 415//415 655//655 340//340
f 340//340 655//655 417//417
f 656//656 657//657 536//536
f 416//416 418//418 789//789
f 658//658 420//420 417//417
f 418//418 421//421 660//660
f 418//418 660//660 539//539
f 343//343 657//657 899//899
f 343//343 899//899 422//422
f 269//269 420//420 661//661
f 269//269 661//661 427//427
f 344//344 348//348 423//423
f 345//345 662//662 663//663
f 345//345 663//663 428//428
f 433//433 664//664 348//348
f 347//347 792//792 541//541
f 433//433 542//542 664//664
f 663//663 793//793 428//428
f 433//433 541//541 542//542
f 431//431 428//428 666//666
f 428//428 793//793 666//666
f 431//431 666//666 432//432
f 667//667 543//543 668//668
f 543//543 544//544 546//546
f 434//434 545//545 435//435
f 545//545 673//673 435//435
f 544//544 436//436 546//546
f 436//436 438//438 546//546
f 673//673 676//676 549//549
f 673//673 549//549 435//435
f 436//436 548//548 438//438
f 438//438 677//677 546//546
f 548//548 439//439 438//438
f 548//548 551//551 439//439
f 437//437 554//554 549//549
f 438//438 441//441 677//677
f 677//677 441//441 552//552
f 549//549 676//676 440//440
f 440//440 554//554 437//437
f 550//550 440//440 676//676
f 441//441 685//685 552//552
f 552//552 685//685 553//553
f 550//550 557//557 440//440
f 440//440 444//444 554//554
f 551//551 559//559 439//439
f 440//440 558//558 443//443
f 557//557 558//558 440//440
f 444//444 683//683 554//554
f 555//555 684//684 551//551
f 551//551 684//684 559//559
f 685//685 351//351 560//560
f 444//444 686//686 683//683
f 560//560 687//687 685//685
f 556//556 558//558 557//557
f 353//353 561//561 444//444
f 444//444 561//561 686//686
f 353//353 449//449 561//561
f 684//684 689//689 559//559
f 446//446 559//559 452//452
f 556//556 562//562 558//558
f 561//561 563//563 686//686
f 689//689 690//690 559//559
f 687//687 560//560 691//691
f 449//449 354//354 561//561
f 452//452 559//559 690//690
f 452//452 690//690 451//451
f 447//447 691//691 560//560
f 448//448 558//558 450//450
f 562//562 450//450 558//558
f 354//354 356//356 561//561
f 451//451 690//690 355//355
f 691//691 566//566 692//692
f 564//564 567//567 562//562
f 562//562 567//567 450//450
f 356//356 568//568 561//561
f 561//561 568//568 569//569
f 561//561 569//569 563//563
f 690//690 570//570 453//453
f 355//355 690//690 453//453
f 564//564 696//696 567//567
f 450//450 567//567 357//357
f 566//566 359//359 571//571
f 566//566 571//571 692//692
f 455//455 453//453 457//457
f 568//568 699//699 569//569
f 570//570 457//457 453//453
f 696//696 572//572 567//567
f 570//570 698//698 457//457
f 571//571 701//701 692//692
f 572//572 460//460 567//567
f 459//459 567//567 460//460
f 459//459 460//460 568//568
f 460//460 699//699 568//568
f 458//458 457//457 461//461
f 458//458 461//461 571//571
f 571//571 461//461 701//701
f 457//457 698//698 461//461
f 572//572 573//573 460//460
f 460//460 706//706 699//699
f 461//461 462//462 701//701
f 698//698 704//704 461//461
f 572//572 705//705 573//573
f 460//460 463//463 706//706
f 461//461 704//704 464//464
f 705//705 574//574 573//573
f 463//463 574//574 709//709
f 464//464 704//704 575//575
f 464//464 575//575 576//576
f 574//574 818//818 711//711
f 574//574 711//711 709//709
f 575//575 579//579 576//576
f 576//576 579//579 708//708
f 818//818 927//927 711//711
f 575//575 710//710 579//579
f 708//708 579//579 819//819
f 711//711 362//362 580//580
f 711//711 580//580 709//709
f 709//709 580//580 577//577
f 363//363 577//577 580//580
f 581//581 364//364 710//710
f 710//710 364//364 579//579
f 579//579 713//713 822//822
f 579//579 822//822 819//819
f 362//362 363//363 580//580
f 577//577 363//363 276//276
f 577//577 276//276 578//578
f 467//467 278//278 581//581
f 465//465 364//364 581//581
f 578//578 276//276 821//821
f 276//276 365//365 821//821
f 467//467 712//712 365//365
f 283//283 469//469 713//713
f 582//582 932//932 372//372
f 583//583 824//824 370//370
f 583//583 933//933 824//824
f 372//372 934//934 716//716
f 369//369 827//827 474//474
f 716//716 717//717 473//473
f 474//474 475//475 287//287
f 722//722 584//584 719//719
f 719//719 584//584 720//720
f 477//477 723//723 476//476
f 584//584 479//479 720//720
f 720//720 289//289 476//476
f 721//721 1018//1018 481//481
f 1018//1018 732//732 481//481
f 835//835 729//729 595//595
f 841//841 484//484 733//733
f 725//725 728//728 594//594
f 585//585 594//594 588//588
f 729//729 588//588 595//595
f 731//731 598//598 596//596
f 483//483 596//596 598//598
f 596//596 483//483 485//485
f 845//845 592//592 486//486
f 592//592 586//586 486//486
f 845//845 486//486 841//841
f 841//841 486//486 484//484
f 733//733 484//484 737//737
f 597//597 600//600 589//589
f 589//589 600//600 587//587
f 587//587 600//600 593//593
f 593//593 600//600 739//739
f 739//739 601//601 735//735
f 595//595 602//602 730//730
f 730//730 602//602 598//598
f 483//483 598//598 603//603
f 484//484 607//607 737//737
f 737//737 607//607 599//599
f 737//737 599//599 597//597
f 597//597 599//599 600//600
f 739//739 600//600 742//742
f 588//588 604//604 950//950
f 588//588 950//950 595//595
f 595//595 950//950 602//602
f 602//602 747//747 598//598
f 598//598 747//747 603//603
f 484//484 606//606 607//607
f 603//603 747//747 490//490
f 603//603 490//490 487//487
f 606//606 608//608 607//607
f 491//491 608//608 606//606
f 490//490 747//747 609//609
f 490//490 609//609 611//611
f 385//385 614//614 610//610
f 610//610 608//608 491//491
f 386//386 1155//1155 612//612
f 496//496 613//613 384//384
f 384//384 613//613 614//614
f 303//303 612//612 616//616
f 495//495 862//862 496//496
f 612//612 615//615 616//616
f 617//617 862//862 495//495
f 616//616 615//615 498//498
f 615//615 863//863 498//498
f 499//499 864//864 617//617
f 863//863 619//619 498//498
f 498//498 619//619 499//499
f 499//499 618//618 864//864
f 619//619 618//618 499//499
f 619//619 387//387 618//618
f 387//387 389//389 618//618
f 618//618 389//389 390//390
f 390//390 391//391 620//620
f 391//391 504//504 626//626
f 500//500 866//866 503//503
f 621//621 505//505 624//624
f 391//391 393//393 504//504
f 503//503 628//628 505//505
f 307//307 625//625 505//505
f 392//392 627//627 507//507
f 393//393 871//871 504//504
f 396//396 512//512 1063//1063
f 514//514 757//757 635//635
f 317//317 515//515 513//513
f 635//635 758//758 516//516
f 159//159 759//759 515//515
f 397//397 760//760 761//761
f 518//518 636//636 762//762
f 398//398 325//325 767//767
f 520//520 766//766 879//879
f 638//638 767//767 325//325
f 400//400 640//640 880//880
f 520//520 879//879 639//639
f 399//399 768//768 521//521
f 639//639 973//973 641//641
f 521//521 770//770 642//642
f 642//642 772//772 640//640
f 641//641 773//773 638//638
f 973//973 523//523 641//641
f 770//770 522//522 642//642
f 642//642 522//522 772//772
f 973//973 882//882 523//523
f 641//641 523//523 773//773
f 770//770 771//771 522//522
f 523//523 882//882 774//774
f 522//522 643//643 775//775
f 643//643 526//526 779//779
f 776//776 644//644 645//645
f 525//525 780//780 777//777
f 404//404 885//885 527//527
f 526//526 407//407 779//779
f 886//886 646//646 645//645
f 407//407 781//781 779//779
f 527//527 885//885 529//529
f 527//527 529//529 333//333
f 528//528 646//646 648//648
f 528//528 648//648 410//410
f 253//253 531//531 782//782
f 531//531 649//649 782//782
f 530//530 410//410 650//650
f 411//411 529//529 532//532
f 530//530 650//650 336//336
f 649//649 413//413 889//889
f 650//650 534//534 336//336
f 413//413 533//533 889//889
f 534//534 785//785 415//415
f 413//413 654//654 653//653
f 415//415 786//786 655//655
f 655//655 788//788 417//417
f 417//417 788//788 658//658
f 418//418 539//539 789//789
f 539//539 660//660 789//789
f 420//420 658//658 898//898
f 420//420 898//898 661//661
f 421//421 424//424 790//790
f 176//176 423//423 659//659
f 422//422 899//899 662//662
f 424//424 349//349 540//540
f 424//424 540//540 790//790
f 348//348 664//664 423//423
f 427//427 661//661 347//347
f 349//349 432//432 540//540
f 792//792 665//665 541//541
f 541//541 798//798 542//542
f 792//792 794//794 665//665
f 666//666 795//795 432//432
f 541//541 665//665 796//796
f 541//541 796//796 798//798
f 793//793 799//799 666//666
f 666//666 668//668 795//795
f 665//665 800//800 670//670
f 665//665 670//670 796//796
f 799//799 667//667 666//666
f 666//666 667//667 668//668
f 669//669 670//670 800//800
f 668//668 543//543 671//671
f 800//800 672//672 669//669
f 669//669 672//672 670//670
f 545//545 672//672 673//673
f 800//800 673//673 672//672
f 672//672 545//545 674//674
f 672//672 674//674 670//670
f 670//670 674//674 803//803
f 670//670 803//803 801//801
f 543//543 546//546 671//671
f 804//804 544//544 543//543
f 545//545 434//434 674//674
f 804//804 548//548 544//544
f 674//674 998//998 803//803
f 804//804 910//910 548//548
f 436//436 544//544 548//548
f 675//675 676//676 673//673
f 434//434 435//435 674//674
f 546//546 677//677 547//547
f 674//674 806//806 998//998
f 677//677 679//679 547//547
f 675//675 678//678 676//676
f 435//435 554//554 674//674
f 674//674 554//554 806//806
f 910//910 551//551 548//548
f 435//435 549//549 554//554
f 554//554 683//683 806//806
f 677//677 552//552 679//679
f 808//808 551//551 910//910
f 679//679 552//552 553//553
f 678//678 550//550 676//676
f 680//680 682//682 550//550
f 808//808 809//809 551//551
f 682//682 557//557 550//550
f 683//683 686//686 806//806
f 555//555 551//551 684//684
f 809//809 684//684 551//551
f 553//553 685//685 681//681
f 685//685 913//913 681//681
f 687//687 913//913 685//685
f 556//556 688//688 562//562
f 684//684 809//809 689//689
f 913//913 687//687 810//810
f 689//689 809//809 811//811
f 687//687 691//691 810//810
f 564//564 562//562 688//688
f 811//811 690//690 689//689
f 691//691 565//565 810//810
f 563//563 693//693 917//917
f 691//691 692//692 565//565
f 692//692 812//812 565//565
f 563//563 569//569 693//693
f 692//692 694//694 812//812
f 569//569 697//697 693//693
f 695//695 702//702 696//696
f 813//813 570//570 811//811
f 811//811 570//570 690//690
f 702//702 572//572 696//696
f 699//699 700//700 569//569
f 569//569 700//700 697//697
f 813//813 698//698 570//570
f 813//813 703//703 698//698
f 692//692 701//701 694//694
f 699//699 817//817 700//700
f 694//694 701//701 921//921
f 702//702 705//705 572//572
f 699//699 706//706 817//817
f 703//703 704//704 698//698
f 701//701 462//462 707//707
f 701//701 707//707 921//921
f 706//706 922//922 817//817
f 703//703 925//925 704//704
f 706//706 463//463 709//709
f 706//706 709//709 922//922
f 704//704 925//925 575//575
f 705//705 818//818 574//574
f 576//576 707//707 462//462
f 576//576 708//708 707//707
f 922//922 709//709 577//577
f 925//925 710//710 575//575
f 820//820 466//466 711//711
f 927//927 820//820 711//711
f 1119//1119 466//466 820//820
f 1119//1119 823//823 466//466
f 466//466 823//823 468//468
f 468//468 823//823 582//582
f 370//370 824//824 1011//1011
f 473//473 714//714 369//369
f 369//369 714//714 827//827
f 473//473 717//717 935//935
f 714//714 473//473 827//827
f 583//583 475//475 933//933
f 935//935 827//827 473//473
f 827//827 718//718 474//474
f 938//938 722//722 830//830
f 830//830 722//722 719//719
f 719//719 720//720 476//476
f 719//719 476//476 831//831
f 476//476 723//723 831//831
f 721//721 722//722 938//938
f 478//478 586//586 941//941
f 944//944 728//728 725//725
f 833//833 725//725 594//594
f 833//833 594//594 585//585
f 585//585 588//588 724//724
f 724//724 588//588 729//729
f 587//587 593//593 726//726
f 726//726 593//593 837//837
f 727//727 735//735 601//601
f 727//727 601//601 736//736
f 944//944 590//590 728//728
f 835//835 595//595 730//730
f 730//730 598//598 731//731
f 591//591 1032//1032 485//485
f 591//591 732//732 1032//1032
f 589//589 737//737 597//597
f 837//837 593//593 734//734
f 734//734 593//593 739//739
f 734//734 739//739 735//735
f 727//727 736//736 838//838
f 838//838 736//736 847//847
f 728//728 738//738 594//594
f 594//594 738//738 744//744
f 594//594 744//744 588//588
f 736//736 601//601 743//743
f 736//736 743//743 847//847
f 849//849 851//851 590//590
f 728//728 590//590 853//853
f 728//728 853//853 738//738
f 588//588 744//744 854//854
f 590//590 851//851 853//853
f 854//854 855//855 588//588
f 588//588 855//855 604//604
f 950//950 861//861 602//602
f 599//599 741//741 857//857
f 599//599 857//857 605//605
f 599//599 605//605 600//600
f 600//600 605//605 858//858
f 600//600 858//858 742//742
f 742//742 746//746 739//739
f 739//739 746//746 740//740
f 739//739 740//740 601//601
f 601//601 740//740 859//859
f 601//601 859//859 743//743
f 950//950 951//951 861//861
f 602//602 861//861 747//747
f 607//607 745//745 599//599
f 599//599 745//745 741//741
f 742//742 952//952 746//746
f 607//607 608//608 745//745
f 610//610 1290//1290 608//608
f 494//494 611//611 1045//1045
f 494//494 1045//1045 1155//1155
f 494//494 1155//1155 386//386
f 617//617 748//748 862//862
f 617//617 864//864 748//748
f 864//864 618//618 620//620
f 863//863 865//865 619//619
f 618//618 390//390 620//620
f 865//865 387//387 619//619
f 865//865 501//501 387//387
f 500//500 621//621 749//749
f 620//620 391//391 626//626
f 622//622 623//623 960//960
f 500//500 749//749 866//866
f 622//622 867//867 507//507
f 866//866 628//628 503//503
f 624//624 505//505 751//751
f 628//628 751//751 505//505
f 507//507 867//867 629//629
f 629//629 867//867 750//750
f 502//502 629//629 750//750
f 508//508 752//752 751//751
f 509//509 870//870 753//753
f 508//508 751//751 752//752
f 506//506 1168//1168 869//869
f 509//509 753//753 870//870
f 631//631 755//755 752//752
f 753//753 873//873 630//630
f 631//631 962//962 754//754
f 512//512 967//967 1063//1063
f 634//634 1064//1064 757//757
f 512//512 513//513 967//967
f 516//516 758//758 760//760
f 637//637 400//400 971//971
f 326//326 878//878 970//970
f 326//326 970//970 399//399
f 399//399 970//970 768//768
f 639//639 879//879 973//973
f 521//521 768//768 770//770
f 638//638 773//773 769//769
f 522//522 775//775 772//772
f 773//773 524//524 883//883
f 771//771 978//978 776//776
f 643//643 778//778 775//775
f 524//524 525//525 777//777
f 774//774 884//884 404//404
f 643//643 779//779 778//778
f 404//404 884//884 885//885
f 645//645 644//644 886//886
f 409//409 783//783 781//781
f 529//529 887//887 532//532
f 649//649 889//889 782//782
f 534//534 650//650 785//785
f 532//532 784//784 651//651
f 533//533 653//653 889//889
f 785//785 786//786 415//415
f 535//535 891//891 652//652
f 535//535 538//538 891//891
f 536//536 787//787 656//656
f 537//537 416//416 789//789
f 538//538 893//893 891//891
f 538//538 659//659 893//893
f 656//656 897//897 657//657
f 657//657 897//897 899//899
f 421//421 895//895 660//660
f 421//421 790//790 895//895
f 423//423 791//791 659//659
f 662//662 899//899 901//901
f 662//662 901//901 663//663
f 423//423 664//664 791//791
f 661//661 900//900 347//347
f 347//347 900//900 792//792
f 432//432 992//992 540//540
f 664//664 542//542 1088//1088
f 542//542 798//798 1088//1088
f 795//795 668//668 797//797
f 665//665 794//794 800//800
f 902//902 800//800 794//794
f 802//802 667//667 799//799
f 796//796 670//670 801//801
f 796//796 801//801 798//798
f 668//668 671//671 797//797
f 902//902 903//903 800//800
f 802//802 804//804 667//667
f 667//667 804//804 543//543
f 903//903 673//673 800//800
f 903//903 805//805 673//673
f 671//671 546//546 907//907
f 673//673 805//805 675//675
f 546//546 547//547 907//907
f 803//803 998//998 908//908
f 909//909 910//910 804//804
f 998//998 806//806 1003//1003
f 910//910 1099//1099 808//808
f 678//678 680//680 550//550
f 679//679 553//553 1002//1002
f 553//553 681//681 1002//1002
f 682//682 912//912 557//557
f 557//557 912//912 556//556
f 686//686 563//563 917//917
f 686//686 917//917 915//915
f 556//556 914//914 688//688
f 810//810 565//565 916//916
f 688//688 914//914 564//564
f 695//695 564//564 914//914
f 565//565 812//812 916//916
f 695//695 696//696 564//564
f 811//811 918//918 813//813
f 693//693 697//697 919//919
f 695//695 1006//1006 702//702
f 694//694 814//814 812//812
f 702//702 1006//1006 1007//1007
f 697//697 700//700 920//920
f 1008//1008 703//703 813//813
f 700//700 817//817 920//920
f 694//694 921//921 815//815
f 1007//1007 816//816 702//702
f 702//702 816//816 705//705
f 703//703 923//923 925//925
f 705//705 926//926 818//818
f 707//707 708//708 928//928
f 926//926 927//927 818//818
f 925//925 924//924 710//710
f 708//708 819//819 928//928
f 467//467 581//581 712//712
f 710//710 924//924 581//581
f 365//365 712//712 821//821
f 713//713 469//469 822//822
f 469//469 370//370 931//931
f 582//582 823//823 932//932
f 932//932 1012//1012 372//372
f 372//372 826//826 934//934
f 827//827 828//828 718//718
f 475//475 936//936 933//933
f 716//716 934//934 829//829
f 716//716 829//829 717//717
f 827//827 935//935 828//828
f 474//474 718//718 936//936
f 474//474 936//936 475//475
f 936//936 937//937 933//933
f 1016//1016 719//719 1017//1017
f 1017//1017 719//719 831//831
f 1016//1016 830//830 719//719
f 831//831 723//723 939//939
f 832//832 1018//1018 721//721
f 478//478 941//941 723//723
f 723//723 941//941 940//940
f 586//586 1139//1139 941//941
f 585//585 834//834 833//833
f 724//724 834//834 585//585
f 724//724 729//729 834//834
f 729//729 835//835 1022//1022
f 1018//1018 1033//1033 732//732
f 589//589 587//587 836//836
f 943//943 849//849 944//944
f 944//944 849//849 590//590
f 1135//1135 730//730 731//731
f 731//731 596//596 840//840
f 586//586 592//592 1139//1139
f 733//733 737//737 842//842
f 737//737 589//589 842//842
f 838//838 847//847 839//839
f 843//843 849//849 943//943
f 596//596 485//485 844//844
f 841//841 1140//1140 845//845
f 839//839 847//847 946//946
f 846//846 849//849 843//843
f 946//946 847//847 848//848
f 846//846 850//850 849//849
f 849//849 850//850 851//851
f 858//858 952//952 742//742
f 740//740 1152//1152 859//859
f 847//847 743//743 954//954
f 847//847 954//954 852//852
f 850//850 860//860 851//851
f 951//951 1038//1038 861//861
f 741//741 745//745 1042//1042
f 741//741 1042//1042 856//856
f 741//741 856//856 857//857
f 608//608 1154//1154 745//745
f 747//747 1153//1153 609//609
f 609//609 1291//1291 611//611
f 1290//1290 1154//1154 608//608
f 611//611 1291//1291 1045//1045
f 614//614 613//613 956//956
f 614//614 956//956 1290//1290
f 614//614 1290//1290 610//610
f 496//496 862//862 613//613
f 612//612 1046//1046 615//615
f 748//748 957//957 862//862
f 615//615 958//958 863//863
f 865//865 1309//1309 501//501
f 621//621 624//624 749//749
f 501//501 1309//1309 506//506
f 623//623 502//502 960//960
f 622//622 960//960 867//867
f 502//502 750//750 960//960
f 960//960 750//750 867//867
f 866//866 749//749 628//628
f 749//749 624//624 628//628
f 624//624 751//751 868//868
f 624//624 868//868 628//628
f 628//628 868//868 751//751
f 868//868 751//751 752//752
f 961//961 753//753 870//870
f 961//961 870//870 867//867
f 751//751 631//631 752//752
f 753//753 630//630 870//870
f 870//870 630//630 963//963
f 754//754 962//962 872//872
f 754//754 962//962 631//631
f 631//631 962//962 1458//1458
f 631//631 1458//1458 755//755
f 873//873 874//874 630//630
f 630//630 633//633 874//874
f 630//630 874//874 633//633
f 963//963 630//630 874//874
f 633//633 875//875 874//874
f 754//754 756//756 962//962
f 869//869 1458//1458 632//632
f 871//871 396//396 1061//1061
f 632//632 1458//1458 634//634
f 396//396 1063//1063 1061//1061
f 515//515 968//968 513//513
f 635//635 757//757 758//758
f 760//760 1320//1320 1461//1461
f 760//760 1461//1461 761//761
f 764//764 1180//1180 320//320
f 763//763 1179//1179 765//765
f 637//637 971//971 636//636
f 765//765 1179//1179 766//766
f 877//877 878//878 326//326
f 638//638 881//881 767//767
f 880//880 640//640 975//975
f 879//879 972//972 973//973
f 638//638 769//769 881//881
f 640//640 775//775 975//975
f 770//770 768//768 978//978
f 640//640 772//772 775//775
f 770//770 978//978 771//771
f 978//978 644//644 776//776
f 883//883 524//524 777//777
f 780//780 647//647 1080//1080
f 529//529 885//885 887//887
f 647//647 782//782 1080//1080
f 781//781 1079//1079 779//779
f 648//648 982//982 410//410
f 410//410 982//982 650//650
f 781//781 888//888 1079//1079
f 782//782 889//889 1081//1081
f 650//650 982//982 983//983
f 889//889 985//985 1081//1081
f 781//781 783//783 888//888
f 650//650 983//983 785//785
f 889//889 653//653 985//985
f 784//784 787//787 651//651
f 651//651 787//787 536//536
f 653//653 654//654 890//890
f 654//654 1084//1084 890//890
f 655//655 786//786 788//788
f 654//654 789//789 1084//1084
f 654//654 537//537 789//789
f 988//988 891//891 893//893
f 787//787 894//894 656//656
f 788//788 892//892 658//658
f 656//656 894//894 897//897
f 895//895 896//896 789//789
f 658//658 892//892 898//898
f 789//789 660//660 895//895
f 898//898 1087//1087 661//661
f 790//790 540//540 989//989
f 661//661 1087//1087 900//900
f 791//791 664//664 990//990
f 663//663 901//901 793//793
f 798//798 994//994 1088//1088
f 799//799 793//793 993//993
f 799//799 993//993 802//802
f 798//798 801//801 994//994
f 801//801 906//906 994//994
f 802//802 909//909 804//804
f 903//903 1220//1220 805//805
f 801//801 803//803 908//908
f 801//801 908//908 906//906
f 671//671 907//907 1223//1223
f 805//805 911//911 675//675
f 907//907 547//547 997//997
f 547//547 679//679 1098//1098
f 547//547 1098//1098 997//997
f 675//675 911//911 678//678
f 909//909 1099//1099 910//910
f 911//911 680//680 678//678
f 808//808 1099//1099 1000//1000
f 679//679 1002//1002 1098//1098
f 806//806 807//807 1003//1003
f 806//806 1003//1003 807//807
f 680//680 912//912 682//682
f 806//806 686//686 1003//1003
f 808//808 1000//1000 809//809
f 681//681 913//913 1002//1002
f 686//686 915//915 1003//1003
f 912//912 1106//1106 556//556
f 556//556 1106//1106 914//914
f 913//913 916//916 1105//1105
f 913//913 810//810 916//916
f 918//918 1005//1005 813//813
f 813//813 1005//1005 1110//1110
f 814//814 694//694 815//815
f 813//813 1110//1110 1008//1008
f 703//703 1008//1008 923//923
f 705//705 816//816 926//926
f 707//707 928//928 921//921
f 921//921 928//928 1009//1009
f 923//923 924//924 925//925
f 922//922 577//577 929//929
f 577//577 578//578 929//929
f 712//712 581//581 924//924
f 821//821 712//712 930//930
f 822//822 469//469 931//931
f 370//370 1011//1011 931//931
f 823//823 1252//1252 932//932
f 1012//1012 1254//1254 372//372
f 933//933 1121//1121 824//824
f 1254//1254 826//826 372//372
f 826//826 829//829 934//934
f 717//717 829//829 935//935
f 828//828 1124//1124 718//718
f 718//718 1122//1122 936//936
f 1015//1015 938//938 1016//1016
f 938//938 830//830 1016//1016
f 1017//1017 831//831 939//939
f 832//832 721//721 938//938
f 939//939 723//723 940//940
f 725//725 1263//1263 944//944
f 727//727 945//945 1134//1134
f 727//727 838//838 945//945
f 839//839 1025//1025 838//838
f 833//833 834//834 1028//1028
f 1021//1021 834//834 1022//1022
f 729//729 1022//1022 834//834
f 835//835 1135//1135 1022//1022
f 835//835 730//730 1135//1135
f 731//731 840//840 1135//1135
f 589//589 836//836 842//842
f 587//587 726//726 836//836
f 836//836 726//726 1024//1024
f 1024//1024 726//726 837//837
f 837//837 734//734 1024//1024
f 734//734 735//735 1024//1024
f 1024//1024 735//735 727//727
f 841//841 1030//1030 1140//1140
f 841//841 733//733 1030//1030
f 1027//1027 846//846 843//843
f 485//485 1032//1032 844//844
f 732//732 1033//1033 1032//1032
f 592//592 845//845 1140//1140
f 592//592 1140//1140 1035//1035
f 946//946 848//848 1031//1031
f 847//847 852//852 848//848
f 1034//1034 948//948 846//846
f 852//852 949//949 848//848
f 848//848 949//949 947//947
f 846//846 948//948 850//850
f 853//853 1037//1037 738//738
f 738//738 1037//1037 744//744
f 746//746 953//953 740//740
f 740//740 953//953 1152//1152
f 850//850 948//948 955//955
f 851//851 1040//1040 1148//1148
f 851//851 1148//1148 853//853
f 744//744 1037//1037 854//854
f 854//854 1149//1149 855//855
f 855//855 1038//1038 604//604
f 604//604 1038//1038 950//950
f 1038//1038 1041//1041 861//861
f 605//605 857//857 1151//1151
f 605//605 1151//1151 858//858
f 952//952 953//953 746//746
f 859//859 1152//1152 1043//1043
f 859//859 1043//1043 743//743
f 852//852 1044//1044 949//949
f 861//861 1153//1153 747//747
f 858//858 1151//1151 952//952
f 1155//1155 1046//1046 612//612
f 615//615 1046//1046 958//958
f 748//748 864//864 959//959
f 863//863 958//958 865//865
f 864//864 620//620 959//959
f 1168//1168 506//506 1056//1056
f 868//868 1057//1057 751//751
f 961//961 1169//1169 753//753
f 867//867 870//870 961//961
f 753//753 1169//1169 870//870
f 1168//1168 1059//1059 869//869
f 504//504 871//871 1169//1169
f 631//631 751//751 965//965
f 962//962 631//631 965//965
f 872//872 962//962 964//964
f 962//962 965//965 1458//1458
f 752//752 755//755 1458//1458
f 752//752 1458//1458 751//751
f 965//965 751//751 1458//1458
f 871//871 1061//1061 1169//1169
f 753//753 870//870 1061//1061
f 753//753 1061//1061 873//873
f 873//873 1061//1061 1173//1173
f 870//870 963//963 1173//1173
f 870//870 1173//1173 1061//1061
f 873//873 1173//1173 874//874
f 874//874 875//875 1173//1173
f 754//754 872//872 1060//1060
f 754//754 1060//1060 756//756
f 869//869 1059//1059 1458//1458
f 966//966 875//875 874//874
f 874//874 875//875 633//633
f 1458//1458 1062//1062 634//634
f 634//634 1062//1062 1064//1064
f 757//757 1064//1064 1177//1177
f 513//513 968//968 967//967
f 757//757 1177//1177 758//758
f 758//758 1177//1177 876//876
f 759//759 968//968 515//515
f 758//758 876//876 760//760
f 761//761 1065//1065 759//759
f 761//761 1461//1461 1065//1065
f 519//519 518//518 1066//1066
f 518//518 762//762 1178//1178
f 1179//1179 763//763 1462//1462
f 763//763 320//320 1180//1180
f 1178//1178 762//762 1324//1324
f 762//762 636//636 1324//1324
f 519//519 1066//1066 1181//1181
f 519//519 1181//1181 877//877
f 764//764 398//398 1069//1069
f 764//764 1069//1069 1180//1180
f 636//636 971//971 1324//1324
f 877//877 1181//1181 878//878
f 398//398 767//767 1069//1069
f 878//878 1070//1070 970//970
f 400//400 880//880 971//971
f 971//971 880//880 975//975
f 972//972 1071//1071 973//973
f 768//768 974//974 978//978
f 769//769 773//773 1186//1186
f 882//882 977//977 774//774
f 775//775 778//778 976//976
f 774//774 977//977 1335//1335
f 774//774 1335//1335 884//884
f 644//644 979//979 886//886
f 778//778 779//779 1192//1192
f 777//777 780//780 1078//1078
f 780//780 1080//1080 1078//1078
f 886//886 979//979 646//646
f 1192//1192 779//779 1079//1079
f 646//646 1193//1193 648//648
f 885//885 981//981 887//887
f 648//648 980//980 982//982
f 887//887 981//981 1201//1201
f 887//887 1201//1201 532//532
f 783//783 984//984 888//888
f 532//532 1201//1201 784//784
f 783//783 652//652 984//984
f 786//786 785//785 987//987
f 652//652 891//891 1083//1083
f 784//784 986//986 787//787
f 653//653 890//890 1084//1084
f 653//653 1084//1084 985//985
f 786//786 987//987 788//788
f 789//789 896//896 1084//1084
f 788//788 987//987 892//892
f 988//988 893//893 659//659
f 897//897 894//894 899//899
f 892//892 1356//1356 898//898
f 899//899 1358//1358 901//901
f 664//664 1088//1088 990//990
f 793//793 901//901 991//991
f 900//900 794//794 792//792
f 1215//1215 794//794 900//900
f 793//793 991//991 993//993
f 992//992 432//432 1216//1216
f 432//432 795//795 1216//1216
f 795//795 797//797 1216//1216
f 1215//1215 902//902 794//794
f 802//802 993//993 996//996
f 902//902 1090//1090 904//904
f 902//902 904//904 903//903
f 994//994 906//906 1219//1219
f 797//797 671//671 905//905
f 797//797 905//905 995//995
f 903//903 904//904 1220//1220
f 802//802 996//996 1095//1095
f 802//802 1095//1095 909//909
f 671//671 1223//1223 905//905
f 906//906 908//908 1221//1221
f 805//805 1220//1220 911//911
f 911//911 999//999 680//680
f 680//680 1103//1103 912//912
f 913//913 1105//1105 1002//1002
f 1000//1000 1004//1004 809//809
f 915//915 917//917 1107//1107
f 809//809 1004//1004 811//811
f 914//914 1108//1108 695//695
f 917//917 693//693 1107//1107
f 811//811 1004//1004 918//918
f 916//916 812//812 1374//1374
f 695//695 1108//1108 1006//1006
f 919//919 697//697 920//920
f 1006//1006 1241//1241 1007//1007
f 814//814 815//815 1239//1239
f 815//815 921//921 1009//1009
f 817//817 922//922 1010//1010
f 922//922 929//929 1010//1010
f 927//927 926//926 820//820
f 926//926 1119//1119 820//820
f 578//578 821//821 929//929
f 821//821 930//930 929//929
f 712//712 924//924 1390//1390
f 928//928 819//819 1118//1118
f 932//932 1252//1252 1012//1012
f 1011//1011 824//824 1393//1393
f 1121//1121 1393//1393 824//824
f 1121//1121 933//933 1394//1394
f 933//933 937//937 1394//1394
f 826//826 1255//1255 829//829
f 718//718 1124//1124 1122//1122
f 935//935 829//829 1013//1013
f 935//935 1013//1013 828//828
f 1014//1014 1017//1017 1127//1127
f 1015//1015 1016//1016 1125//1125
f 1125//1125 1016//1016 1014//1014
f 1016//1016 1017//1017 1014//1014
f 1127//1127 1017//1017 1128//1128
f 1402//1402 938//938 1015//1015
f 1128//1128 1017//1017 1404//1404
f 1404//1404 1017//1017 939//939
f 939//939 940//940 1130//1130
f 940//940 941//941 1131//1131
f 943//943 944//944 1133//1133
f 943//943 1133//1133 942//942
f 944//944 1019//1019 1133//1133
f 944//944 1263//1263 1019//1019
f 725//725 833//833 1263//1263
f 833//833 1028//1028 1263//1263
f 1024//1024 727//727 1134//1134
f 1134//1134 945//945 1132//1132
f 838//838 1025//1025 945//945
f 1025//1025 839//839 1026//1026
f 1027//1027 843//843 942//942
f 843//843 943//943 942//942
f 1021//1021 1028//1028 834//834
f 1022//1022 1135//1135 1023//1023
f 1135//1135 840//840 1029//1029
f 1018//1018 1560//1560 1033//1033
f 733//733 842//842 1030//1030
f 839//839 946//946 1026//1026
f 946//946 1270//1270 1026//1026
f 946//946 1031//1031 1270//1270
f 1020//1020 1034//1034 1027//1027
f 596//596 844//844 840//840
f 592//592 1035//1035 1139//1139
f 1031//1031 848//848 1277//1277
f 1034//1034 846//846 1027//1027
f 1142//1142 1277//1277 947//947
f 1277//1277 848//848 947//947
f 947//947 1036//1036 1142//1142
f 1143//1143 1145//1145 1034//1034
f 1034//1034 1145//1145 948//948
f 947//947 1147//1147 1036//1036
f 949//949 1147//1147 947//947
f 850//850 1286//1286 1040//1040
f 850//850 1040//1040 860//860
f 860//860 1040//1040 851//851
f 853//853 1148//1148 1037//1037
f 854//854 1037//1037 1149//1149
f 855//855 1149//1149 1038//1038
f 950//950 1038//1038 951//951
f 857//857 856//856 1151//1151
f 952//952 1151//1151 953//953
f 743//743 1043//1043 954//954
f 954//954 1043//1043 1039//1039
f 954//954 1039//1039 852//852
f 948//948 1286//1286 955//955
f 850//850 955//955 1286//1286
f 1041//1041 1153//1153 861//861
f 745//745 1154//1154 1042//1042
f 852//852 1039//1039 1044//1044
f 609//609 1153//1153 1291//1291
f 613//613 1293//1293 956//956
f 1158//1158 613//613 862//862
f 957//957 1158//1158 862//862
f 1046//1046 1047//1047 958//958
f 1159//1159 1049//1049 1050//1050
f 1160//1160 1163//1163 1048//1048
f 1049//1049 1164//1164 1050//1050
f 1162//1162 1304//1304 1160//1160
f 1160//1160 1304//1304 1163//1163
f 1049//1049 1053//1053 1164//1164
f 958//958 1302//1302 865//865
f 1304//1304 1054//1054 1052//1052
f 865//865 1055//1055 1309//1309
f 620//620 626//626 1165//1165
f 1165//1165 626//626 1166//1166
f 506//506 1309//1309 1056//1056
f 626//626 504//504 1166//1166
f 1167//1167 1168//1168 1056//1056
f 868//868 752//752 1168//1168
f 868//868 1168//1168 1057//1057
f 751//751 1057//1057 1168//1168
f 751//751 1168//1168 752//752
f 961//961 870//870 1058//1058
f 961//961 1058//1058 1169//1169
f 1169//1169 1058//1058 870//870
f 962//962 964//964 965//965
f 1169//1169 1061//1061 1457//1457
f 963//963 966//966 1173//1173
f 963//963 874//874 1173//1173
f 872//872 964//964 1060//1060
f 962//962 756//756 964//964
f 964//964 756//756 965//965
f 874//874 1173//1173 966//966
f 1458//1458 1174//1174 1062//1062
f 967//967 1623//1623 1063//1063
f 1062//1062 1459//1459 1064//1064
f 967//967 968//968 1623//1623
f 759//759 1065//1065 968//968
f 763//763 1180//1180 1462//1462
f 1324//1324 971//971 1067//1067
f 878//878 1181//1181 1070//1070
f 766//766 1068//1068 879//879
f 767//767 969//969 1069//1069
f 879//879 1182//1182 972//972
f 970//970 1070//1070 768//768
f 972//972 1182//1182 1071//1071
f 768//768 1072//1072 1187//1187
f 769//769 1330//1330 1073//1073
f 768//768 1187//1187 974//974
f 769//769 1186//1186 1330//1330
f 975//975 775//775 1332//1332
f 975//975 1332//1332 1074//1074
f 973//973 1331//1331 882//882
f 974//974 1188//1188 978//978
f 1186//1186 773//773 1075//1075
f 775//775 976//976 1332//1332
f 882//882 1331//1331 977//977
f 773//773 883//883 1075//1075
f 883//883 1190//1190 1075//1075
f 1189//1189 978//978 1188//1188
f 1190//1190 883//883 1077//1077
f 978//978 1189//1189 1076//1076
f 978//978 1076//1076 644//644
f 883//883 777//777 1077//1077
f 644//644 1076//1076 1471//1471
f 1335//1335 885//885 884//884
f 777//777 1472//1472 1077//1077
f 644//644 1471//1471 979//979
f 777//777 1078//1078 1472//1472
f 979//979 1193//1193 646//646
f 1193//1193 980//980 648//648
f 782//782 1197//1197 1080//1080
f 782//782 1081//1081 1197//1197
f 985//985 1082//1082 1081//1081
f 983//983 1345//1345 785//785
f 652//652 1083//1083 984//984
f 784//784 1201//1201 986//986
f 1201//1201 1202//1202 986//986
f 785//785 1345//1345 987//987
f 1083//1083 891//891 1205//1205
f 787//787 1496//1496 1208//1208
f 891//891 988//988 1204//1204
f 787//787 1208//1208 894//894
f 892//892 987//987 1352//1352
f 892//892 1352//1352 1209//1209
f 896//896 895//895 1085//1085
f 892//892 1209//1209 1356//1356
f 894//894 1211//1211 899//899
f 1086//1086 1085//1085 895//895
f 659//659 791//791 1210//1210
f 899//899 1211//1211 1358//1358
f 898//898 1356//1356 1087//1087
f 790//790 989//989 895//895
f 1086//1086 895//895 989//989
f 900//900 1087//1087 1361//1361
f 900//900 1361//1361 1215//1215
f 540//540 992//992 989//989
f 901//901 1212//1212 991//991
f 990//990 1088//1088 1214//1214
f 1088//1088 994//994 1217//1217
f 1215//1215 1090//1090 902//902
f 993//993 991//991 1089//1089
f 993//993 1089//1089 996//996
f 797//797 995//995 1216//1216
f 906//906 1221//1221 1219//1219
f 1220//1220 1091//1091 911//911
f 908//908 998//998 1221//1221
f 907//907 997//997 1223//1223
f 1223//1223 997//997 1094//1094
f 911//911 1366//1366 999//999
f 998//998 1003//1003 1221//1221
f 909//909 1095//1095 1099//1099
f 1099//1099 1226//1226 1000//1000
f 1002//1002 1001//1001 1098//1098
f 680//680 999//999 1103//1103
f 1100//1100 1103//1103 999//999
f 1103//1103 1106//1106 912//912
f 1003//1003 1524//1524 1104//1104
f 1003//1003 915//915 1524//1524
f 1000//1000 1226//1226 1004//1004
f 1105//1105 916//916 1374//1374
f 1107//1107 693//693 1232//1232
f 1004//1004 1109//1109 918//918
f 918//918 1109//1109 1005//1005
f 693//693 919//919 1232//1232
f 919//919 1235//1235 1232//1232
f 1005//1005 1109//1109 1376//1376
f 1005//1005 1376//1376 1110//1110
f 814//814 1111//1111 1233//1233
f 919//919 920//920 1235//1235
f 1006//1006 1234//1234 1237//1237
f 1006//1006 1237//1237 1241//1241
f 814//814 1239//1239 1111//1111
f 1110//1110 1116//1116 1008//1008
f 1007//1007 1241//1241 816//816
f 920//920 817//817 1114//1114
f 815//815 1009//1009 1242//1242
f 815//815 1242//1242 1239//1239
f 1008//1008 1116//1116 923//923
f 817//817 1010//1010 1114//1114
f 816//816 1382//1382 926//926
f 1009//1009 928//928 1118//1118
f 929//929 930//930 1249//1249
f 930//930 712//712 1390//1390
f 819//819 822//822 1251//1251
f 819//819 1251//1251 1118//1118
f 1119//1119 1250//1250 823//823
f 822//822 931//931 1251//1251
f 931//931 1392//1392 1251//1251
f 931//931 1011//1011 1120//1120
f 1252//1252 1253//1253 1012//1012
f 936//936 1122//1122 937//937
f 829//829 1256//1256 1013//1013
f 1122//1122 1123//1123 937//937
f 1013//1013 1256//1256 828//828
f 1259//1259 1014//1014 1127//1127
f 1259//1259 1127//1127 1128//1128
f 1126//1126 1015//1015 1125//1125
f 1126//1126 1125//1125 1014//1014
f 1402//1402 1261//1261 938//938
f 1404//1404 939//939 1129//1129
f 939//939 1130//1130 1129//1129
f 1130//1130 940//940 1131//1131
f 832//832 1545//1545 1018//1018
f 941//941 1139//1139 1131//1131
f 1019//1019 1263//1263 1133//1133
f 1018//1018 1545//1545 1560//1560
f 1020//1020 1027//1027 1406//1406
f 1263//1263 1028//1028 1553//1553
f 1028//1028 1021//1021 1553//1553
f 1021//1021 1022//1022 1276//1276
f 1022//1022 1023//1023 1276//1276
f 836//836 1024//1024 1267//1267
f 1024//1024 1134//1134 1413//1413
f 1025//1025 1026//1026 945//945
f 1031//1031 1277//1277 1270//1270
f 1135//1135 1029//1029 1138//1138
f 1030//1030 842//842 1136//1136
f 1275//1275 1143//1143 1034//1034
f 1275//1275 1034//1034 1549//1549
f 1020//1020 1406//1406 1034//1034
f 1549//1549 1034//1034 1406//1406
f 1033//1033 1560//1560 1032//1032
f 1139//1139 1035//1035 1571//1571
f 1277//1277 1142//1142 1137//1137
f 1274//1274 1143//1143 1275//1275
f 1137//1137 1142//1142 1036//1036
f 1141//1141 1281//1281 1143//1143
f 1036//1036 1147//1147 1282//1282
f 1036//1036 1282//1282 1144//1144
f 1281//1281 1145//1145 1143//1143
f 948//948 1145//1145 1285//1285
f 949//949 1146//1146 1283//1283
f 949//949 1283//1283 1147//1147
f 1038//1038 1584//1584 1041//1041
f 1042//1042 1432//1432 856//856
f 1044//1044 1039//1039 1146//1146
f 1044//1044 1146//1146 949//949
f 1041//1041 1434//1434 1153//1153
f 1154//1154 1150//1150 1042//1042
f 1155//1155 1045//1045 1602//1602
f 1155//1155 1438//1438 1046//1046
f 1438//1438 1156//1156 1046//1046
f 1156//1156 1047//1047 1046//1046
f 1157//1157 1439//1439 1158//1158
f 1157//1157 1158//1158 957//957
f 1047//1047 1296//1296 958//958
f 957//957 748//748 1294//1294
f 748//748 959//959 1294//1294
f 1159//1159 1161//1161 1049//1049
f 958//958 1296//1296 1302//1302
f 1612//1612 1050//1050 1164//1164
f 1612//1612 1299//1299 1050//1050
f 1444//1444 1303//1303 1162//1162
f 1162//1162 1303//1303 1304//1304
f 1447//1447 1164//1164 1053//1053
f 1304//1304 1446//1446 1054//1054
f 1166//1166 504//504 1310//1310
f 1311//1311 1168//1168 1167//1167
f 504//504 1169//1169 1310//1310
f 1169//1169 1058//1058 1312//1312
f 1057//1057 1311//1311 1170//1170
f 1057//1057 1313//1313 1311//1311
f 1057//1057 1170//1170 1313//1313
f 1168//1168 1313//1313 1059//1059
f 1311//1311 1313//1313 1168//1168
f 1169//1169 1454//1454 1058//1058
f 962//962 965//965 1170//1170
f 962//962 1170//1170 964//964
f 1169//1169 1457//1457 1454//1454
f 963//963 1171//1171 1172//1172
f 963//963 1172//1172 966//966
f 963//963 1173//1173 1171//1171
f 1171//1171 1173//1173 1172//1172
f 965//965 756//756 1170//1170
f 1173//1173 875//875 1176//1176
f 966//966 1176//1176 875//875
f 1061//1061 1063//1063 1175//1175
f 1064//1064 1460//1460 1177//1177
f 1065//1065 1318//1318 968//968
f 1065//1065 1319//1319 1318//1318
f 760//760 876//876 1320//1320
f 1066//1066 518//518 1463//1463
f 518//518 1178//1178 1463//1463
f 1180//1180 1625//1625 1462//1462
f 1179//1179 1462//1462 2131//2131
f 1066//1066 1764//1764 1181//1181
f 879//879 1068//1068 1182//1182
f 969//969 767//767 881//881
f 971//971 1183//1183 1067//1067
f 1070//1070 1466//1466 768//768
f 971//971 975//975 1183//1183
f 1182//1182 1184//1184 1071//1071
f 881//881 769//769 1326//1326
f 768//768 1466//1466 1072//1072
f 975//975 1074//1074 1183//1183
f 1467//1467 1183//1183 1074//1074
f 769//769 1073//1073 1326//1326
f 1071//1071 1185//1185 973//973
f 1326//1326 1073//1073 1330//1330
f 973//973 1185//1185 1331//1331
f 1330//1330 1186//1186 1329//1329
f 974//974 1187//1187 1188//1188
f 1186//1186 1075//1075 1329//1329
f 1075//1075 1190//1190 1077//1077
f 976//976 778//778 1191//1191
f 778//778 1192//1192 1191//1191
f 1191//1191 1192//1192 1473//1473
f 885//885 1335//1335 1338//1338
f 979//979 1337//1337 1193//1193
f 1192//1192 1079//1079 1195//1195
f 885//885 1338//1338 1194//1194
f 885//885 1194//1194 981//981
f 980//980 1196//1196 982//982
f 1079//1079 888//888 1480//1480
f 1079//1079 1480//1480 1195//1195
f 981//981 1194//1194 1198//1198
f 981//981 1198//1198 1201//1201
f 888//888 1341//1341 1480//1480
f 1201//1201 1198//1198 1199//1199
f 888//888 984//984 1341//1341
f 1082//1082 985//985 1344//1344
f 983//983 1200//1200 1345//1345
f 986//986 1202//1202 1347//1347
f 985//985 1084//1084 1348//1348
f 985//985 1348//1348 1344//1344
f 1083//1083 1205//1205 1203//1203
f 986//986 1496//1496 787//787
f 1084//1084 1351//1351 1348//1348
f 891//891 1204//1204 1205//1205
f 1208//1208 1496//1496 1206//1206
f 1084//1084 896//896 1351//1351
f 987//987 1346//1346 1207//1207
f 896//896 1353//1353 1351//1351
f 987//987 1207//1207 1352//1352
f 896//896 1085//1085 1353//1353
f 1204//1204 988//988 1210//1210
f 1208//1208 1211//1211 894//894
f 988//988 659//659 1210//1210
f 989//989 992//992 1360//1360
f 1215//1215 1361//1361 1213//1213
f 992//992 1509//1509 1360//1360
f 992//992 1216//1216 1509//1509
f 1214//1214 1088//1088 1217//1217
f 1215//1215 1362//1362 1090//1090
f 1089//1089 1218//1218 996//996
f 994//994 1219//1219 1217//1217
f 1090//1090 1785//1785 904//904
f 995//995 905//905 1513//1513
f 1218//1218 1512//1512 996//996
f 1512//1512 1095//1095 996//996
f 1221//1221 1363//1363 1219//1219
f 1512//1512 1222//1222 1095//1095
f 1091//1091 1366//1366 911//911
f 997//997 1224//1224 1094//1094
f 1221//1221 1003//1003 1367//1367
f 997//997 1098//1098 1224//1224
f 999//999 1366//1366 1225//1225
f 1099//1099 1095//1095 1226//1226
f 1365//1365 1226//1226 1095//1095
f 1225//1225 1100//1100 999//999
f 1003//1003 1104//1104 1367//1367
f 1098//1098 1001//1001 1224//1224
f 1224//1224 1001//1001 1101//1101
f 1100//1100 1518//1518 1103//1103
f 1001//1001 1002//1002 1369//1369
f 1103//1103 1518//1518 1106//1106
f 1518//1518 1228//1228 1106//1106
f 1002//1002 1105//1105 1369//1369
f 1104//1104 1524//1524 1227//1227
f 1228//1228 1230//1230 1106//1106
f 915//915 1107//1107 1524//1524
f 1106//1106 1230//1230 914//914
f 1226//1226 1373//1373 1004//1004
f 914//914 1230//1230 1108//1108
f 1105//1105 1372//1372 1231//1231
f 1230//1230 1523//1523 1108//1108
f 1105//1105 1374//1374 1372//1372
f 1004//1004 1373//1373 1109//1109
f 1374//1374 812//812 1233//1233
f 1108//1108 1525//1525 1006//1006
f 812//812 814//814 1233//1233
f 1006//1006 1525//1525 1234//1234
f 1232//1232 1235//1235 1375//1375
f 1111//1111 1236//1236 1233//1233
f 1536//1536 1382//1382 1241//1241
f 1241//1241 1382//1382 816//816
f 1242//1242 1009//1009 1386//1386
f 1010//1010 1389//1389 1114//1114
f 1009//1009 1118//1118 1386//1386
f 1382//1382 1388//1388 926//926
f 924//924 923//923 1678//1678
f 1118//1118 1248//1248 1386//1386
f 1010//1010 929//929 1389//1389
f 929//929 1249//1249 1389//1389
f 1678//1678 1390//1390 924//924
f 1118//1118 1247//1247 1248//1248
f 926//926 1388//1388 1681//1681
f 930//930 1390//1390 1249//1249
f 926//926 1681//1681 1119//1119
f 1118//1118 1251//1251 1247//1247
f 1119//1119 1391//1391 1250//1250
f 823//823 1250//1250 1252//1252
f 931//931 1120//1120 1392//1392
f 1252//1252 1684//1684 1253//1253
f 1011//1011 1393//1393 1120//1120
f 1012//1012 1253//1253 1254//1254
f 1393//1393 1121//1121 1394//1394
f 1254//1254 1255//1255 826//826
f 1253//1253 1255//1255 1254//1254
f 1255//1255 1256//1256 829//829
f 1122//1122 1686//1686 1123//1123
f 1256//1256 1540//1540 828//828
f 828//828 1540//1540 1124//1124
f 1540//1540 1257//1257 1124//1124
f 1124//1124 1257//1257 1122//1122
f 1398//1398 1258//1258 1259//1259
f 1690//1690 1126//1126 1260//1260
f 1260//1260 1126//1126 1258//1258
f 1258//1258 1126//1126 1259//1259
f 1014//1014 1259//1259 1126//1126
f 1399//1399 1015//1015 1126//1126
f 1259//1259 1128//1128 1403//1403
f 1399//1399 1402//1402 1015//1015
f 1128//1128 1404//1404 1403//1403
f 832//832 938//938 1261//1261
f 832//832 1261//1261 1405//1405
f 832//832 1405//1405 1544//1544
f 832//832 1544//1544 1545//1545
f 1027//1027 1266//1266 1406//1406
f 1027//1027 942//942 1266//1266
f 942//942 1133//1133 1262//1262
f 942//942 1262//1262 1266//1266
f 1133//1133 1263//1263 1709//1709
f 1267//1267 1024//1024 1268//1268
f 1024//1024 1413//1413 1268//1268
f 1134//1134 1132//1132 1413//1413
f 945//945 1026//1026 1264//1264
f 1026//1026 1269//1269 1264//1264
f 1026//1026 1270//1270 1269//1269
f 1135//1135 1138//1138 1559//1559
f 842//842 1555//1555 1136//1136
f 842//842 836//836 1555//1555
f 836//836 1267//1267 1555//1555
f 1270//1270 1277//1277 1410//1410
f 1030//1030 1419//1419 1140//1140
f 1137//1137 1036//1036 1279//1279
f 1274//1274 1141//1141 1143//1143
f 840//840 844//844 1424//1424
f 844//844 1032//1032 1421//1421
f 844//844 1421//1421 1424//1424
f 1032//1032 1560//1560 1422//1422
f 1035//1035 1140//1140 1571//1571
f 1279//1279 1036//1036 1144//1144
f 1279//1279 1144//1144 1280//1280
f 1141//1141 1427//1427 1281//1281
f 1144//1144 1282//1282 1280//1280
f 1145//1145 1284//1284 1285//1285
f 1283//1283 1430//1430 1147//1147
f 948//948 1285//1285 1592//1592
f 948//948 1592//1592 1286//1286
f 1148//1148 1582//1582 1037//1037
f 1037//1037 1582//1582 1287//1287
f 1037//1037 1287//1287 1149//1149
f 1150//1150 1432//1432 1042//1042
f 856//856 1432//1432 1429//1429
f 1151//1151 1589//1589 953//953
f 1040//1040 1593//1593 1148//1148
f 1152//1152 1433//1433 1043//1043
f 1290//1290 1598//1598 1154//1154
f 1153//1153 1597//1597 1291//1291
f 1604//1604 1156//1156 1292//1292
f 1599//1599 1439//1439 1157//1157
f 956//956 1293//1293 1290//1290
f 1438//1438 1292//1292 1156//1156
f 1047//1047 1156//1156 1744//1744
f 1157//1157 957//957 1294//1294
f 1047//1047 1744//1744 1296//1296
f 1160//1160 1441//1441 1608//1608
f 1160//1160 1048//1048 1441//1441
f 1050//1050 1609//1609 1159//1159
f 1295//1295 1159//1159 1609//1609
f 1160//1160 1608//1608 1162//1162
f 1048//1048 1297//1297 1441//1441
f 1161//1161 1298//1298 1049//1049
f 1050//1050 1299//1299 1609//1609
f 959//959 1607//1607 1294//1294
f 1162//1162 1608//1608 1443//1443
f 1163//1163 1441//1441 1297//1297
f 1048//1048 1163//1163 1297//1297
f 1162//1162 1443//1443 1444//1444
f 1303//1303 1444//1444 1300//1300
f 1163//1163 1300//1300 1441//1441
f 1049//1049 1298//1298 1447//1447
f 1053//1053 1049//1049 1447//1447
f 1298//1298 1301//1301 1447//1447
f 1612//1612 1164//1164 1301//1301
f 1298//1298 1612//1612 1301//1301
f 1163//1163 1304//1304 1303//1303
f 1163//1163 1303//1303 1300//1300
f 1304//1304 1052//1052 1446//1446
f 1304//1304 1446//1446 1303//1303
f 1447//1447 1301//1301 1164//1164
f 1303//1303 1615//1615 1304//1304
f 1052//1052 1054//1054 1446//1446
f 959//959 620//620 1306//1306
f 865//865 1302//1302 1055//1055
f 620//620 1165//1165 1306//1306
f 1166//1166 1310//1310 1617//1617
f 1453//1453 1311//1311 1167//1167
f 1169//1169 1312//1312 1310//1310
f 1310//1310 1312//1312 1452//1452
f 964//964 1170//1170 1314//1314
f 1313//1313 1455//1455 1059//1059
f 964//964 1314//1314 1060//1060
f 1170//1170 756//756 1456//1456
f 1170//1170 1456//1456 1314//1314
f 1060//1060 1456//1456 756//756
f 1059//1059 1455//1455 1458//1458
f 1173//1173 1176//1176 1172//1172
f 966//966 1172//1172 1176//1176
f 1060//1060 1315//1315 1174//1174
f 1060//1060 1174//1174 1456//1456
f 1061//1061 1175//1175 1457//1457
f 1172//1172 1175//1175 1316//1316
f 1172//1172 1316//1316 1176//1176
f 1062//1062 1174//1174 1761//1761
f 1063//1063 1317//1317 1175//1175
f 1062//1062 1761//1761 1459//1459
f 1063//1063 1622//1622 1317//1317
f 1063//1063 1623//1623 1622//1622
f 1064//1064 1459//1459 1460//1460
f 1623//1623 968//968 1318//1318
f 876//876 1177//1177 1624//1624
f 876//876 1624//1624 2015//2015
f 876//876 2015//2015 1320//1320
f 1065//1065 1461//1461 1319//1319
f 1066//1066 1322//1322 1321//1321
f 1066//1066 1463//1463 1322//1322
f 1625//1625 1180//1180 1323//1323
f 2131//2131 1765//1765 1179//1179
f 1324//1324 1067//1067 1626//1626
f 1179//1179 1765//1765 1068//1068
f 1179//1179 1068//1068 766//766
f 1067//1067 1183//1183 1465//1465
f 1068//1068 1628//1628 1182//1182
f 1070//1070 1767//1767 1466//1466
f 881//881 1326//1326 1769//1769
f 1467//1467 1464//1464 1183//1183
f 1466//1466 1627//1627 1327//1327
f 1466//1466 1327//1327 1072//1072
f 1071//1071 1184//1184 1185//1185
f 1326//1326 1330//1330 1328//1328
f 1325//1325 1326//1326 1328//1328
f 1072//1072 1327//1327 1187//1187
f 1467//1467 1074//1074 1327//1327
f 1184//1184 1328//1328 1185//1185
f 1185//1185 1328//1328 1329//1329
f 1328//1328 1330//1330 1329//1329
f 1327//1327 1074//1074 1332//1332
f 1185//1185 1329//1329 1331//1331
f 1187//1187 1327//1327 1333//1333
f 1187//1187 1333//1333 1188//1188
f 1327//1327 1332//1332 1333//1333
f 1331//1331 1329//1329 1468//1468
f 1468//1468 1329//1329 1075//1075
f 976//976 1191//1191 1332//1332
f 1333//1333 1332//1332 1191//1191
f 1331//1331 1468//1468 1334//1334
f 1189//1189 1333//1333 1336//1336
f 977//977 1331//1331 1335//1335
f 1331//1331 1334//1334 1335//1335
f 1333//1333 1191//1191 1470//1470
f 1189//1189 1336//1336 1076//1076
f 1334//1334 1077//1077 1474//1474
f 1334//1334 1075//1075 1077//1077
f 1076//1076 1336//1336 1473//1473
f 1471//1471 1076//1076 1473//1473
f 1077//1077 1472//1472 1474//1474
f 1471//1471 1473//1473 979//979
f 1474//1474 1472//1472 1078//1078
f 979//979 1473//1473 1337//1337
f 1473//1473 1192//1192 1195//1195
f 1338//1338 1474//1474 1476//1476
f 1474//1474 1078//1078 1476//1476
f 1473//1473 1195//1195 1479//1479
f 1338//1338 1476//1476 1339//1339
f 1338//1338 1339//1339 1194//1194
f 1078//1078 1080//1080 1476//1476
f 1193//1193 1337//1337 1477//1477
f 1476//1476 1197//1197 1340//1340
f 1476//1476 1080//1080 1197//1197
f 1193//1193 1477//1477 980//980
f 1194//1194 1339//1339 1478//1478
f 1479//1479 1480//1480 1341//1341
f 1479//1479 1195//1195 1480//1480
f 1194//1194 1478//1478 1198//1198
f 1196//1196 980//980 1483//1483
f 980//980 1477//1477 1483//1483
f 1081//1081 1342//1342 1197//1197
f 1340//1340 1197//1197 1342//1342
f 1196//1196 1483//1483 982//982
f 1198//1198 1478//1478 1199//1199
f 1081//1081 1082//1082 1342//1342
f 982//982 1483//1483 983//983
f 1483//1483 1477//1477 1487//1487
f 1199//1199 1478//1478 1488//1488
f 983//983 1483//1483 1200//1200
f 1483//1483 1487//1487 1200//1200
f 984//984 1485//1485 1341//1341
f 1199//1199 1488//1488 1201//1201
f 1341//1341 1485//1485 1492//1492
f 984//984 1083//1083 1485//1485
f 1201//1201 1488//1488 1202//1202
f 1488//1488 1478//1478 1202//1202
f 1343//1343 1082//1082 1344//1344
f 1343//1343 1344//1344 1493//1493
f 1492//1492 1485//1485 1494//1494
f 1200//1200 1487//1487 1345//1345
f 1083//1083 1494//1494 1485//1485
f 1083//1083 1203//1203 1494//1494
f 1202//1202 1496//1496 1347//1347
f 987//987 1345//1345 1346//1346
f 1345//1345 1495//1495 1346//1346
f 1494//1494 1203//1203 1205//1205
f 1347//1347 1496//1496 986//986
f 1493//1493 1344//1344 1348//1348
f 1493//1493 1348//1348 1351//1351
f 1493//1493 1351//1351 1349//1349
f 1346//1346 1495//1495 1497//1497
f 1205//1205 1204//1204 1350//1350
f 1208//1208 1637//1637 1354//1354
f 1208//1208 1354//1354 1211//1211
f 1085//1085 1355//1355 1353//1353
f 1085//1085 1642//1642 1355//1355
f 1209//1209 1640//1640 1502//1502
f 1209//1209 1502//1502 1356//1356
f 1354//1354 1504//1504 1211//1211
f 1085//1085 1086//1086 1642//1642
f 1356//1356 1357//1357 1087//1087
f 1211//1211 1504//1504 1646//1646
f 1211//1211 1646//1646 1358//1358
f 1087//1087 1357//1357 1645//1645
f 1086//1086 989//989 1506//1506
f 1086//1086 1506//1506 1359//1359
f 989//989 1360//1360 1506//1506
f 791//791 990//990 1649//1649
f 1358//1358 1508//1508 901//901
f 1087//1087 1645//1645 1361//1361
f 990//990 1652//1652 1649//1649
f 901//901 1508//1508 1653//1653
f 990//990 1214//1214 1652//1652
f 901//901 1653//1653 1212//1212
f 1362//1362 1215//1215 1213//1213
f 1212//1212 1653//1653 991//991
f 991//991 1653//1653 1089//1089
f 904//904 1785//1785 1514//1514
f 905//905 1364//1364 1513//1513
f 904//904 1514//1514 1220//1220
f 905//905 1223//1223 1364//1364
f 1220//1220 1514//1514 1655//1655
f 1220//1220 1655//1655 1091//1091
f 1221//1221 1515//1515 1363//1363
f 1222//1222 1512//1512 1656//1656
f 1223//1223 1094//1094 1516//1516
f 1091//1091 1655//1655 1366//1366
f 1221//1221 1367//1367 1515//1515
f 1222//1222 1656//1656 1658//1658
f 1222//1222 1658//1658 1095//1095
f 1094//1094 1224//1224 1516//1516
f 1095//1095 1658//1658 1365//1365
f 1225//1225 1518//1518 1100//1100
f 1367//1367 1104//1104 1519//1519
f 1365//1365 1517//1517 1226//1226
f 1104//1104 1521//1521 1519//1519
f 1226//1226 1517//1517 1368//1368
f 1101//1101 1001//1001 1922//1922
f 1104//1104 1227//1227 1521//1521
f 1229//1229 1226//1226 1368//1368
f 1001//1001 1369//1369 1922//1922
f 1228//1228 1665//1665 1230//1230
f 1521//1521 1227//1227 1524//1524
f 1229//1229 1368//1368 1370//1370
f 1229//1229 1370//1370 1226//1226
f 1369//1369 1105//1105 1231//1231
f 1226//1226 1370//1370 1373//1373
f 1107//1107 1371//1371 1524//1524
f 1370//1370 1522//1522 1373//1373
f 1523//1523 1525//1525 1108//1108
f 1374//1374 1527//1527 1372//1372
f 1232//1232 1526//1526 1107//1107
f 1109//1109 1373//1373 1673//1673
f 1374//1374 1233//1233 1527//1527
f 1525//1525 1528//1528 1234//1234
f 1673//1673 1529//1529 1109//1109
f 1233//1233 1236//1236 1527//1527
f 1109//1109 1529//1529 1376//1376
f 1236//1236 1111//1111 1532//1532
f 1111//1111 1239//1239 1532//1532
f 1235//1235 920//920 1380//1380
f 1235//1235 1380//1380 1533//1533
f 1376//1376 1377//1377 1110//1110
f 1378//1378 1241//1241 1237//1237
f 920//920 1114//1114 1380//1380
f 1110//1110 1377//1377 1116//1116
f 1116//1116 1377//1377 1535//1535
f 1239//1239 1242//1242 1381//1381
f 1239//1239 1381//1381 1379//1379
f 1386//1386 1381//1381 1242//1242
f 1536//1536 1385//1385 1382//1382
f 1114//1114 1676//1676 1380//1380
f 1535//1535 1383//1383 1116//1116
f 1381//1381 1386//1386 1384//1384
f 1385//1385 1388//1388 1382//1382
f 1114//1114 1389//1389 1676//1676
f 1116//1116 1383//1383 1678//1678
f 1116//1116 1678//1678 923//923
f 1385//1385 1387//1387 1388//1388
f 1386//1386 1246//1246 1384//1384
f 1386//1386 1248//1248 1246//1246
f 1247//1247 1251//1251 1539//1539
f 1119//1119 1681//1681 1391//1391
f 1251//1251 1392//1392 1539//1539
f 1250//1250 1814//1814 1252//1252
f 1252//1252 1814//1814 1684//1684
f 937//937 1123//1123 1394//1394
f 1255//1255 1944//1944 1685//1685
f 1255//1255 1685//1685 1256//1256
f 1685//1685 1687//1687 1256//1256
f 1257//1257 1817//1817 1122//1122
f 1687//1687 1395//1395 1256//1256
f 1256//1256 1541//1541 1540//1540
f 1540//1540 1541//1541 1396//1396
f 1540//1540 1396//1396 1257//1257
f 1257//1257 1396//1396 1817//1817
f 1395//1395 1541//1541 1256//1256
f 1396//1396 1398//1398 1397//1397
f 1690//1690 1260//1260 1395//1395
f 1396//1396 1258//1258 1398//1398
f 1395//1395 1260//1260 1258//1258
f 1399//1399 1126//1126 1690//1690
f 1259//1259 1403//1403 1400//1400
f 1399//1399 1401//1401 1402//1402
f 1402//1402 1401//1401 1261//1261
f 1404//1404 1129//1129 1403//1403
f 1129//1129 1130//1130 1543//1543
f 1130//1130 1131//1131 1547//1547
f 1709//1709 1263//1263 1552//1552
f 1263//1263 1553//1553 1552//1552
f 1139//1139 1694//1694 1131//1131
f 1413//1413 1132//1132 1409//1409
f 1274//1274 1275//1275 1549//1549
f 1021//1021 1276//1276 1710//1710
f 1021//1021 1710//1710 1407//1407
f 1276//1276 1023//1023 1417//1417
f 1276//1276 1417//1417 1554//1554
f 1023//1023 1135//1135 1417//1417
f 1135//1135 1559//1559 1417//1417
f 1267//1267 1411//1411 1555//1555
f 1267//1267 1412//1412 1411//1411
f 1267//1267 1268//1268 1412//1412
f 1268//1268 1413//1413 1412//1412
f 1277//1277 1137//1137 1410//1410
f 1137//1137 1279//1279 1410//1410
f 1416//1416 1141//1141 1274//1274
f 1138//1138 1563//1563 1559//1559
f 1138//1138 1029//1029 1563//1563
f 1139//1139 1571//1571 1418//1418
f 1030//1030 1136//1136 1419//1419
f 1136//1136 1561//1561 1419//1419
f 1136//1136 1555//1555 1561//1561
f 1279//1279 1420//1420 1556//1556
f 1557//1557 1141//1141 1416//1416
f 1029//1029 840//840 1424//1424
f 1032//1032 1422//1422 1421//1421
f 1571//1571 1140//1140 1425//1425
f 1140//1140 1419//1419 1425//1425
f 1279//1279 1280//1280 1420//1420
f 1557//1557 1427//1427 1141//1141
f 1427//1427 1853//1853 1281//1281
f 1147//1147 1590//1590 1282//1282
f 1280//1280 1282//1282 1580//1580
f 1593//1593 1849//1849 1428//1428
f 1593//1593 1428//1428 1148//1148
f 1149//1149 1287//1287 1431//1431
f 1149//1149 1431//1431 1038//1038
f 1038//1038 1431//1431 1584//1584
f 1041//1041 1584//1584 1434//1434
f 1585//1585 1434//1434 1584//1584
f 856//856 1429//1429 1151//1151
f 1151//1151 1429//1429 1589//1589
f 1589//1589 1586//1586 953//953
f 1152//1152 1579//1579 1433//1433
f 1286//1286 1592//1592 1040//1040
f 1153//1153 1434//1434 1597//1597
f 1585//1585 1597//1597 1434//1434
f 1154//1154 1598//1598 1150//1150
f 1039//1039 1043//1043 1146//1146
f 1291//1291 1597//1597 1738//1738
f 1290//1290 1437//1437 1598//1598
f 1291//1291 1738//1738 1045//1045
f 1155//1155 1602//1602 1438//1438
f 1158//1158 1439//1439 1601//1601
f 1158//1158 1601//1601 613//613
f 1601//1601 1293//1293 613//613
f 1293//1293 1437//1437 1290//1290
f 1743//1743 1157//1157 1294//1294
f 1156//1156 1605//1605 1744//1744
f 1159//1159 1295//1295 1440//1440
f 1159//1159 1440//1440 1161//1161
f 1161//1161 1440//1440 1298//1298
f 1298//1298 1440//1440 1612//1612
f 1612//1612 1442//1442 1299//1299
f 1607//1607 959//959 1306//1306
f 1612//1612 1301//1301 1442//1442
f 1443//1443 1445//1445 1444//1444
f 1444//1444 1615//1615 1300//1300
f 1303//1303 1446//1446 1615//1615
f 1448//1448 1442//1442 1301//1301
f 1444//1444 1445//1445 1307//1307
f 1444//1444 1307//1307 1615//1615
f 1615//1615 1446//1446 1304//1304
f 1056//1056 1309//1309 1055//1055
f 1056//1056 1055//1055 1616//1616
f 1165//1165 1166//1166 1450//1450
f 1166//1166 1617//1617 1450//1450
f 1453//1453 1167//1167 1616//1616
f 1056//1056 1616//1616 1167//1167
f 1617//1617 1310//1310 1452//1452
f 1453//1453 1455//1455 1311//1311
f 1452//1452 1312//1312 1454//1454
f 1311//1311 1455//1455 1170//1170
f 1170//1170 1455//1455 1313//1313
f 1312//1312 1058//1058 1454//1454
f 1314//1314 1456//1456 1455//1455
f 1171//1171 1454//1454 1457//1457
f 1171//1171 1457//1457 1172//1172
f 1171//1171 1172//1172 1758//1758
f 1314//1314 1456//1456 1060//1060
f 1315//1315 1060//1060 1456//1456
f 1172//1172 1176//1176 1316//1316
f 1172//1172 1316//1316 1758//1758
f 1457//1457 1758//1758 1316//1316
f 1457//1457 1316//1316 1172//1172
f 1320//1320 1893//1893 1461//1461
f 1178//1178 1324//1324 1463//1463
f 1066//1066 1321//1321 1764//1764
f 1180//1180 1895//1895 1323//1323
f 1180//1180 1069//1069 1895//1895
f 1181//1181 1764//1764 1766//1766
f 1181//1181 1766//1766 1070//1070
f 969//969 881//881 1769//1769
f 1767//1767 1627//1627 1466//1466
f 1183//1183 1464//1464 1465//1465
f 1769//1769 1326//1326 1325//1325
f 1182//1182 1325//1325 1184//1184
f 1627//1627 1464//1464 1467//1467
f 1627//1627 1467//1467 1327//1327
f 1184//1184 1325//1325 1328//1328
f 1188//1188 1333//1333 1189//1189
f 1334//1334 1468//1468 1075//1075
f 1333//1333 1470//1470 1336//1336
f 1335//1335 1334//1334 1469//1469
f 1334//1334 1474//1474 1469//1469
f 1336//1336 1470//1470 1473//1473
f 1335//1335 1469//1469 1474//1474
f 1191//1191 1473//1473 1470//1470
f 1335//1335 1474//1474 1338//1338
f 1473//1473 1479//1479 1337//1337
f 1337//1337 1479//1479 1477//1477
f 1339//1339 1476//1476 1482//1482
f 1339//1339 1482//1482 1478//1478
f 1476//1476 1340//1340 1482//1482
f 1477//1477 1479//1479 1481//1481
f 1478//1478 1482//1482 1484//1484
f 1477//1477 1481//1481 1630//1630
f 1340//1340 1342//1342 1484//1484
f 1340//1340 1484//1484 1482//1482
f 1481//1481 1479//1479 1630//1630
f 1342//1342 1343//1343 1484//1484
f 1477//1477 1630//1630 1631//1631
f 1477//1477 1631//1631 1487//1487
f 1630//1630 1479//1479 1341//1341
f 1484//1484 1486//1486 1478//1478
f 1343//1343 1342//1342 1082//1082
f 1630//1630 1341//1341 1492//1492
f 1484//1484 1343//1343 1490//1490
f 1478//1478 1486//1486 1202//1202
f 1343//1343 1493//1493 1490//1490
f 1202//1202 1486//1486 1489//1489
f 1631//1631 1492//1492 1491//1491
f 1489//1489 1490//1490 1493//1493
f 1487//1487 1495//1495 1345//1345
f 1487//1487 1631//1631 1495//1495
f 1492//1492 1494//1494 1491//1491
f 1491//1491 1494//1494 1634//1634
f 1202//1202 1489//1489 1496//1496
f 1489//1489 1498//1498 1496//1496
f 1489//1489 1493//1493 1349//1349
f 1494//1494 1205//1205 1634//1634
f 1349//1349 1351//1351 1635//1635
f 1634//1634 1205//1205 1350//1350
f 1346//1346 1497//1497 1207//1207
f 1496//1496 1498//1498 1206//1206
f 1635//1635 1351//1351 1499//1499
f 1207//1207 1497//1497 1352//1352
f 1350//1350 1639//1639 1500//1500
f 1204//1204 1639//1639 1350//1350
f 1208//1208 1206//1206 1637//1637
f 1352//1352 1497//1497 1209//1209
f 1497//1497 1638//1638 1209//1209
f 1637//1637 1206//1206 1501//1501
f 1353//1353 1355//1355 1351//1351
f 1499//1499 1351//1351 1355//1355
f 1204//1204 1210//1210 1500//1500
f 1204//1204 1500//1500 1639//1639
f 1209//1209 1638//1638 1640//1640
f 1210//1210 1503//1503 1500//1500
f 1499//1499 1355//1355 1642//1642
f 1500//1500 1503//1503 1644//1644
f 1499//1499 1642//1642 1641//1641
f 1640//1640 1638//1638 1502//1502
f 1641//1641 1642//1642 1359//1359
f 1354//1354 1501//1501 1505//1505
f 1354//1354 1505//1505 1504//1504
f 1642//1642 1086//1086 1359//1359
f 1356//1356 1502//1502 1357//1357
f 1210//1210 1644//1644 1503//1503
f 1504//1504 1505//1505 1646//1646
f 1357//1357 1502//1502 1645//1645
f 1210//1210 791//791 1507//1507
f 1210//1210 1507//1507 1644//1644
f 791//791 1649//1649 1507//1507
f 1358//1358 1646//1646 1650//1650
f 1508//1508 1358//1358 1650//1650
f 1776//1776 1506//1506 1360//1360
f 1776//1776 1360//1360 1901//1901
f 1214//1214 1217//1217 1652//1652
f 1362//1362 1213//1213 1090//1090
f 1217//1217 1654//1654 1652//1652
f 1089//1089 1653//1653 1909//1909
f 1216//1216 995//995 1509//1509
f 1217//1217 1219//1219 1654//1654
f 1089//1089 1909//1909 1218//1218
f 1219//1219 1511//1511 1654//1654
f 995//995 1513//1513 1510//1510
f 1513//1513 1364//1364 1787//1787
f 1512//1512 1658//1658 1656//1656
f 1364//1364 1223//1223 1516//1516
f 1515//1515 1367//1367 1657//1657
f 1660//1660 1515//1515 1657//1657
f 1367//1367 1660//1660 1657//1657
f 1225//1225 1366//1366 1659//1659
f 1225//1225 1659//1659 1518//1518
f 1367//1367 1519//1519 1660//1660
f 1365//1365 1658//1658 1517//1517
f 1224//1224 1101//1101 1792//1792
f 1101//1101 1922//1922 1792//1792
f 1517//1517 1520//1520 1368//1368
f 1665//1665 1669//1669 1230//1230
f 1231//1231 1372//1372 1670//1670
f 1523//1523 1798//1798 1525//1525
f 1371//1371 1107//1107 1526//1526
f 1371//1371 1526//1526 1524//1524
f 1522//1522 1799//1799 1373//1373
f 1373//1373 1799//1799 1673//1673
f 1528//1528 1525//1525 1672//1672
f 1232//1232 1375//1375 1526//1526
f 1527//1527 1236//1236 1674//1674
f 1528//1528 1530//1530 1234//1234
f 1235//1235 1531//1531 1375//1375
f 1376//1376 1529//1529 1675//1675
f 1530//1530 1237//1237 1234//1234
f 1235//1235 1533//1533 1531//1531
f 1377//1377 1376//1376 1675//1675
f 1378//1378 1237//1237 1530//1530
f 1239//1239 1379//1379 1532//1532
f 1378//1378 1534//1534 1241//1241
f 1241//1241 1534//1534 1536//1536
f 1385//1385 1536//1536 1677//1677
f 1381//1381 1384//1384 1537//1537
f 1385//1385 1677//1677 1387//1387
f 1537//1537 1384//1384 1246//1246
f 1387//1387 1808//1808 1388//1388
f 1678//1678 1538//1538 1390//1390
f 1388//1388 1808//1808 1681//1681
f 1391//1391 1683//1683 1250//1250
f 1392//1392 1813//1813 1539//1539
f 1683//1683 1814//1814 1250//1250
f 1394//1394 1816//1816 1393//1393
f 1253//1253 1942//1942 1944//1944
f 1253//1253 1944//1944 1255//1255
f 1817//1817 1686//1686 1122//1122
f 1396//1396 1397//1397 1817//1817
f 1687//1687 1690//1690 1395//1395
f 1395//1395 1258//1258 1541//1541
f 1541//1541 1258//1258 1396//1396
f 1397//1397 1398//1398 1818//1818
f 1818//1818 1398//1398 1400//1400
f 1259//1259 1400//1400 1398//1398
f 1401//1401 1399//1399 1691//1691
f 1400//1400 1403//1403 1820//1820
f 1403//1403 1129//1129 1543//1543
f 1261//1261 1542//1542 1405//1405
f 1130//1130 1547//1547 1543//1543
f 1546//1546 1696//1696 1824//1824
f 1406//1406 1266//1266 1549//1549
f 1262//1262 1133//1133 1708//1708
f 1133//1133 1550//1550 1708//1708
f 1133//1133 1709//1709 1550//1550
f 1545//1545 1828//1828 1560//1560
f 1131//1131 1694//1694 1547//1547
f 1132//1132 945//945 1695//1695
f 1132//1132 1695//1695 1548//1548
f 1264//1264 1695//1695 945//945
f 1270//1270 1410//1410 1551//1551
f 1270//1270 1551//1551 1269//1269
f 1410//1410 1700//1700 1551//1551
f 1274//1274 1827//1827 1416//1416
f 1274//1274 1549//1549 1827//1827
f 1553//1553 1021//1021 1407//1407
f 1554//1554 1710//1710 1276//1276
f 1412//1412 1413//1413 1408//1408
f 1413//1413 1409//1409 1408//1408
f 1132//1132 1711//1711 1409//1409
f 1410//1410 1279//1279 1556//1556
f 1410//1410 1556//1556 1700//1700
f 1709//1709 1552//1552 1716//1716
f 1552//1552 1553//1553 1716//1716
f 1553//1553 1558//1558 1716//1716
f 1553//1553 1407//1407 1558//1558
f 1407//1407 1710//1710 1558//1558
f 1710//1710 1554//1554 1558//1558
f 1555//1555 1411//1411 1717//1717
f 1412//1412 1408//1408 1718//1718
f 1408//1408 1409//1409 1718//1718
f 1409//1409 1711//1711 1718//1718
f 1556//1556 1420//1420 1837//1837
f 1558//1558 1554//1554 1569//1569
f 1554//1554 1417//1417 1569//1569
f 1417//1417 1559//1559 1569//1569
f 1029//1029 1424//1424 1563//1563
f 1561//1561 1555//1555 1572//1572
f 1555//1555 1717//1717 1572//1572
f 1411//1411 1565//1565 1717//1717
f 1412//1412 1718//1718 1565//1565
f 1420//1420 1280//1280 1837//1837
f 1837//1837 1280//1280 1566//1566
f 1713//1713 1426//1426 1722//1722
f 1559//1559 1570//1570 1569//1569
f 1559//1559 1563//1563 1570//1570
f 1563//1563 1574//1574 1570//1570
f 1424//1424 1421//1421 1575//1575
f 1421//1421 1422//1422 1848//1848
f 1425//1425 1419//1419 1577//1577
f 1419//1419 1561//1561 1577//1577
f 1566//1566 1280//1280 1580//1580
f 1568//1568 1725//1725 1557//1557
f 1557//1557 1725//1725 1427//1427
f 1563//1563 1424//1424 1574//1574
f 1424//1424 1575//1575 1574//1574
f 1418//1418 1571//1571 1576//1576
f 1425//1425 1577//1577 1729//1729
f 1569//1569 1570//1570 1585//1585
f 1570//1570 1574//1574 1585//1585
f 1561//1561 1150//1150 1577//1577
f 1561//1561 1432//1432 1150//1150
f 1561//1561 1572//1572 1432//1432
f 1572//1572 1578//1578 1429//1429
f 1282//1282 1590//1590 1580//1580
f 1281//1281 1853//1853 1284//1284
f 1281//1281 1284//1284 1145//1145
f 1148//1148 1428//1428 1582//1582
f 1716//1716 1582//1582 1428//1428
f 1582//1582 1727//1727 1287//1287
f 1727//1727 1583//1583 1431//1431
f 1727//1727 1431//1431 1287//1287
f 1583//1583 1569//1569 1431//1431
f 1569//1569 1584//1584 1431//1431
f 1569//1569 1585//1585 1584//1584
f 1577//1577 1598//1598 1588//1588
f 1577//1577 1150//1150 1598//1598
f 1572//1572 1429//1429 1432//1432
f 1578//1578 1726//1726 1589//1589
f 1578//1578 1589//1589 1429//1429
f 1726//1726 1586//1586 1589//1589
f 953//953 1586//1586 1579//1579
f 953//953 1579//1579 1152//1152
f 1147//1147 1430//1430 1590//1590
f 1284//1284 1591//1591 1285//1285
f 1285//1285 1591//1591 1592//1592
f 1592//1592 1859//1859 1040//1040
f 1040//1040 1859//1859 1593//1593
f 1585//1585 1587//1587 1733//1733
f 1579//1579 1730//1730 1433//1433
f 1433//1433 1730//1730 1594//1594
f 1433//1433 1594//1594 1043//1043
f 1043//1043 1594//1594 1595//1595
f 1146//1146 1595//1595 1596//1596
f 1146//1146 1596//1596 1283//1283
f 1856//1856 1283//1283 1596//1596
f 1043//1043 1595//1595 1146//1146
f 1585//1585 1733//1733 1597//1597
f 1862//1862 1738//1738 1597//1597
f 1045//1045 1738//1738 1602//1602
f 1739//1739 1602//1602 1738//1738
f 1602//1602 1603//1603 1438//1438
f 1739//1739 1603//1603 1602//1602
f 1438//1438 1603//1603 1604//1604
f 1438//1438 1604//1604 1292//1292
f 1156//1156 1604//1604 1605//1605
f 1743//1743 1599//1599 1157//1157
f 1741//1741 1599//1599 1743//1743
f 1439//1439 1599//1599 1600//1600
f 1439//1439 1600//1600 1601//1601
f 1736//1736 1437//1437 1293//1293
f 1605//1605 1742//1742 1744//1744
f 1743//1743 1294//1294 1607//1607
f 1295//1295 1745//1745 1440//1440
f 1440//1440 1745//1745 1613//1613
f 1295//1295 1609//1609 1745//1745
f 1745//1745 1609//1609 1606//1606
f 1296//1296 1744//1744 1746//1746
f 1443//1443 1608//1608 1610//1610
f 1745//1745 1609//1609 1613//1613
f 1440//1440 1613//1613 1612//1612
f 1613//1613 1609//1609 1442//1442
f 1442//1442 1609//1609 1299//1299
f 1296//1296 1746//1746 2094//2094
f 1296//1296 2094//2094 1302//1302
f 1607//1607 1306//1306 1614//1614
f 1443//1443 1610//1610 1445//1445
f 1441//1441 1300//1300 1611//1611
f 1611//1611 1300//1300 1610//1610
f 1301//1301 1612//1612 1752//1752
f 1612//1612 1613//1613 1752//1752
f 1613//1613 1442//1442 1752//1752
f 1445//1445 1610//1610 1615//1615
f 1610//1610 1300//1300 1615//1615
f 1301//1301 1752//1752 1448//1448
f 1442//1442 1448//1448 1752//1752
f 1302//1302 1750//1750 1055//1055
f 1306//1306 1165//1165 1871//1871
f 1165//1165 1450//1450 1871//1871
f 1445//1445 1751//1751 1307//1307
f 1615//1615 1307//1307 1751//1751
f 1615//1615 1751//1751 1754//1754
f 1055//1055 1750//1750 1616//1616
f 1452//1452 1882//1882 1755//1755
f 1453//1453 1883//1883 1455//1455
f 1452//1452 1454//1454 1882//1882
f 1454//1454 1756//1756 1882//1882
f 1314//1314 1455//1455 1619//1619
f 1454//1454 1171//1171 1618//1618
f 1454//1454 1618//1618 1756//1756
f 1314//1314 1619//1619 1456//1456
f 1456//1456 1619//1619 1886//1886
f 1456//1456 1886//1886 1455//1455
f 1171//1171 1758//1758 1618//1618
f 1457//1457 1756//1756 1758//1758
f 1455//1455 1886//1886 1885//1885
f 1455//1455 1885//1885 1458//1458
f 1457//1457 1175//1175 1756//1756
f 1172//1172 1316//1316 1758//1758
f 1456//1456 1759//1759 1315//1315
f 1456//1456 1174//1174 1759//1759
f 1315//1315 1759//1759 1174//1174
f 1458//1458 1885//1885 1174//1174
f 1174//1174 1885//1885 1759//1759
f 1172//1172 1758//1758 1621//1621
f 1172//1172 1621//1621 1175//1175
f 1316//1316 1621//1621 1758//1758
f 1175//1175 1621//1621 1316//1316
f 1174//1174 1759//1759 1761//1761
f 1759//1759 1620//1620 1761//1761
f 1175//1175 1317//1317 1621//1621
f 1622//1622 1623//1623 1891//1891
f 2015//2015 1893//1893 1320//1320
f 1462//1462 1625//1625 2131//2131
f 1324//1324 2019//2019 1463//1463
f 1070//1070 1766//1766 1767//1767
f 1069//1069 969//969 1769//1769
f 1627//1627 1465//1465 1464//1464
f 1182//1182 1628//1628 1325//1325
f 1628//1628 1897//1897 1325//1325
f 1769//1769 1325//1325 1897//1897
f 1631//1631 1630//1630 1492//1492
f 1484//1484 1490//1490 1486//1486
f 1486//1486 1490//1490 1489//1489
f 1631//1631 1491//1491 1495//1495
f 1495//1495 1491//1491 1632//1632
f 1489//1489 1349//1349 1498//1498
f 1632//1632 1491//1491 1634//1634
f 1349//1349 1635//1635 1498//1498
f 1349//1349 1635//1635 1633//1633
f 1632//1632 1634//1634 1495//1495
f 1495//1495 1634//1634 1636//1636
f 1634//1634 1350//1350 1636//1636
f 1495//1495 1636//1636 1497//1497
f 1498//1498 1635//1635 1499//1499
f 1636//1636 1350//1350 1500//1500
f 1636//1636 1500//1500 1773//1773
f 1206//1206 1774//1774 1501//1501
f 1354//1354 1637//1637 1501//1501
f 1773//1773 1500//1500 1644//1644
f 1774//1774 1770//1770 1641//1641
f 1499//1499 1641//1641 1770//1770
f 1638//1638 1773//1773 1643//1643
f 1501//1501 1774//1774 1505//1505
f 1773//1773 1644//1644 1643//1643
f 1505//1505 1774//1774 1775//1775
f 1638//1638 1643//1643 1502//1502
f 1641//1641 1359//1359 1775//1775
f 1502//1502 1643//1643 1645//1645
f 1643//1643 1644//1644 1507//1507
f 1505//1505 1775//1775 1646//1646
f 1775//1775 1359//1359 1506//1506
f 1645//1645 1643//1643 1647//1647
f 1643//1643 1507//1507 1649//1649
f 1646//1646 1775//1775 1650//1650
f 1775//1775 1506//1506 1776//1776
f 1508//1508 1650//1650 1778//1778
f 1776//1776 1901//1901 1779//1779
f 1647//1647 1651//1651 1645//1645
f 1645//1645 1651//1651 1361//1361
f 1360//1360 1509//1509 1901//1901
f 1361//1361 1651//1651 1213//1213
f 1213//1213 1906//1906 1090//1090
f 1509//1509 995//995 1510//1510
f 1509//1509 1510//1510 1781//1781
f 1090//1090 1906//1906 1785//1785
f 1218//1218 1909//1909 1512//1512
f 1513//1513 1787//1787 1510//1510
f 1219//1219 1363//1363 1511//1511
f 1363//1363 1515//1515 1511//1511
f 1512//1512 1909//1909 1789//1789
f 1515//1515 1788//1788 1511//1511
f 1515//1515 1660//1660 1788//1788
f 1512//1512 1789//1789 1658//1658
f 1364//1364 1516//1516 1917//1917
f 1655//1655 1790//1790 1366//1366
f 1516//1516 1224//1224 1917//1917
f 1224//1224 1792//1792 1917//1917
f 1517//1517 1658//1658 1791//1791
f 1660//1660 1519//1519 1668//1668
f 1518//1518 1659//1659 1661//1661
f 1517//1517 1791//1791 1520//1520
f 1919//1919 1792//1792 1922//1922
f 1518//1518 1661//1661 1662//1662
f 1668//1668 1519//1519 1521//1521
f 1520//1520 1791//1791 1796//1796
f 1518//1518 1662//1662 1228//1228
f 1520//1520 1796//1796 1368//1368
f 1922//1922 1369//1369 1663//1663
f 1228//1228 1662//1662 1665//1665
f 1521//1521 1667//1667 1668//1668
f 1368//1368 1796//1796 1666//1666
f 1369//1369 1231//1231 1663//1663
f 1521//1521 1524//1524 1795//1795
f 1521//1521 1795//1795 1667//1667
f 1668//1668 1667//1667 1795//1795
f 1368//1368 1666//1666 1370//1370
f 1524//1524 1668//1668 1795//1795
f 1370//1370 1666//1666 1796//1796
f 1230//1230 1669//1669 1798//1798
f 1524//1524 1671//1671 1668//1668
f 1370//1370 1796//1796 1799//1799
f 1370//1370 1799//1799 1522//1522
f 1230//1230 1798//1798 1523//1523
f 1524//1524 1526//1526 1671//1671
f 1372//1372 1527//1527 1670//1670
f 1528//1528 1672//1672 1800//1800
f 1375//1375 1801//1801 1526//1526
f 1528//1528 1800//1800 1530//1530
f 1800//1800 1802//1802 1530//1530
f 1375//1375 1531//1531 1801//1801
f 1236//1236 1532//1532 1674//1674
f 1530//1530 1802//1802 1378//1378
f 1533//1533 1380//1380 1803//1803
f 1533//1533 1803//1803 1531//1531
f 1377//1377 1675//1675 1535//1535
f 1379//1379 1381//1381 1931//1931
f 1806//1806 1536//1536 1534//1534
f 1535//1535 1807//1807 1383//1383
f 1381//1381 1537//1537 1931//1931
f 1806//1806 1677//1677 1536//1536
f 1246//1246 1679//1679 1537//1537
f 1387//1387 1677//1677 1808//1808
f 1246//1246 1248//1248 1679//1679
f 1248//1248 1247//1247 1679//1679
f 1811//1811 1389//1389 1249//1249
f 1249//1249 1390//1390 1680//1680
f 1538//1538 1809//1809 1390//1390
f 1247//1247 1539//1539 1682//1682
f 1391//1391 1681//1681 1683//1683
f 1393//1393 1816//1816 1120//1120
f 1816//1816 1394//1394 1945//1945
f 1394//1394 1123//1123 1945//1945
f 1944//1944 2060//2060 1685//1685
f 1685//1685 1688//1688 1687//1687
f 1687//1687 1688//1688 1690//1690
f 1688//1688 1689//1689 1690//1690
f 1397//1397 1818//1818 1817//1817
f 1690//1690 1689//1689 1399//1399
f 1400//1400 1819//1819 1818//1818
f 1399//1399 1946//1946 1691//1691
f 1400//1400 1820//1820 1819//1819
f 1820//1820 1403//1403 1692//1692
f 1401//1401 1542//1542 1261//1261
f 1403//1403 1543//1543 1692//1692
f 1545//1545 1544//1544 1947//1947
f 1549//1549 1699//1699 1827//1827
f 1549//1549 1266//1266 1699//1699
f 1266//1266 1262//1262 1708//1708
f 1550//1550 1709//1709 1708//1708
f 1947//1947 1828//1828 1545//1545
f 1264//1264 1269//1269 1695//1695
f 1693//1693 1704//1704 1705//1705
f 1707//1707 1416//1416 1827//1827
f 1699//1699 1266//1266 1956//1956
f 1708//1708 1709//1709 1840//1840
f 1411//1411 1412//1412 1565//1565
f 1132//1132 1548//1548 1711//1711
f 1695//1695 1269//1269 1829//1829
f 1269//1269 1551//1551 1829//1829
f 1557//1557 1416//1416 1835//1835
f 1560//1560 1828//1828 1422//1422
f 1139//1139 1418//1418 1694//1694
f 1548//1548 1695//1695 1711//1711
f 1698//1698 1714//1714 1715//1715
f 1698//1698 1715//1715 1826//1826
f 1826//1826 1715//1715 1706//1706
f 1706//1706 1715//1715 1835//1835
f 1557//1557 1835//1835 1568//1568
f 1828//1828 1967//1967 1422//1422
f 1718//1718 1711//1711 1723//1723
f 1712//1712 1719//1719 1724//1724
f 1712//1712 1724//1724 1720//1720
f 1712//1712 1720//1720 1701//1701
f 1701//1701 1720//1720 1721//1721
f 1701//1701 1721//1721 1702//1702
f 1426//1426 1713//1713 1722//1722
f 1835//1835 1715//1715 1847//1847
f 1835//1835 1847//1847 1568//1568
f 1840//1840 1709//1709 1716//1716
f 1716//1716 1558//1558 1727//1727
f 1422//1422 1967//1967 1848//1848
f 1418//1418 1576//1576 1564//1564
f 1564//1564 1576//1576 1850//1850
f 1717//1717 1565//1565 1726//1726
f 1565//1565 1718//1718 1726//1726
f 1566//1566 1724//1724 1719//1719
f 1567//1567 1573//1573 1703//1703
f 1716//1716 1727//1727 1582//1582
f 1558//1558 1569//1569 1727//1727
f 1583//1583 1727//1727 1569//1569
f 1576//1576 1571//1571 1851//1851
f 1571//1571 1425//1425 1851//1851
f 1572//1572 1717//1717 1578//1578
f 1717//1717 1726//1726 1578//1578
f 1726//1726 1718//1718 1586//1586
f 1718//1718 1579//1579 1586//1586
f 1718//1718 1723//1723 1579//1579
f 1566//1566 1580//1580 1724//1724
f 1725//1725 1853//1853 1427//1427
f 1849//1849 1840//1840 1428//1428
f 1840//1840 1716//1716 1428//1428
f 1574//1574 1575//1575 1587//1587
f 1575//1575 1421//1421 1728//1728
f 1421//1421 1848//1848 1734//1734
f 1421//1421 1734//1734 1728//1728
f 1576//1576 1851//1851 1735//1735
f 1425//1425 1729//1729 1851//1851
f 1577//1577 1588//1588 1729//1729
f 1579//1579 1723//1723 1730//1730
f 1723//1723 1843//1843 1730//1730
f 1853//1853 1731//1731 1284//1284
f 1284//1284 1731//1731 1854//1854
f 1574//1574 1587//1587 1585//1585
f 1283//1283 1856//1856 1857//1857
f 1283//1283 1857//1857 1590//1590
f 1283//1283 1590//1590 1430//1430
f 1284//1284 1854//1854 1855//1855
f 1284//1284 1855//1855 1591//1591
f 1591//1591 1859//1859 1592//1592
f 1859//1859 1849//1849 1593//1593
f 1587//1587 1575//1575 1862//1862
f 1587//1587 1862//1862 1733//1733
f 1729//1729 1588//1588 1737//1737
f 1843//1843 1594//1594 1730//1730
f 1595//1595 1861//1861 1596//1596
f 1736//1736 1729//1729 1737//1737
f 1588//1588 1598//1598 1737//1737
f 1597//1597 1733//1733 1862//1862
f 1862//1862 1734//1734 1739//1739
f 1734//1734 1740//1740 1739//1739
f 1860//1860 1735//1735 1601//1601
f 1735//1735 1736//1736 1601//1601
f 1735//1735 1867//1867 1736//1736
f 1736//1736 1737//1737 1437//1437
f 1437//1437 1737//1737 1598//1598
f 1862//1862 1739//1739 1738//1738
f 1739//1739 1740//1740 1603//1603
f 1603//1603 1740//1740 1604//1604
f 1604//1604 1863//1863 1605//1605
f 1741//1741 1865//1865 1599//1599
f 1599//1599 1865//1865 1866//1866
f 1599//1599 1866//1866 1600//1600
f 1860//1860 1600//1600 1866//1866
f 1860//1860 1601//1601 1600//1600
f 1601//1601 1736//1736 1293//1293
f 1864//1864 1742//1742 1605//1605
f 1864//1864 1741//1741 1743//1743
f 1864//1864 1743//1743 1742//1742
f 1744//1744 1742//1742 1987//1987
f 1744//1744 1987//1987 1746//1746
f 1743//1743 1607//1607 1747//1747
f 1745//1745 1606//1606 1609//1609
f 1610//1610 1608//1608 1611//1611
f 1608//1608 1441//1441 1611//1611
f 1745//1745 1613//1613 1869//1869
f 1302//1302 2094//2094 1750//1750
f 1306//1306 1871//1871 1614//1614
f 1445//1445 1615//1615 1751//1751
f 1615//1615 1872//1872 1751//1751
f 1615//1615 1754//1754 1872//1872
f 1751//1751 1872//1872 1754//1754
f 1753//1753 1616//1616 1750//1750
f 1753//1753 1996//1996 1616//1616
f 1450//1450 1617//1617 1878//1878
f 1453//1453 1616//1616 1996//1996
f 1617//1617 1452//1452 1755//1755
f 1883//1883 1619//1619 1455//1455
f 1619//1619 2000//2000 1456//1456
f 1619//1619 1456//1456 2000//2000
f 1756//1756 1175//1175 1757//1757
f 1756//1756 1618//1618 1758//1758
f 1175//1175 1621//1621 1888//1888
f 1621//1621 1760//1760 1888//1888
f 1759//1759 1761//1761 1620//1620
f 1888//1888 1760//1760 1621//1621
f 1620//1620 1763//1763 1761//1761
f 1621//1621 1317//1317 1762//1762
f 1621//1621 1762//1762 1760//1760
f 1459//1459 2308//2308 1460//1460
f 1460//1460 2119//2119 1177//1177
f 1177//1177 2119//2119 2012//2012
f 1177//1177 2012//2012 1624//1624
f 1318//1318 1319//1319 2009//2009
f 1461//1461 2124//2124 1319//1319
f 1461//1461 1893//1893 2124//2124
f 1324//1324 1626//1626 2019//2019
f 1626//1626 1067//1067 1768//1768
f 1069//1069 1769//1769 2022//2022
f 1767//1767 2228//2228 1627//1627
f 1067//1067 1465//1465 1768//1768
f 1627//1627 1768//1768 1465//1465
f 1068//1068 1896//1896 1628//1628
f 1628//1628 1896//1896 1897//1897
f 1349//1349 1633//1633 1635//1635
f 1497//1497 1636//1636 1771//1771
f 1206//1206 1498//1498 1774//1774
f 1498//1498 1770//1770 1774//1774
f 1499//1499 1770//1770 1498//1498
f 1497//1497 1771//1771 1638//1638
f 1636//1636 1773//1773 1771//1771
f 1638//1638 1771//1771 1773//1773
f 1641//1641 1775//1775 1774//1774
f 1643//1643 1900//1900 1647//1647
f 1643//1643 1649//1649 1777//1777
f 1650//1650 1775//1775 1778//1778
f 1775//1775 1899//1899 1778//1778
f 1775//1775 1776//1776 1899//1899
f 1647//1647 1648//1648 1651//1651
f 1648//1648 1647//1647 1651//1651
f 1647//1647 1900//1900 1651//1651
f 1899//1899 1776//1776 1901//1901
f 1776//1776 1779//1779 1901//1901
f 1901//1901 1509//1509 1780//1780
f 1651//1651 1902//1902 1213//1213
f 1508//1508 2023//2023 1653//1653
f 1509//1509 1781//1781 1780//1780
f 2023//2023 1783//1783 1653//1653
f 1653//1653 1783//1783 1784//1784
f 1652//1652 1654//1654 1904//1904
f 1781//1781 1510//1510 1905//1905
f 1653//1653 1784//1784 1909//1909
f 1785//1785 1910//1910 1514//1514
f 1514//1514 1786//1786 2033//2033
f 1514//1514 2033//2033 1655//1655
f 1364//1364 1917//1917 1787//1787
f 1655//1655 2033//2033 1790//1790
f 1658//1658 1789//1789 1791//1791
f 1366//1366 1790//1790 1659//1659
f 1660//1660 1668//1668 2035//2035
f 1668//1668 1918//1918 2035//2035
f 1791//1791 2037//2037 1796//1796
f 1662//1662 2039//2039 1665//1665
f 1665//1665 2039//2039 1669//1669
f 1231//1231 1797//1797 1663//1663
f 1231//1231 1670//1670 1797//1797
f 1798//1798 1669//1669 1924//1924
f 1797//1797 1670//1670 2041//2041
f 1798//1798 1924//1924 2042//2042
f 1670//1670 1527//1527 2041//2041
f 1798//1798 2042//2042 1525//1525
f 1525//1525 1925//1925 1672//1672
f 1526//1526 1923//1923 1671//1671
f 1799//1799 1926//1926 1673//1673
f 1527//1527 1674//1674 1927//1927
f 1672//1672 1925//1925 1800//1800
f 1526//1526 1801//1801 1923//1923
f 1673//1673 1926//1926 1529//1529
f 1801//1801 1531//1531 1928//1928
f 1529//1529 1804//1804 1675//1675
f 1928//1928 1531//1531 1803//1803
f 1802//1802 1534//1534 1378//1378
f 1532//1532 1379//1379 1805//1805
f 1675//1675 1804//1804 1535//1535
f 1379//1379 1931//1931 1805//1805
f 1534//1534 2047//2047 1806//1806
f 1380//1380 1676//1676 1803//1803
f 1805//1805 1931//1931 1537//1537
f 1806//1806 2047//2047 1677//1677
f 1803//1803 1676//1676 1389//1389
f 1383//1383 1807//1807 1678//1678
f 1805//1805 1537//1537 1679//1679
f 1389//1389 1811//1811 1936//1936
f 1678//1678 1809//1809 1538//1538
f 1679//1679 1247//1247 1810//1810
f 1249//1249 2155//2155 1811//1811
f 1680//1680 1390//1390 1812//1812
f 1390//1390 1809//1809 1812//1812
f 1808//1808 2051//2051 1681//1681
f 1247//1247 1682//1682 1810//1810
f 1681//1681 2055//2055 1683//1683
f 1682//1682 1539//1539 1939//1939
f 1539//1539 1813//1813 1939//1939
f 1683//1683 1940//1940 1814//1814
f 1392//1392 1941//1941 1813//1813
f 1392//1392 1120//1120 1941//1941
f 1684//1684 1814//1814 1815//1815
f 1120//1120 2058//2058 1941//1941
f 1684//1684 1815//1815 1253//1253
f 1120//1120 1816//1816 2058//2058
f 1253//1253 1815//1815 1942//1942
f 1686//1686 1945//1945 1123//1123
f 1686//1686 2061//2061 1945//1945
f 1686//1686 2062//2062 2061//2061
f 1686//1686 1817//1817 2062//2062
f 1689//1689 1946//1946 1399//1399
f 1820//1820 1692//1692 1821//1821
f 1546//1546 1822//1822 1696//1696
f 1824//1824 1823//1823 1546//1546
f 1546//1546 1823//1823 1822//1822
f 1696//1696 1822//1822 1951//1951
f 1696//1696 1951//1951 1824//1824
f 1698//1698 1825//1825 1834//1834
f 1698//1698 1826//1826 1825//1825
f 1827//1827 1954//1954 2074//2074
f 1827//1827 1699//1699 1954//1954
f 1695//1695 1829//1829 2075//2075
f 1551//1551 1700//1700 1836//1836
f 1551//1551 1836//1836 1830//1830
f 1700//1700 1556//1556 1836//1836
f 1556//1556 1837//1837 1836//1836
f 1837//1837 1831//1831 1836//1836
f 1701//1701 1702//1702 1832//1832
f 1704//1704 1961//1961 1705//1705
f 1693//1693 1705//1705 1950//1950
f 1826//1826 1706//1706 1953//1953
f 1706//1706 1965//1965 1953//1953
f 1835//1835 1416//1416 1707//1707
f 1694//1694 1418//1418 1972//1972
f 1712//1712 1969//1969 1719//1719
f 1969//1969 1712//1712 1838//1838
f 1712//1712 1701//1701 1838//1838
f 1701//1701 1832//1832 1839//1839
f 1834//1834 1825//1825 1714//1714
f 1956//1956 1966//1966 1842//1842
f 1966//1966 1708//1708 1842//1842
f 1708//1708 1840//1840 1842//1842
f 1418//1418 1564//1564 1972//1972
f 1711//1711 1695//1695 1844//1844
f 1695//1695 1829//1829 1844//1844
f 1720//1720 2082//2082 1839//1839
f 1720//1720 1839//1839 1721//1721
f 1832//1832 1721//1721 1839//1839
f 1702//1702 1721//1721 2078//2078
f 1832//1832 2078//2078 1721//1721
f 1564//1564 1850//1850 1972//1972
f 1723//1723 1711//1711 1843//1843
f 1711//1711 1844//1844 1843//1843
f 1724//1724 1845//1845 1980//1980
f 1724//1724 1980//1980 1720//1720
f 1567//1567 1703//1703 1573//1573
f 1847//1847 1977//1977 1568//1568
f 1568//1568 1977//1977 1725//1725
f 1842//1842 1840//1840 1849//1849
f 1580//1580 1852//1852 1724//1724
f 1974//1974 1842//1842 1849//1849
f 1848//1848 1975//1975 1734//1734
f 1850//1850 1576//1576 1735//1735
f 1844//1844 1979//1979 1843//1843
f 1580//1580 1590//1590 1852//1852
f 1853//1853 1983//1983 1731//1731
f 1978//1978 1974//1974 1859//1859
f 1978//1978 1859//1859 1855//1855
f 1974//1974 1849//1849 1859//1859
f 1975//1975 2088//2088 1734//1734
f 1850//1850 1735//1735 1982//1982
f 1843//1843 1979//1979 1595//1595
f 1843//1843 1595//1595 1594//1594
f 1979//1979 1732//1732 1595//1595
f 1854//1854 1731//1731 1858//1858
f 1591//1591 1855//1855 1859//1859
f 1728//1728 1862//1862 1575//1575
f 1728//1728 1734//1734 1862//1862
f 1982//1982 1735//1735 1860//1860
f 1851//1851 1867//1867 1735//1735
f 1736//1736 1867//1867 1729//1729
f 1851//1851 1729//1729 1867//1867
f 1732//1732 1861//1861 1595//1595
f 1732//1732 1596//1596 1861//1861
f 1856//1856 1984//1984 1857//1857
f 2088//2088 1740//1740 1734//1734
f 2088//2088 1986//1986 1740//1740
f 1985//1985 1860//1860 1866//1866
f 1740//1740 1986//1986 1863//1863
f 1986//1986 1864//1864 1863//1863
f 1864//1864 2092//2092 1741//1741
f 2092//2092 1865//1865 1741//1741
f 2092//2092 1866//1866 1865//1865
f 1740//1740 1863//1863 1604//1604
f 1863//1863 1864//1864 1605//1605
f 1743//1743 1868//1868 1742//1742
f 1742//1742 1868//1868 1987//1987
f 1743//1743 1747//1747 1868//1868
f 1613//1613 1745//1745 1869//1869
f 1613//1613 1869//1869 1748//1748
f 1613//1613 1748//1748 1869//1869
f 1747//1747 1607//1607 1614//1614
f 1749//1749 1990//1990 1872//1872
f 2097//2097 1753//1753 1750//1750
f 1871//1871 1450//1450 1878//1878
f 1871//1871 1878//1878 1874//1874
f 1754//1754 1993//1993 1878//1878
f 1754//1754 1876//1876 1993//1993
f 1878//1878 1876//1876 1754//1754
f 1878//1878 1993//1993 1876//1876
f 1875//1875 1877//1877 1996//1996
f 1875//1875 1996//1996 1753//1753
f 1617//1617 1876//1876 1878//1878
f 1453//1453 1996//1996 1877//1877
f 1617//1617 1882//1882 1876//1876
f 1617//1617 1755//1755 1882//1882
f 1453//1453 1877//1877 1996//1996
f 1453//1453 1996//1996 1883//1883
f 1882//1882 1756//1756 1884//1884
f 1619//1619 1883//1883 1886//1886
f 1757//1757 1884//1884 1756//1756
f 1757//1757 1175//1175 1887//1887
f 1618//1618 1758//1758 1888//1888
f 1758//1758 1618//1618 1888//1888
f 1175//1175 1888//1888 1887//1887
f 1620//1620 2002//2002 1763//1763
f 1759//1759 2002//2002 1761//1761
f 1620//1620 1761//1761 2002//2002
f 2000//2000 2002//2002 1759//1759
f 1888//1888 1621//1621 2003//2003
f 1621//1621 1760//1760 2003//2003
f 1763//1763 1889//1889 1761//1761
f 1763//1763 2002//2002 1889//1889
f 2003//2003 1760//1760 1762//1762
f 2003//2003 1762//1762 1317//1317
f 1317//1317 1890//1890 1762//1762
f 1761//1761 1889//1889 2006//2006
f 1761//1761 2006//2006 1459//1459
f 1317//1317 1622//1622 1891//1891
f 1317//1317 1891//1891 1890//1890
f 1459//1459 2006//2006 2208//2208
f 1459//1459 2208//2208 2308//2308
f 1460//1460 2308//2308 2119//2119
f 2009//2009 1319//1319 2124//2124
f 1321//1321 1894//1894 2126//2126
f 1321//1321 1322//1322 1894//1894
f 1625//1625 1323//1323 2018//2018
f 1323//1323 2331//2331 2018//2018
f 1322//1322 1463//1463 2128//2128
f 2018//2018 2129//2129 1625//1625
f 2131//2131 1625//1625 2129//2129
f 1895//1895 1069//1069 2022//2022
f 2022//2022 1769//1769 2021//2021
f 1897//1897 2021//2021 1769//1769
f 1627//1627 2228//2228 1768//1768
f 1643//1643 1777//1777 1900//1900
f 1899//1899 1901//1901 1780//1780
f 1651//1651 1900//1900 1902//1902
f 1649//1649 1782//1782 1777//1777
f 1777//1777 1782//1782 1900//1900
f 1649//1649 1652//1652 1782//1782
f 1778//1778 1899//1899 2023//2023
f 1508//1508 1778//1778 2023//2023
f 2023//2023 2025//2025 1783//1783
f 1213//1213 1902//1902 1903//1903
f 1213//1213 1903//1903 1906//1906
f 1782//1782 1652//1652 1904//1904
f 1783//1783 2025//2025 2026//2026
f 1783//1783 2026//2026 1784//1784
f 1906//1906 1903//1903 1907//1907
f 1782//1782 1908//1908 2028//2028
f 1782//1782 1904//1904 1908//1908
f 1784//1784 2026//2026 1909//1909
f 1905//1905 1510//1510 2027//2027
f 1654//1654 1511//1511 1908//1908
f 1654//1654 1908//1908 1904//1904
f 1909//1909 2026//2026 2029//2029
f 2027//2027 1510//1510 1911//1911
f 1785//1785 1906//1906 1910//1910
f 1906//1906 1907//1907 1910//1910
f 1787//1787 1911//1911 1510//1510
f 1787//1787 1913//1913 1911//1911
f 1511//1511 1912//1912 1908//1908
f 1909//1909 2029//2029 1914//1914
f 1514//1514 1910//1910 1786//1786
f 1511//1511 1788//1788 1912//1912
f 1909//1909 1914//1914 1789//1789
f 1787//1787 2136//2136 1913//1913
f 1787//1787 1917//1917 2136//2136
f 1915//1915 1788//1788 2035//2035
f 1788//1788 1660//1660 2035//2035
f 1791//1791 1789//1789 2037//2037
f 1789//1789 2034//2034 2037//2037
f 1659//1659 2143//2143 1661//1661
f 1661//1661 2143//2143 1920//1920
f 1922//1922 1921//1921 1919//1919
f 1661//1661 1920//1920 1662//1662
f 1922//1922 1663//1663 1921//1921
f 1668//1668 2040//2040 1918//1918
f 1796//1796 2037//2037 2038//2038
f 1668//1668 1923//1923 2040//2040
f 1668//1668 1671//1671 1923//1923
f 1796//1796 2038//2038 1799//1799
f 1799//1799 2038//2038 1926//1926
f 1928//1928 1923//1923 1801//1801
f 1800//1800 1925//1925 1802//1802
f 1674//1674 1532//1532 1927//1927
f 1529//1529 1926//1926 1804//1804
f 1802//1802 1925//1925 2148//2148
f 1532//1532 1805//1805 2147//2147
f 1532//1532 2147//2147 1927//1927
f 1802//1802 2148//2148 1534//1534
f 1534//1534 2148//2148 2047//2047
f 1804//1804 2046//2046 1535//1535
f 1535//1535 2046//2046 1807//1807
f 2047//2047 2048//2048 1677//1677
f 1803//1803 1389//1389 1934//1934
f 1807//1807 1935//1935 1678//1678
f 1677//1677 2048//2048 1808//1808
f 1389//1389 1936//1936 1934//1934
f 1936//1936 1938//1938 1934//1934
f 1678//1678 1935//1935 1809//1809
f 1808//1808 2048//2048 2051//2051
f 1938//1938 1936//1936 1811//1811
f 1249//1249 1680//1680 2264//2264
f 1249//1249 2264//2264 2155//2155
f 1809//1809 1937//1937 1812//1812
f 1681//1681 2051//2051 2055//2055
f 1682//1682 1939//1939 1810//1810
f 1683//1683 2055//2055 1940//1940
f 1939//1939 1813//1813 1941//1941
f 1940//1940 2055//2055 2056//2056
f 1940//1940 2056//2056 1814//1814
f 1815//1815 2269//2269 1942//1942
f 2269//2269 2059//2059 1942//1942
f 1816//1816 1945//1945 1943//1943
f 1942//1942 2059//2059 1944//1944
f 1944//1944 2059//2059 2060//2060
f 2060//2060 1688//1688 1685//1685
f 1817//1817 1818//1818 2062//2062
f 1946//1946 2065//2065 1691//1691
f 1819//1819 1820//1820 1821//1821
f 1691//1691 2065//2065 1401//1401
f 1544//1544 1405//1405 1947//1947
f 1547//1547 1949//1949 1543//1543
f 1547//1547 1694//1694 1949//1949
f 1822//1822 1823//1823 1948//1948
f 1704//1704 1693//1693 1961//1961
f 1693//1693 2070//2070 1961//1961
f 1693//1693 1950//1950 2070//2070
f 1824//1824 1951//1951 1823//1823
f 1697//1697 1698//1698 1952//1952
f 1698//1698 1834//1834 1952//1952
f 1707//1707 1827//1827 2073//2073
f 1954//1954 1699//1699 1955//1955
f 1699//1699 1956//1956 1955//1955
f 1956//1956 1266//1266 1966//1966
f 1266//1266 1708//1708 1966//1966
f 1829//1829 1551//1551 1957//1957
f 1551//1551 1830//1830 1957//1957
f 1830//1830 1836//1836 2076//2076
f 1838//1838 1701//1701 1958//1958
f 1702//1702 1960//1960 1832//1832
f 1702//1702 1703//1703 1960//1960
f 1705//1705 1961//1961 2070//2070
f 1950//1950 1705//1705 1962//1962
f 1705//1705 2070//2070 1962//1962
f 1697//1697 1952//1952 1964//1964
f 1697//1697 1964//1964 1698//1698
f 1698//1698 1964//1964 1714//1714
f 1714//1714 1964//1964 1834//1834
f 2067//2067 1825//1825 1826//1826
f 1706//1706 1835//1835 2072//2072
f 1835//1835 1707//1707 2072//2072
f 2074//2074 1954//1954 1971//1971
f 1954//1954 1955//1955 1971//1971
f 1695//1695 2075//2075 1829//1829
f 1957//1957 1830//1830 1976//1976
f 1837//1837 1566//1566 2180//2180
f 1566//1566 1719//1719 2180//2180
f 1719//1719 1969//1969 2174//2174
f 1701//1701 1839//1839 1958//1958
f 1832//1832 1959//1959 1839//1839
f 1958//1958 1839//1839 1959//1959
f 1702//1702 2078//2078 1703//1703
f 1703//1703 2078//2078 1960//1960
f 1841//1841 1963//1963 1970//1970
f 1841//1841 1833//1833 1963//1963
f 1834//1834 1964//1964 2081//2081
f 1825//1825 2081//2081 1714//1714
f 1834//1834 2081//2081 1825//1825
f 1714//1714 2081//2081 1715//1715
f 1955//1955 1956//1956 1978//1978
f 1955//1955 1978//1978 1971//1971
f 1829//1829 1957//1957 1976//1976
f 1839//1839 2082//2082 1832//1832
f 1832//1832 2082//2082 2078//2078
f 1961//1961 1973//1973 1846//1846
f 1961//1961 1846//1846 1973//1973
f 1841//1841 1970//1970 1833//1833
f 1963//1963 1833//1833 1970//1970
f 1715//1715 2081//2081 2086//2086
f 1715//1715 2086//2086 1847//1847
f 1971//1971 1978//1978 2083//2083
f 1956//1956 1842//1842 1974//1974
f 1956//1956 1974//1974 1978//1978
f 1967//1967 1975//1975 1848//1848
f 1829//1829 2089//2089 1844//1844
f 1829//1829 1976//1976 2089//2089
f 1980//1980 2082//2082 1720//1720
f 1844//1844 2089//2089 1979//1979
f 1852//1852 2194//2194 1724//1724
f 1725//1725 1977//1977 1981//1981
f 1725//1725 1981//1981 1853//1853
f 2083//2083 1978//1978 1854//1854
f 1979//1979 2089//2089 1732//1732
f 2089//2089 2090//2090 1732//1732
f 1857//1857 2091//2091 1590//1590
f 1983//1983 2083//2083 1858//1858
f 2083//2083 1854//1854 1858//1858
f 1854//1854 1978//1978 1855//1855
f 1596//1596 1732//1732 1984//1984
f 1596//1596 1984//1984 1856//1856
f 2090//2090 1984//1984 1732//1732
f 2090//2090 1857//1857 1984//1984
f 1983//1983 1858//1858 1731//1731
f 1985//1985 2192//2192 1860//1860
f 2192//2192 1982//1982 1860//1860
f 1985//1985 1866//1866 2092//2092
f 2094//2094 1746//1746 1987//1987
f 1747//1747 1614//1614 1868//1868
f 1990//1990 2098//2098 1991//1991
f 1748//1748 1989//1989 1873//1873
f 1989//1989 1748//1748 1873//1873
f 2094//2094 2097//2097 1750//1750
f 1871//1871 1874//1874 1614//1614
f 1749//1749 1872//1872 1990//1990
f 1990//1990 1872//1872 2098//2098
f 2096//2096 1992//1992 1873//1873
f 1872//1872 1993//1993 2098//2098
f 1873//1873 1992//1992 1875//1875
f 1873//1873 1875//1875 1992//1992
f 1753//1753 2097//2097 2100//2100
f 1875//1875 1753//1753 2100//2100
f 1878//1878 2099//2099 1874//1874
f 1878//1878 1876//1876 2099//2099
f 1877//1877 2100//2100 1996//1996
f 1875//1875 2100//2100 1877//1877
f 1879//1879 2101//2101 1755//1755
f 1755//1755 2101//2101 1879//1879
f 1994//1994 1995//1995 1996//1996
f 1996//1996 1995//1995 2103//2103
f 1996//1996 2103//2103 1883//1883
f 1882//1882 1884//1884 2104//2104
f 1886//1886 1883//1883 1885//1885
f 2108//2108 1885//1885 1883//1883
f 1884//1884 1757//1757 2110//2110
f 1757//1757 1887//1887 2110//2110
f 1618//1618 2110//2110 1999//1999
f 1618//1618 1888//1888 1999//1999
f 2110//2110 1618//1618 1999//1999
f 2000//2000 1759//1759 1885//1885
f 2000//2000 1885//1885 1998//1998
f 1618//1618 1999//1999 1887//1887
f 1618//1618 1887//1887 1888//1888
f 1888//1888 2001//2001 1999//1999
f 1888//1888 2003//2003 2001//2001
f 1763//1763 1889//1889 2004//2004
f 2003//2003 1317//1317 1890//1890
f 1317//1317 1762//1762 1892//1892
f 1317//1317 1892//1892 1890//1890
f 1763//1763 2004//2004 2005//2005
f 1763//1763 2005//2005 1889//1889
f 2004//2004 1889//1889 2005//2005
f 1890//1890 1892//1892 1762//1762
f 1889//1889 2005//2005 2006//2006
f 1890//1890 1891//1891 2113//2113
f 2004//2004 2115//2115 2005//2005
f 2113//2113 2007//2007 1892//1892
f 1891//1891 1623//1623 2008//2008
f 1623//1623 2210//2210 2008//2008
f 1623//1623 2009//2009 2210//2210
f 1623//1623 1318//1318 2009//2009
f 1624//1624 2325//2325 2015//2015
f 2015//2015 2554//2554 1893//1893
f 1893//1893 2327//2327 2220//2220
f 1893//1893 2220//2220 2221//2221
f 1893//1893 2221//2221 2124//2124
f 1894//1894 2128//2128 2016//2016
f 1894//1894 2016//2016 2128//2128
f 1894//1894 1322//1322 2128//2128
f 2017//2017 2018//2018 2129//2129
f 2017//2017 2129//2129 2018//2018
f 2126//2126 2443//2443 1321//1321
f 2329//2329 2128//2128 2019//2019
f 2128//2128 1463//1463 2019//2019
f 2131//2131 2130//2130 2020//2020
f 2131//2131 2129//2129 2130//2130
f 2331//2331 1323//1323 2226//2226
f 1321//1321 2443//2443 1764//1764
f 1323//1323 1895//1895 2226//2226
f 1764//1764 2227//2227 1766//1766
f 1765//1765 2334//2334 1068//1068
f 1766//1766 2227//2227 1767//1767
f 1767//1767 2227//2227 2228//2228
f 1768//1768 2228//2228 1626//1626
f 1068//1068 2229//2229 1896//1896
f 1896//1896 2229//2229 1897//1897
f 1900//1900 1782//1782 2024//2024
f 2023//2023 1899//1899 2025//2025
f 2025//2025 1899//1899 2027//2027
f 1899//1899 1780//1780 1905//1905
f 1899//1899 1905//1905 2027//2027
f 1781//1781 1905//1905 1780//1780
f 1902//1902 1900//1900 1903//1903
f 1900//1900 2024//2024 1782//1782
f 1900//1900 2028//2028 1903//1903
f 1900//1900 1782//1782 2028//2028
f 1907//1907 1903//1903 2028//2028
f 2025//2025 2027//2027 2026//2026
f 1907//1907 2028//2028 2132//2132
f 2026//2026 2027//2027 2030//2030
f 2027//2027 1911//1911 2030//2030
f 2029//2029 2026//2026 2030//2030
f 2030//2030 1911//1911 2134//2134
f 1907//1907 2132//2132 1910//1910
f 2029//2029 2030//2030 2133//2133
f 1910//1910 2132//2132 2031//2031
f 2028//2028 1908//1908 1912//1912
f 2028//2028 1912//1912 2032//2032
f 2029//2029 2133//2133 1914//1914
f 2134//2134 1911//1911 2136//2136
f 1911//1911 1913//1913 2136//2136
f 1910//1910 2031//2031 1786//1786
f 1914//1914 2137//2137 1789//1789
f 1788//1788 1915//1915 1912//1912
f 2136//2136 1917//1917 1916//1916
f 1789//1789 2142//2142 2034//2034
f 1917//1917 2237//2237 1916//1916
f 1790//1790 2143//2143 1659//1659
f 1917//1917 1792//1792 2237//2237
f 1792//1792 1919//1919 2237//2237
f 2143//2143 2144//2144 1920//1920
f 2037//2037 2034//2034 2242//2242
f 1919//1919 1921//1921 2036//2036
f 1662//1662 1920//1920 2039//2039
f 1663//1663 1797//1797 1921//1921
f 1669//1669 2039//2039 1924//1924
f 1525//1525 2042//2042 1925//1925
f 1527//1527 1927//1927 2043//2043
f 1527//1527 2043//2043 2041//2041
f 1923//1923 1928//1928 2146//2146
f 2038//2038 2255//2255 1926//1926
f 1926//1926 2255//2255 2044//2044
f 1926//1926 2044//2044 1804//1804
f 1928//1928 1803//1803 2045//2045
f 1804//1804 2044//2044 2046//2046
f 1803//1803 1934//1934 2045//2045
f 2046//2046 1935//1935 1807//1807
f 2047//2047 2148//2148 2048//2048
f 2147//2147 1805//1805 2261//2261
f 2261//2261 1805//1805 1679//1679
f 1935//1935 2149//2149 1809//1809
f 1809//1809 2149//2149 1937//1937
f 1811//1811 2155//2155 1938//1938
f 1680//1680 1812//1812 2264//2264
f 1810//1810 1939//1939 2054//2054
f 1814//1814 2056//2056 1815//1815
f 1941//1941 2058//2058 2057//2057
f 1816//1816 1943//1943 2058//2058
f 2269//2269 2270//2270 2059//2059
f 1945//1945 2161//2161 1943//1943
f 2060//2060 2063//2063 1688//1688
f 1688//1688 2063//2063 1689//1689
f 2062//2062 1818//1818 2165//2165
f 1689//1689 2166//2166 1946//1946
f 1946//1946 2166//2166 2065//2065
f 2166//2166 2064//2064 2065//2065
f 1821//1821 2167//2167 1819//1819
f 2064//2064 2168//2168 2065//2065
f 1821//1821 2492//2492 2167//2167
f 2065//2065 2168//2168 1401//1401
f 1821//1821 1692//1692 2492//2492
f 1401//1401 2066//2066 1542//1542
f 1692//1692 1543//1543 2373//2373
f 1542//1542 2273//2273 1405//1405
f 1948//1948 1823//1823 2279//2279
f 1947//1947 2170//2170 1828//1828
f 2070//2070 1950//1950 2171//2171
f 1822//1822 2495//2495 1951//1951
f 1952//1952 1834//1834 2067//2067
f 1834//1834 1825//1825 2067//2067
f 2067//2067 1826//1826 2068//2068
f 1826//1826 1953//1953 2068//2068
f 1827//1827 2074//2074 2073//2073
f 1694//1694 2069//2069 1949//1949
f 1838//1838 1958//1958 2175//2175
f 1832//1832 1960//1960 1959//1959
f 1950//1950 1962//1962 2171//2171
f 1952//1952 2067//2067 1964//1964
f 2067//2067 2178//2178 1964//1964
f 2068//2068 1953//1953 2173//2173
f 1953//1953 1965//1965 2173//2173
f 1965//1965 1706//1706 2173//2173
f 1706//1706 2071//2071 2173//2173
f 1706//1706 2072//2072 2071//2071
f 2073//2073 2179//2179 1707//1707
f 2074//2074 2189//2189 2073//2073
f 1694//1694 1972//1972 2069//2069
f 2076//2076 1836//1836 2187//2187
f 1836//1836 1831//1831 1968//1968
f 1837//1837 2180//2180 1831//1831
f 1969//1969 1838//1838 2174//2174
f 1958//1958 1959//1959 2182//2182
f 1958//1958 2182//2182 2077//2077
f 1959//1959 2078//2078 2182//2182
f 1959//1959 1960//1960 2078//2078
f 1963//1963 1970//1970 2080//2080
f 1963//1963 2080//2080 1970//1970
f 1964//1964 2178//2178 2081//2081
f 2178//2178 2067//2067 2081//2081
f 2067//2067 2185//2185 2081//2081
f 2073//2073 2189//2189 2179//2179
f 2074//2074 1971//1971 2083//2083
f 2074//2074 2083//2083 2189//2189
f 1828//1828 2281//2281 1967//1967
f 1830//1830 2076//2076 1976//1976
f 1976//1976 2076//2076 2089//2089
f 1836//1836 1968//1968 2187//2187
f 2077//2077 2182//2182 2082//2082
f 2182//2182 2078//2078 2082//2082
f 1975//1975 1967//1967 2084//2084
f 1850//1850 2186//2186 1972//1972
f 2089//2089 2076//2076 2187//2187
f 1980//1980 2190//2190 2082//2082
f 1847//1847 2086//2086 2087//2087
f 2087//2087 2188//2188 1847//1847
f 1847//1847 2188//2188 1977//1977
f 2189//2189 1983//1983 1981//1981
f 2189//2189 2083//2083 1983//1983
f 1850//1850 1982//1982 2186//2186
f 2089//2089 2187//2187 2090//2090
f 1724//1724 2194//2194 1845//1845
f 1853//1853 1981//1981 1983//1983
f 1975//1975 2084//2084 2088//2088
f 2192//2192 2186//2186 1982//1982
f 2090//2090 2091//2091 1857//1857
f 2187//2187 2091//2091 2090//2090
f 1590//1590 2091//2091 1852//1852
f 2195//2195 1985//1985 2092//2092
f 2195//2195 2092//2092 1986//1986
f 1864//1864 1986//1986 2092//2092
f 1987//1987 1868//1868 2095//2095
f 1987//1987 2095//2095 2094//2094
f 1868//1868 1614//1614 2196//2196
f 1868//1868 2196//2196 2095//2095
f 2094//2094 2290//2290 2097//2097
f 1990//1990 1991//1991 1872//1872
f 1873//1873 1992//1992 2096//2096
f 1872//1872 1991//1991 2098//2098
f 1872//1872 2098//2098 1993//1993
f 1994//1994 1996//1996 2100//2100
f 1876//1876 1882//1882 2099//2099
f 1882//1882 2101//2101 2099//2099
f 2099//2099 2101//2101 2197//2197
f 1882//1882 2197//2197 2101//2101
f 1882//1882 2104//2104 2197//2197
f 2108//2108 1883//1883 2103//2103
f 2108//2108 2103//2103 2109//2109
f 2104//2104 1884//1884 2110//2110
f 2104//2104 2110//2110 2199//2199
f 2108//2108 2109//2109 1885//1885
f 2110//2110 1887//1887 2199//2199
f 2002//2002 2000//2000 2112//2112
f 2002//2002 2112//2112 1889//1889
f 2003//2003 1890//1890 2001//2001
f 1889//1889 2112//2112 2005//2005
f 1890//1890 2113//2113 2111//2111
f 2004//2004 2005//2005 2115//2115
f 1892//1892 2007//2007 2206//2206
f 2007//2007 2113//2113 2206//2206
f 2113//2113 1892//1892 2206//2206
f 2005//2005 2115//2115 2006//2006
f 2007//2007 2206//2206 2118//2118
f 2113//2113 1891//1891 2118//2118
f 2113//2113 2118//2118 2206//2206
f 2206//2206 2007//2007 2118//2118
f 2115//2115 2207//2207 2116//2116
f 2115//2115 2116//2116 2006//2006
f 1891//1891 2008//2008 2118//2118
f 2207//2207 2317//2317 2116//2116
f 2119//2119 2122//2122 2012//2012
f 2009//2009 2124//2124 2123//2123
f 1624//1624 2012//2012 2325//2325
f 2015//2015 2325//2325 2554//2554
f 2016//2016 2126//2126 1894//1894
f 1894//1894 2126//2126 2016//2016
f 2017//2017 2018//2018 2331//2331
f 2018//2018 2017//2017 2331//2331
f 1894//1894 2128//2128 2126//2126
f 2127//2127 2020//2020 2130//2130
f 2129//2129 2018//2018 2331//2331
f 2443//2443 2225//2225 1764//1764
f 2019//2019 1626//1626 2559//2559
f 2131//2131 2334//2334 1765//1765
f 1764//1764 2225//2225 2227//2227
f 1897//1897 2229//2229 2021//2021
f 2028//2028 2032//2032 2132//2132
f 2132//2132 2032//2032 2230//2230
f 2132//2132 2230//2230 2031//2031
f 2133//2133 2030//2030 2135//2135
f 2030//2030 2134//2134 2135//2135
f 2133//2133 2135//2135 1914//1914
f 2032//2032 1912//1912 1915//1915
f 1914//1914 2135//2135 2137//2137
f 1786//1786 2031//2031 2232//2232
f 2230//2230 2032//2032 2138//2138
f 2032//2032 1915//1915 2138//2138
f 2137//2137 2135//2135 2139//2139
f 2134//2134 2136//2136 2233//2233
f 1786//1786 2234//2234 2033//2033
f 1786//1786 2232//2232 2234//2234
f 2137//2137 2142//2142 1789//1789
f 2137//2137 2139//2139 2142//2142
f 2233//2233 2136//2136 2140//2140
f 2136//2136 1916//1916 2140//2140
f 1915//1915 2035//2035 2141//2141
f 2138//2138 1915//1915 2141//2141
f 1790//1790 2033//2033 2236//2236
f 1790//1790 2236//2236 2143//2143
f 2033//2033 2234//2234 2236//2236
f 2140//2140 1916//1916 2237//2237
f 2138//2138 2141//2141 2239//2239
f 2035//2035 2239//2239 2141//2141
f 2142//2142 2139//2139 2242//2242
f 2034//2034 2142//2142 2242//2242
f 1919//1919 2036//2036 2237//2237
f 2035//2035 1918//1918 2239//2239
f 2144//2144 2341//2341 1920//1920
f 2036//2036 1921//1921 2342//2342
f 1920//1920 2341//2341 2247//2247
f 1921//1921 2145//2145 2342//2342
f 2037//2037 2242//2242 2252//2252
f 1918//1918 2040//2040 2249//2249
f 2037//2037 2252//2252 2038//2038
f 1921//1921 1797//1797 2145//2145
f 2039//2039 2250//2250 1924//1924
f 1923//1923 2345//2345 2040//2040
f 1923//1923 2146//2146 2345//2345
f 2038//2038 2252//2252 2255//2255
f 2041//2041 2253//2253 1797//1797
f 1924//1924 2250//2250 2347//2347
f 1924//1924 2347//2347 2042//2042
f 2041//2041 2463//2463 2253//2253
f 2041//2041 2043//2043 2463//2463
f 1925//1925 2042//2042 2254//2254
f 1928//1928 2045//2045 2146//2146
f 1925//1925 2349//2349 2148//2148
f 1927//1927 2147//2147 2348//2348
f 2045//2045 1934//1934 2256//2256
f 2046//2046 2257//2257 1935//1935
f 2147//2147 2261//2261 2259//2259
f 1679//1679 1810//1810 2261//2261
f 2048//2048 2357//2357 2051//2051
f 1937//1937 2149//2149 2151//2151
f 1937//1937 2151//2151 1812//1812
f 1938//1938 2155//2155 2150//2150
f 2155//2155 2264//2264 2153//2153
f 1812//1812 2156//2156 2264//2264
f 2054//2054 2266//2266 1810//1810
f 2051//2051 2361//2361 2364//2364
f 2051//2051 2364//2364 2055//2055
f 2055//2055 2364//2364 2158//2158
f 2054//2054 1939//1939 2157//2157
f 2055//2055 2158//2158 2056//2056
f 1939//1939 1941//1941 2157//2157
f 2056//2056 2158//2158 2488//2488
f 1941//1941 2159//2159 2157//2157
f 1941//1941 2057//2057 2159//2159
f 1815//1815 2160//2160 2269//2269
f 2059//2059 2162//2162 2060//2060
f 2270//2270 2162//2162 2059//2059
f 1945//1945 2163//2163 2161//2161
f 2061//2061 2164//2164 1945//1945
f 1945//1945 2164//2164 2163//2163
f 2061//2061 2062//2062 2164//2164
f 2060//2060 2162//2162 2063//2063
f 2062//2062 2165//2165 2164//2164
f 1818//1818 2271//2271 2165//2165
f 2063//2063 2166//2166 1689//1689
f 1818//1818 1819//1819 2271//2271
f 1819//1819 2167//2167 2271//2271
f 1401//1401 2168//2168 2066//2066
f 2066//2066 2273//2273 1542//1542
f 1692//1692 2373//2373 2272//2272
f 1405//1405 2273//2273 2593//2593
f 1543//1543 2274//2274 2373//2373
f 1405//1405 2593//2593 1947//1947
f 1543//1543 1949//1949 2169//2169
f 1543//1543 2169//2169 2274//2274
f 1822//1822 1948//1948 2375//2375
f 1822//1822 2375//2375 2495//2495
f 1948//1948 2278//2278 2375//2375
f 1948//1948 2279//2279 2278//2278
f 2070//2070 2171//2171 2176//2176
f 1951//1951 2278//2278 2279//2279
f 1951//1951 2279//2279 1823//1823
f 2067//2067 2068//2068 2280//2280
f 2070//2070 2176//2176 1962//1962
f 2176//2176 2171//2171 1962//1962
f 2172//2172 2275//2275 2178//2178
f 2178//2178 2275//2275 2284//2284
f 2067//2067 2280//2280 2185//2185
f 2280//2280 2178//2178 2185//2185
f 2072//2072 1707//1707 2179//2179
f 2170//2170 2281//2281 1828//1828
f 1968//1968 1831//1831 2180//2180
f 2180//2180 1719//1719 2181//2181
f 1719//1719 2174//2174 2181//2181
f 1838//1838 2175//2175 2174//2174
f 2182//2182 2183//2183 2276//2276
f 2276//2276 2183//2183 2277//2277
f 2279//2279 2177//2177 2080//2080
f 2178//2178 2284//2284 2185//2185
f 2072//2072 2179//2179 2389//2389
f 1967//1967 2281//2281 2084//2084
f 2180//2180 2285//2285 1968//1968
f 2077//2077 2190//2190 2182//2182
f 2182//2182 2190//2190 2183//2183
f 2176//2176 2287//2287 2184//2184
f 2179//2179 2189//2189 2191//2191
f 2187//2187 1968//1968 2193//2193
f 2077//2077 2082//2082 2190//2190
f 2287//2287 2085//2085 2184//2184
f 2188//2188 2087//2087 2288//2288
f 2188//2188 2191//2191 1977//1977
f 1977//1977 2191//2191 1981//1981
f 2191//2191 2189//2189 1981//1981
f 2193//2193 2091//2091 2187//2187
f 2091//2091 2193//2193 1852//1852
f 1852//1852 2193//2193 2194//2194
f 2285//2285 2194//2194 2193//2193
f 2194//2194 2286//2286 1845//1845
f 1845//1845 2286//2286 1980//1980
f 2084//2084 2501//2501 1986//1986
f 2084//2084 1986//1986 2088//2088
f 1985//1985 2383//2383 2192//2192
f 2097//2097 2290//2290 2403//2403
f 1614//1614 1874//1874 2624//2624
f 2104//2104 2199//2199 2197//2197
f 1887//1887 2204//2204 2199//2199
f 2000//2000 1998//1998 2203//2203
f 2000//2000 2203//2203 2112//2112
f 1885//1885 2112//2112 2203//2203
f 1885//1885 2203//2203 1998//1998
f 1885//1885 2202//2202 2112//2112
f 1887//1887 2111//2111 2204//2204
f 1887//1887 1999//1999 2001//2001
f 1887//1887 2001//2001 2111//2111
f 2112//2112 2203//2203 2205//2205
f 2112//2112 2205//2205 2203//2203
f 2112//2112 2202//2202 2205//2205
f 1890//1890 2111//2111 2001//2001
f 2112//2112 2205//2205 2005//2005
f 2005//2005 2205//2205 2115//2115
f 2205//2205 2006//2006 2115//2115
f 2205//2205 2202//2202 2006//2006
f 2204//2204 2111//2111 1891//1891
f 2113//2113 2206//2206 2111//2111
f 2111//2111 2206//2206 1891//1891
f 2115//2115 2006//2006 2304//2304
f 2115//2115 2304//2304 2207//2207
f 2006//2006 2116//2116 2304//2304
f 2118//2118 2305//2305 2206//2206
f 2116//2116 2208//2208 2304//2304
f 2116//2116 2209//2209 2208//2208
f 2208//2208 2209//2209 2308//2308
f 2209//2209 2214//2214 2308//2308
f 2210//2210 2212//2212 2008//2008
f 2008//2008 2212//2212 2118//2118
f 2118//2118 2212//2212 2117//2117
f 2207//2207 2211//2211 2317//2317
f 2116//2116 2317//2317 2209//2209
f 2308//2308 2312//2312 2119//2119
f 2210//2210 2217//2217 2212//2212
f 2118//2118 2117//2117 2316//2316
f 2209//2209 2317//2317 2213//2213
f 2209//2209 2213//2213 2214//2214
f 2123//2123 2314//2314 2009//2009
f 2217//2217 2436//2436 2212//2212
f 2221//2221 2549//2549 2124//2124
f 2320//2320 2223//2223 2440//2440
f 1893//1893 2554//2554 2326//2326
f 1893//1893 2326//2326 2327//2327
f 2332//2332 2328//2328 2331//2331
f 2127//2127 2130//2130 2020//2020
f 2130//2130 2330//2330 2020//2020
f 2130//2130 2328//2328 2330//2330
f 2129//2129 2328//2328 2130//2130
f 2129//2129 2331//2331 2328//2328
f 2329//2329 2019//2019 2558//2558
f 2019//2019 2559//2559 2558//2558
f 2020//2020 2333//2333 2131//2131
f 2131//2131 2333//2333 2334//2334
f 1626//1626 2335//2335 2559//2559
f 1895//1895 2021//2021 2226//2226
f 1626//1626 2228//2228 2335//2335
f 2334//2334 2229//2229 1068//1068
f 1895//1895 2022//2022 2021//2021
f 2031//2031 2230//2230 2232//2232
f 2134//2134 2233//2233 2135//2135
f 2135//2135 2233//2233 2235//2235
f 2232//2232 2338//2338 2234//2234
f 2232//2232 2230//2230 2338//2338
f 2135//2135 2235//2235 2139//2139
f 2233//2233 2140//2140 2235//2235
f 2230//2230 2138//2138 2338//2338
f 2234//2234 2338//2338 2337//2337
f 2338//2338 2138//2138 2238//2238
f 2139//2139 2235//2235 2240//2240
f 2235//2235 2140//2140 2241//2241
f 2236//2236 2234//2234 2337//2337
f 2238//2238 2138//2138 2239//2239
f 2139//2139 2240//2240 2243//2243
f 2241//2241 2140//2140 2244//2244
f 2140//2140 2237//2237 2244//2244
f 2139//2139 2243//2243 2242//2242
f 2143//2143 2236//2236 2144//2144
f 2236//2236 2337//2337 2245//2245
f 2236//2236 2245//2245 2144//2144
f 2239//2239 1918//1918 2246//2246
f 2244//2244 2237//2237 2036//2036
f 2144//2144 2245//2245 2341//2341
f 2036//2036 2342//2342 2244//2244
f 1918//1918 2249//2249 2246//2246
f 2242//2242 2243//2243 2248//2248
f 2242//2242 2248//2248 2252//2252
f 1920//1920 2247//2247 2039//2039
f 2039//2039 2247//2247 2250//2250
f 1797//1797 2458//2458 2145//2145
f 2040//2040 2345//2345 2249//2249
f 1797//1797 2253//2253 2458//2458
f 2251//2251 2345//2345 2146//2146
f 2042//2042 2347//2347 2254//2254
f 1925//1925 2254//2254 2349//2349
f 1927//1927 2348//2348 2043//2043
f 2256//2256 1934//1934 2477//2477
f 2257//2257 2353//2353 1935//1935
f 2148//2148 2258//2258 2260//2260
f 2261//2261 2262//2262 2259//2259
f 2148//2148 2260//2260 2048//2048
f 1935//1935 2263//2263 2149//2149
f 1935//1935 2353//2353 2263//2263
f 1938//1938 2477//2477 1934//1934
f 1810//1810 2358//2358 2261//2261
f 1938//1938 2150//2150 2477//2477
f 2481//2481 2150//2150 2366//2366
f 2264//2264 2156//2156 2265//2265
f 2151//2151 2149//2149 2360//2360
f 2149//2149 2263//2263 2360//2360
f 2051//2051 2359//2359 2361//2361
f 2366//2366 2150//2150 2267//2267
f 2155//2155 2267//2267 2150//2150
f 2155//2155 2153//2153 2362//2362
f 2155//2155 2362//2362 2267//2267
f 1812//1812 2151//2151 2156//2156
f 2151//2151 2360//2360 2156//2156
f 2054//2054 2363//2363 2266//2266
f 2363//2363 2054//2054 2268//2268
f 2054//2054 2157//2157 2268//2268
f 2157//2157 2159//2159 2369//2369
f 2488//2488 2160//2160 2056//2056
f 2056//2056 2160//2160 1815//1815
f 2160//2160 2585//2585 2269//2269
f 2057//2057 2058//2058 2489//2489
f 2058//2058 1943//1943 2489//2489
f 2269//2269 2585//2585 2370//2370
f 1943//1943 2586//2586 2489//2489
f 2269//2269 2370//2370 2270//2270
f 1943//1943 2161//2161 2586//2586
f 2270//2270 2371//2371 2162//2162
f 2166//2166 2491//2491 2064//2064
f 2168//2168 2705//2705 2066//2066
f 2492//2492 1692//1692 2272//2272
f 2273//2273 2801//2801 2593//2593
f 2593//2593 2374//2374 1947//1947
f 1947//1947 2374//2374 2281//2281
f 1947//1947 2281//2281 2170//2170
f 1951//1951 2495//2495 2278//2278
f 2178//2178 2280//2280 2172//2172
f 1949//1949 2069//2069 2169//2169
f 1958//1958 2077//2077 2385//2385
f 1958//1958 2385//2385 2175//2175
f 2077//2077 2182//2182 2385//2385
f 2182//2182 2282//2282 2385//2385
f 2182//2182 2276//2276 2282//2282
f 2171//2171 2377//2377 1962//1962
f 2177//2177 2279//2279 2393//2393
f 2275//2275 2172//2172 2284//2284
f 2071//2071 2072//2072 2504//2504
f 2180//2180 2181//2181 2390//2390
f 2183//2183 2386//2386 2277//2277
f 2282//2282 2276//2276 2277//2277
f 2282//2282 2277//2277 2386//2386
f 2184//2184 2392//2392 2176//2176
f 2279//2279 2080//2080 2283//2283
f 2072//2072 2389//2389 2504//2504
f 2389//2389 2179//2179 2191//2191
f 2084//2084 2281//2281 2500//2500
f 1972//1972 2186//2186 2069//2069
f 1968//1968 2285//2285 2193//2193
f 2180//2180 2390//2390 2285//2285
f 2177//2177 2393//2393 2283//2283
f 2177//2177 2283//2283 2080//2080
f 2185//2185 2087//2087 2081//2081
f 2081//2081 2087//2087 2086//2086
f 2188//2188 2389//2389 2191//2191
f 2384//2384 2192//2192 2383//2383
f 2384//2384 2186//2186 2192//2192
f 2287//2287 2392//2392 2085//2085
f 2184//2184 2085//2085 2392//2392
f 2501//2501 2195//2195 1986//1986
f 1985//1985 2195//2195 2383//2383
f 2194//2194 2289//2289 2286//2286
f 2094//2094 2095//2095 2290//2290
f 1614//1614 2624//2624 2196//2196
f 2403//2403 2405//2405 2097//2097
f 2097//2097 2405//2405 2100//2100
f 1874//1874 2099//2099 2624//2624
f 1994//1994 2100//2100 2633//2633
f 2099//2099 2197//2197 2292//2292
f 1995//1995 1994//1994 2103//2103
f 2109//2109 2103//2103 2522//2522
f 2109//2109 2528//2528 1885//1885
f 2199//2199 2204//2204 2299//2299
f 1885//1885 2528//2528 2413//2413
f 1885//1885 2413//2413 2202//2202
f 2413//2413 2203//2203 2202//2202
f 2204//2204 1891//1891 2416//2416
f 2006//2006 2202//2202 2302//2302
f 1891//1891 2306//2306 2416//2416
f 1891//1891 2206//2206 2306//2306
f 2207//2207 2304//2304 2303//2303
f 2006//2006 2302//2302 2208//2208
f 2304//2304 2208//2208 2302//2302
f 1891//1891 2008//2008 2306//2306
f 1891//1891 2306//2306 2008//2008
f 2306//2306 2206//2206 2305//2305
f 2304//2304 2302//2302 2303//2303
f 2303//2303 2418//2418 2310//2310
f 2303//2303 2302//2302 2418//2418
f 2306//2306 2309//2309 2422//2422
f 2306//2306 2305//2305 2309//2309
f 2207//2207 2303//2303 2211//2211
f 2303//2303 2310//2310 2211//2211
f 2308//2308 2423//2423 2418//2418
f 2210//2210 2422//2422 2315//2315
f 2118//2118 2316//2316 2305//2305
f 2305//2305 2316//2316 2309//2309
f 2308//2308 2214//2214 2423//2423
f 2210//2210 2009//2009 2311//2311
f 2210//2210 2315//2315 2217//2217
f 2211//2211 2426//2426 2317//2317
f 2423//2423 2214//2214 2312//2312
f 2428//2428 2218//2218 2318//2318
f 2218//2218 2428//2428 2313//2313
f 2009//2009 2314//2314 2311//2311
f 2212//2212 2316//2316 2117//2117
f 2213//2213 2427//2427 2214//2214
f 2119//2119 2312//2312 2122//2122
f 2218//2218 2313//2313 2544//2544
f 2426//2426 2427//2427 2213//2213
f 2217//2217 2319//2319 2436//2436
f 2012//2012 2122//2122 2434//2434
f 2549//2549 2123//2123 2124//2124
f 2440//2440 2321//2321 2320//2320
f 2434//2434 2324//2324 2012//2012
f 2012//2012 2324//2324 2325//2325
f 2221//2221 2435//2435 2549//2549
f 2325//2325 2322//2322 2554//2554
f 2323//2323 2221//2221 2220//2220
f 2556//2556 2126//2126 2224//2224
f 2126//2126 2556//2556 2443//2443
f 2126//2126 2128//2128 2224//2224
f 2128//2128 2329//2329 2224//2224
f 2329//2329 2557//2557 2224//2224
f 2020//2020 2330//2330 2676//2676
f 2020//2020 2676//2676 2333//2333
f 2331//2331 2226//2226 2332//2332
f 2333//2333 2445//2445 2334//2334
f 2021//2021 2678//2678 2226//2226
f 2225//2225 2446//2446 2227//2227
f 2227//2227 2446//2446 2444//2444
f 2227//2227 2444//2444 2228//2228
f 2228//2228 2444//2444 2335//2335
f 2229//2229 2334//2334 2447//2447
f 2229//2229 2447//2447 2021//2021
f 2235//2235 2241//2241 2450//2450
f 2337//2337 2338//2338 2339//2339
f 2338//2338 2238//2238 2339//2339
f 2235//2235 2450//2450 2240//2240
f 2450//2450 2241//2241 2449//2449
f 2238//2238 2239//2239 2340//2340
f 2339//2339 2238//2238 2451//2451
f 2239//2239 2246//2246 2340//2340
f 2240//2240 2449//2449 2452//2452
f 2337//2337 2451//2451 2245//2245
f 2451//2451 2238//2238 2340//2340
f 2243//2243 2240//2240 2452//2452
f 2560//2560 2241//2241 2453//2453
f 2241//2241 2244//2244 2453//2453
f 2451//2451 2340//2340 2456//2456
f 2340//2340 2246//2246 2456//2456
f 2341//2341 2245//2245 2247//2247
f 2243//2243 2452//2452 2344//2344
f 2453//2453 2244//2244 2145//2145
f 2244//2244 2342//2342 2145//2145
f 2246//2246 2249//2249 2343//2343
f 2456//2456 2246//2246 2343//2343
f 2248//2248 2243//2243 2344//2344
f 2247//2247 2455//2455 2250//2250
f 2456//2456 2343//2343 2249//2249
f 2249//2249 2345//2345 2456//2456
f 2456//2456 2345//2345 2251//2251
f 2252//2252 2344//2344 2346//2346
f 2252//2252 2346//2346 2255//2255
f 2146//2146 2466//2466 2251//2251
f 2255//2255 2346//2346 2467//2467
f 2254//2254 2347//2347 2350//2350
f 2043//2043 2348//2348 2463//2463
f 2146//2146 2045//2045 2466//2466
f 2255//2255 2467//2467 2044//2044
f 2044//2044 2467//2467 2046//2046
f 2467//2467 2571//2571 2046//2046
f 2348//2348 2147//2147 2351//2351
f 2349//2349 2350//2350 2474//2474
f 2045//2045 2256//2256 2352//2352
f 2046//2046 2353//2353 2257//2257
f 2148//2148 2349//2349 2258//2258
f 2258//2258 2349//2349 2474//2474
f 2259//2259 2354//2354 2351//2351
f 2259//2259 2351//2351 2147//2147
f 2352//2352 2256//2256 2477//2477
f 2258//2258 2475//2475 2260//2260
f 2260//2260 2475//2475 2048//2048
f 2261//2261 2356//2356 2262//2262
f 2259//2259 2262//2262 2356//2356
f 2048//2048 2475//2475 2357//2357
f 2353//2353 2355//2355 2263//2263
f 2261//2261 2358//2358 2356//2356
f 2355//2355 2476//2476 2263//2263
f 2150//2150 2481//2481 2477//2477
f 2577//2577 2477//2477 2481//2481
f 2476//2476 2478//2478 2263//2263
f 2051//2051 2357//2357 2359//2359
f 1810//1810 2266//2266 2358//2358
f 2479//2479 2358//2358 2266//2266
f 2357//2357 2480//2480 2359//2359
f 2264//2264 2265//2265 2153//2153
f 2263//2263 2478//2478 2360//2360
f 2153//2153 2265//2265 2694//2694
f 2360//2360 2478//2478 2482//2482
f 2359//2359 2480//2480 2361//2361
f 2265//2265 2156//2156 2582//2582
f 2479//2479 2266//2266 2363//2363
f 2361//2361 2480//2480 2365//2365
f 2361//2361 2365//2365 2364//2364
f 2479//2479 2363//2363 2268//2268
f 2365//2365 2366//2366 2367//2367
f 2360//2360 2482//2482 2368//2368
f 2364//2364 2365//2365 2486//2486
f 2364//2364 2486//2486 2158//2158
f 2268//2268 2157//2157 2485//2485
f 2158//2158 2486//2486 2488//2488
f 2485//2485 2157//2157 2369//2369
f 2057//2057 2489//2489 2159//2159
f 2270//2270 2370//2370 2371//2371
f 2586//2586 2161//2161 2163//2163
f 2162//2162 2589//2589 2063//2063
f 2164//2164 2165//2165 2490//2490
f 2063//2063 2589//2589 2491//2491
f 2165//2165 2372//2372 2490//2490
f 2063//2063 2491//2491 2166//2166
f 2165//2165 2271//2271 2372//2372
f 2064//2064 2491//2491 2168//2168
f 2167//2167 2492//2492 2271//2271
f 2169//2169 2493//2493 2274//2274
f 2279//2279 2378//2378 2375//2375
f 2374//2374 2380//2380 2281//2281
f 2279//2279 2375//2375 2378//2378
f 2172//2172 2280//2280 2379//2379
f 2172//2172 2379//2379 2498//2498
f 2280//2280 2388//2388 2379//2379
f 2280//2280 2068//2068 2601//2601
f 2173//2173 2711//2711 2068//2068
f 2173//2173 2071//2071 2711//2711
f 2181//2181 2174//2174 2496//2496
f 2174//2174 2175//2175 2496//2496
f 2175//2175 2385//2385 2496//2496
f 2385//2385 2282//2282 2381//2381
f 2171//2171 1962//1962 2377//2377
f 2393//2393 2279//2279 2283//2283
f 2172//2172 2498//2498 2284//2284
f 2284//2284 2498//2498 2379//2379
f 2379//2379 2388//2388 2382//2382
f 2280//2280 2601//2601 2388//2388
f 2281//2281 2380//2380 2500//2500
f 2186//2186 2384//2384 2069//2069
f 2385//2385 2381//2381 2502//2502
f 2183//2183 2381//2381 2386//2386
f 2379//2379 2382//2382 2284//2284
f 2284//2284 2382//2382 2388//2388
f 2284//2284 2388//2388 2185//2185
f 2084//2084 2500//2500 2501//2501
f 2594//2594 2195//2195 2501//2501
f 2594//2594 2710//2710 2383//2383
f 2594//2594 2383//2383 2195//2195
f 2710//2710 2384//2384 2383//2383
f 2385//2385 2502//2502 2190//2190
f 2190//2190 2502//2502 2183//2183
f 2502//2502 2381//2381 2183//2183
f 2176//2176 2392//2392 2287//2287
f 2185//2185 2388//2388 2506//2506
f 2185//2185 2506//2506 2087//2087
f 2188//2188 2288//2288 2389//2389
f 2285//2285 2390//2390 2289//2289
f 2285//2285 2289//2289 2194//2194
f 2394//2394 2397//2397 2398//2398
f 2394//2394 2398//2398 2395//2395
f 2395//2395 2398//2398 2511//2511
f 2512//2512 2399//2399 2400//2400
f 2290//2290 2095//2095 2730//2730
f 2095//2095 2196//2196 2730//2730
f 2396//2396 2730//2730 2196//2196
f 2511//2511 2398//2398 2402//2402
f 2399//2399 2621//2621 2400//2400
f 2624//2624 2099//2099 2406//2406
f 2624//2624 2406//2406 2625//2625
f 2405//2405 2633//2633 2100//2100
f 2406//2406 2099//2099 2292//2292
f 1994//1994 2633//2633 2638//2638
f 1994//1994 2638//2638 2103//2103
f 2197//2197 2518//2518 2292//2292
f 2103//2103 2638//2638 2851//2851
f 2197//2197 2520//2520 2518//2518
f 2524//2524 2522//2522 2519//2519
f 2197//2197 2199//2199 2412//2412
f 2642//2642 2412//2412 2521//2521
f 2109//2109 2522//2522 2528//2528
f 2199//2199 2299//2299 2412//2412
f 2203//2203 2413//2413 2202//2202
f 2204//2204 2001//2001 2529//2529
f 2204//2204 2529//2529 2001//2001
f 2299//2299 2204//2204 2529//2529
f 2413//2413 2530//2530 2202//2202
f 2204//2204 2416//2416 2529//2529
f 2417//2417 2302//2302 2202//2202
f 2416//2416 2306//2306 2534//2534
f 2302//2302 2536//2536 2418//2418
f 2310//2310 2418//2418 2211//2211
f 2210//2210 2311//2311 2422//2422
f 2211//2211 2418//2418 2423//2423
f 2308//2308 2418//2418 2312//2312
f 2422//2422 2309//2309 2315//2315
f 2211//2211 2423//2423 2427//2427
f 2312//2312 2538//2538 2542//2542
f 2311//2311 2314//2314 2429//2429
f 2311//2311 2430//2430 2315//2315
f 2311//2311 2315//2315 2430//2430
f 2315//2315 2309//2309 2433//2433
f 2309//2309 2316//2316 2433//2433
f 2211//2211 2427//2427 2426//2426
f 2312//2312 2214//2214 2427//2427
f 2312//2312 2542//2542 2122//2122
f 2318//2318 2432//2432 2428//2428
f 2318//2318 2218//2218 2432//2432
f 2315//2315 2430//2430 2217//2217
f 2217//2217 2430//2430 2319//2319
f 2430//2430 2315//2315 2319//2319
f 2315//2315 2433//2433 2319//2319
f 2316//2316 2212//2212 2433//2433
f 2317//2317 2426//2426 2213//2213
f 2542//2542 2781//2781 2122//2122
f 2218//2218 2544//2544 2432//2432
f 2123//2123 2541//2541 2314//2314
f 2436//2436 2319//2319 2433//2433
f 2212//2212 2436//2436 2433//2433
f 2122//2122 2542//2542 2321//2321
f 2123//2123 2549//2549 2541//2541
f 2123//2123 2314//2314 2666//2666
f 2321//2321 2553//2553 2122//2122
f 2434//2434 2548//2548 2324//2324
f 2324//2324 2437//2437 2325//2325
f 2325//2325 2437//2437 2322//2322
f 2324//2324 2322//2322 2437//2437
f 2323//2323 2435//2435 2221//2221
f 2123//2123 2666//2666 2438//2438
f 2320//2320 2550//2550 2440//2440
f 2320//2320 2440//2440 2223//2223
f 2321//2321 2440//2440 2553//2553
f 2322//2322 2437//2437 2554//2554
f 2323//2323 2220//2220 2221//2221
f 2328//2328 2332//2332 2442//2442
f 2329//2329 2558//2558 2557//2557
f 2557//2557 2558//2558 2787//2787
f 2441//2441 2676//2676 2330//2330
f 2332//2332 2226//2226 2442//2442
f 2444//2444 2559//2559 2335//2335
f 2334//2334 2445//2445 2447//2447
f 2447//2447 2678//2678 2021//2021
f 2337//2337 2339//2339 2448//2448
f 2240//2240 2450//2450 2449//2449
f 2337//2337 2448//2448 2451//2451
f 2241//2241 2560//2560 2449//2449
f 2448//2448 2339//2339 2451//2451
f 2449//2449 2560//2560 2452//2452
f 2245//2245 2451//2451 2561//2561
f 2452//2452 2560//2560 2562//2562
f 2451//2451 2456//2456 2561//2561
f 2560//2560 2453//2453 2562//2562
f 2561//2561 2456//2456 2459//2459
f 2247//2247 2245//2245 2563//2563
f 2245//2245 2561//2561 2563//2563
f 2452//2452 2564//2564 2344//2344
f 2252//2252 2248//2248 2344//2344
f 2453//2453 2145//2145 2454//2454
f 2247//2247 2563//2563 2461//2461
f 2459//2459 2456//2456 2251//2251
f 2344//2344 2457//2457 2346//2346
f 2344//2344 2564//2564 2457//2457
f 2454//2454 2145//2145 2458//2458
f 2455//2455 2247//2247 2461//2461
f 2455//2455 2461//2461 2250//2250
f 2459//2459 2251//2251 2465//2465
f 2347//2347 2250//2250 2461//2461
f 2346//2346 2457//2457 2462//2462
f 2454//2454 2458//2458 2253//2253
f 2454//2454 2253//2253 2567//2567
f 2347//2347 2461//2461 2460//2460
f 2253//2253 2463//2463 2567//2567
f 2465//2465 2251//2251 2466//2466
f 2346//2346 2462//2462 2467//2467
f 2347//2347 2460//2460 2569//2569
f 2460//2460 2461//2461 2569//2569
f 2567//2567 2463//2463 2570//2570
f 2347//2347 2464//2464 2350//2350
f 2347//2347 2569//2569 2464//2464
f 2570//2570 2463//2463 2348//2348
f 2465//2465 2466//2466 2469//2469
f 2467//2467 2462//2462 2572//2572
f 2570//2570 2348//2348 2468//2468
f 2254//2254 2350//2350 2349//2349
f 2467//2467 2572//2572 2571//2571
f 2466//2466 2045//2045 2470//2470
f 2469//2469 2466//2466 2470//2470
f 2348//2348 2351//2351 2468//2468
f 2046//2046 2571//2571 2353//2353
f 2570//2570 2468//2468 2351//2351
f 2474//2474 2350//2350 2471//2471
f 2350//2350 2464//2464 2471//2471
f 2469//2469 2352//2352 2574//2574
f 2045//2045 2352//2352 2470//2470
f 2469//2469 2470//2470 2352//2352
f 2571//2571 2572//2572 2353//2353
f 2570//2570 2351//2351 2473//2473
f 2473//2473 2351//2351 2354//2354
f 2353//2353 2572//2572 2472//2472
f 2258//2258 2474//2474 2475//2475
f 2574//2574 2352//2352 2477//2477
f 2353//2353 2472//2472 2355//2355
f 2259//2259 2356//2356 2354//2354
f 2355//2355 2472//2472 2476//2476
f 2691//2691 2473//2473 2356//2356
f 2473//2473 2354//2354 2356//2356
f 2474//2474 2471//2471 2579//2579
f 2474//2474 2579//2579 2475//2475
f 2574//2574 2477//2477 2577//2577
f 2475//2475 2481//2481 2357//2357
f 2475//2475 2579//2579 2481//2481
f 2692//2692 2577//2577 2481//2481
f 2356//2356 2358//2358 2479//2479
f 2356//2356 2479//2479 2478//2478
f 2357//2357 2481//2481 2480//2480
f 2478//2478 2479//2479 2482//2482
f 2480//2480 2481//2481 2365//2365
f 2481//2481 2366//2366 2365//2365
f 2362//2362 2153//2153 2694//2694
f 2265//2265 2582//2582 2694//2694
f 2479//2479 2268//2268 2485//2485
f 2482//2482 2479//2479 2485//2485
f 2267//2267 2362//2362 2581//2581
f 2365//2365 2367//2367 2580//2580
f 2366//2366 2483//2483 2367//2367
f 2366//2366 2267//2267 2581//2581
f 2366//2366 2581//2581 2483//2483
f 2156//2156 2484//2484 2582//2582
f 2156//2156 2360//2360 2484//2484
f 2360//2360 2368//2368 2484//2484
f 2365//2365 2580//2580 2486//2486
f 2367//2367 2483//2483 2696//2696
f 2484//2484 2368//2368 2583//2583
f 2482//2482 2485//2485 2368//2368
f 2486//2486 2487//2487 2488//2488
f 2488//2488 2584//2584 2585//2585
f 2488//2488 2585//2585 2160//2160
f 2698//2698 2159//2159 2489//2489
f 2371//2371 2587//2587 2162//2162
f 2163//2163 2164//2164 2588//2588
f 2162//2162 2587//2587 2589//2589
f 2164//2164 2490//2490 2588//2588
f 2491//2491 2592//2592 2168//2168
f 2168//2168 2592//2592 2705//2705
f 2066//2066 2705//2705 2800//2800
f 2066//2066 2800//2800 2273//2273
f 2273//2273 2800//2800 2801//2801
f 2375//2375 2596//2596 2495//2495
f 2375//2375 2278//2278 2495//2495
f 2375//2375 2495//2495 2494//2494
f 2498//2498 2379//2379 2600//2600
f 2181//2181 2496//2496 2715//2715
f 2381//2381 2282//2282 2603//2603
f 2379//2379 2499//2499 2600//2600
f 2498//2498 2499//2499 2379//2379
f 2600//2600 2499//2499 2382//2382
f 2600//2600 2382//2382 2388//2388
f 2385//2385 2502//2502 2603//2603
f 2381//2381 2603//2603 2606//2606
f 2603//2603 2502//2502 2606//2606
f 2381//2381 2606//2606 2386//2386
f 2388//2388 2382//2382 2506//2506
f 2385//2385 2190//2190 2507//2507
f 2385//2385 2507//2507 2502//2502
f 2389//2389 2288//2288 2504//2504
f 2286//2286 2507//2507 1980//1980
f 1980//1980 2507//2507 2190//2190
f 2607//2607 2611//2611 2510//2510
f 2607//2607 2510//2510 2608//2608
f 2512//2512 2400//2400 2612//2612
f 2512//2512 2612//2612 2613//2613
f 2612//2612 2400//2400 2614//2614
f 2394//2394 2395//2395 2397//2397
f 2512//2512 2732//2732 2399//2399
f 2400//2400 2622//2622 2614//2614
f 2732//2732 2621//2621 2399//2399
f 2400//2400 2621//2621 2622//2622
f 2196//2196 2624//2624 2619//2619
f 2398//2398 2735//2735 2402//2402
f 2631//2631 2633//2633 2517//2517
f 2631//2631 2638//2638 2633//2633
f 2292//2292 2518//2518 2630//2630
f 2851//2851 2750//2750 2103//2103
f 2522//2522 2103//2103 2528//2528
f 2412//2412 2642//2642 2521//2521
f 2413//2413 2528//2528 2527//2527
f 2521//2521 2529//2529 2646//2646
f 2413//2413 2527//2527 2530//2530
f 2527//2527 2528//2528 2530//2530
f 2299//2299 2529//2529 2535//2535
f 2529//2529 2416//2416 2535//2535
f 2299//2299 2535//2535 2534//2534
f 2530//2530 2528//2528 2536//2536
f 2202//2202 2530//2530 2417//2417
f 2530//2530 2536//2536 2417//2417
f 2416//2416 2534//2534 2535//2535
f 2302//2302 2417//2417 2536//2536
f 2422//2422 2534//2534 2306//2306
f 2536//2536 2653//2653 2418//2418
f 2422//2422 2537//2537 2534//2534
f 2418//2418 2653//2653 2312//2312
f 2311//2311 2537//2537 2422//2422
f 2423//2423 2312//2312 2427//2427
f 2428//2428 2539//2539 2655//2655
f 2428//2428 2655//2655 2313//2313
f 2313//2313 2655//2655 2545//2545
f 2434//2434 2122//2122 2543//2543
f 2313//2313 2545//2545 2544//2544
f 2314//2314 2123//2123 2546//2546
f 2542//2542 2662//2662 2321//2321
f 2320//2320 2321//2321 2662//2662
f 2542//2542 2671//2671 2662//2662
f 2542//2542 2122//2122 2671//2671
f 2543//2543 2548//2548 2434//2434
f 2324//2324 2663//2663 2322//2322
f 2432//2432 2544//2544 2668//2668
f 2544//2544 2545//2545 2669//2669
f 2323//2323 2670//2670 2786//2786
f 2323//2323 2786//2786 2435//2435
f 2435//2435 2786//2786 2549//2549
f 2314//2314 2546//2546 2552//2552
f 2314//2314 2552//2552 2666//2666
f 2123//2123 2438//2438 2546//2546
f 2433//2433 2547//2547 2782//2782
f 2433//2433 2782//2782 2436//2436
f 2433//2433 2436//2436 2547//2547
f 2320//2320 2662//2662 2550//2550
f 2662//2662 2671//2671 2550//2550
f 2122//2122 2553//2553 2671//2671
f 2548//2548 2324//2324 2667//2667
f 2322//2322 2663//2663 2437//2437
f 2326//2326 2668//2668 2664//2664
f 2326//2326 2664//2664 2327//2327
f 2544//2544 2669//2669 2664//2664
f 2323//2323 2221//2221 2670//2670
f 2435//2435 2549//2549 2551//2551
f 2666//2666 2552//2552 2438//2438
f 2438//2438 2439//2439 2546//2546
f 2546//2546 2439//2439 2552//2552
f 2440//2440 2550//2550 2553//2553
f 2550//2550 2671//2671 2553//2553
f 2324//2324 2548//2548 2667//2667
f 2326//2326 2554//2554 2668//2668
f 2327//2327 2664//2664 2669//2669
f 2327//2327 2669//2669 2220//2220
f 2220//2220 2670//2670 2221//2221
f 2551//2551 2549//2549 2435//2435
f 2438//2438 2552//2552 2439//2439
f 2552//2552 2674//2674 2439//2439
f 2441//2441 2330//2330 2676//2676
f 2226//2226 2678//2678 2442//2442
f 2443//2443 2788//2788 2225//2225
f 2558//2558 2559//2559 2679//2679
f 2333//2333 2791//2791 2445//2445
f 2225//2225 2788//2788 2446//2446
f 2680//2680 2678//2678 2447//2447
f 2459//2459 2681//2681 2561//2561
f 2452//2452 2562//2562 2564//2564
f 2453//2453 2454//2454 2562//2562
f 2563//2563 2561//2561 2681//2681
f 2562//2562 2454//2454 2564//2564
f 2564//2564 2454//2454 2566//2566
f 2682//2682 2684//2684 2461//2461
f 2459//2459 2465//2465 2684//2684
f 2457//2457 2565//2565 2683//2683
f 2566//2566 2454//2454 2567//2567
f 2566//2566 2567//2567 2683//2683
f 2461//2461 2684//2684 2686//2686
f 2457//2457 2683//2683 2685//2685
f 2461//2461 2686//2686 2569//2569
f 2457//2457 2685//2685 2462//2462
f 2683//2683 2567//2567 2568//2568
f 2684//2684 2465//2465 2687//2687
f 2569//2569 2686//2686 2688//2688
f 2687//2687 2465//2465 2573//2573
f 2462//2462 2685//2685 2689//2689
f 2568//2568 2567//2567 2691//2691
f 2567//2567 2570//2570 2691//2691
f 2573//2573 2465//2465 2469//2469
f 2464//2464 2569//2569 2471//2471
f 2569//2569 2688//2688 2471//2471
f 2462//2462 2689//2689 2572//2572
f 2573//2573 2469//2469 2574//2574
f 2691//2691 2570//2570 2473//2473
f 2572//2572 2689//2689 2472//2472
f 2688//2688 2575//2575 2471//2471
f 2573//2573 2574//2574 2575//2575
f 2471//2471 2692//2692 2579//2579
f 2471//2471 2575//2575 2692//2692
f 2575//2575 2574//2574 2577//2577
f 2691//2691 2356//2356 2578//2578
f 2576//2576 2691//2691 2578//2578
f 2575//2575 2577//2577 2692//2692
f 2472//2472 2576//2576 2578//2578
f 2472//2472 2578//2578 2476//2476
f 2579//2579 2692//2692 2481//2481
f 2476//2476 2578//2578 2478//2478
f 2356//2356 2478//2478 2578//2578
f 2362//2362 2694//2694 2581//2581
f 2694//2694 2693//2693 2581//2581
f 2367//2367 2696//2696 2580//2580
f 2580//2580 2696//2696 2487//2487
f 2583//2583 2368//2368 2485//2485
f 2486//2486 2580//2580 2487//2487
f 2583//2583 2485//2485 2698//2698
f 2485//2485 2369//2369 2698//2698
f 2488//2488 2487//2487 2584//2584
f 2369//2369 2159//2159 2698//2698
f 2584//2584 2700//2700 2585//2585
f 2698//2698 2489//2489 2701//2701
f 2585//2585 2700//2700 2796//2796
f 2489//2489 2586//2586 2701//2701
f 2585//2585 2796//2796 2370//2370
f 2163//2163 2702//2702 2586//2586
f 2371//2371 2370//2370 2587//2587
f 2163//2163 2588//2588 2702//2702
f 2590//2590 2588//2588 2490//2490
f 2589//2589 2591//2591 2491//2491
f 2490//2490 2372//2372 2798//2798
f 2492//2492 2272//2272 2706//2706
f 2274//2274 2708//2708 2373//2373
f 2593//2593 2803//2803 2374//2374
f 2375//2375 2494//2494 2596//2596
f 2910//2910 2907//2907 2594//2594
f 2804//2804 2710//2710 2594//2594
f 2495//2495 2596//2596 2598//2598
f 2495//2495 2598//2598 2494//2494
f 2596//2596 2494//2494 2598//2598
f 2599//2599 2498//2498 2600//2600
f 2388//2388 2601//2601 2600//2600
f 2601//2601 2068//2068 2602//2602
f 2068//2068 2711//2711 2602//2602
f 2711//2711 2071//2071 2912//2912
f 2380//2380 2709//2709 2500//2500
f 2500//2500 2709//2709 2910//2910
f 2500//2500 2910//2910 2501//2501
f 2501//2501 2910//2910 2594//2594
f 2384//2384 2710//2710 2806//2806
f 2385//2385 2603//2603 2496//2496
f 2282//2282 2386//2386 2603//2603
f 2386//2386 2605//2605 2603//2603
f 2498//2498 2599//2599 2499//2499
f 2600//2600 2499//2499 2599//2599
f 2600//2600 2601//2601 2499//2499
f 2071//2071 2504//2504 2912//2912
f 2181//2181 2715//2715 2390//2390
f 2496//2496 2606//2606 2604//2604
f 2496//2496 2603//2603 2606//2606
f 2386//2386 2606//2606 2605//2605
f 2603//2603 2605//2605 2606//2606
f 2499//2499 2506//2506 2382//2382
f 2499//2499 2601//2601 2506//2506
f 2601//2601 2602//2602 2506//2506
f 2602//2602 2714//2714 2506//2506
f 2604//2604 2507//2507 2719//2719
f 2604//2604 2606//2606 2507//2507
f 2502//2502 2507//2507 2606//2606
f 2087//2087 2506//2506 2714//2714
f 2087//2087 2714//2714 2288//2288
f 2390//2390 2718//2718 2289//2289
f 2289//2289 2719//2719 2286//2286
f 2286//2286 2719//2719 2507//2507
f 2607//2607 2608//2608 2723//2723
f 2509//2509 2725//2725 2609//2609
f 2509//2509 2609//2609 2724//2724
f 2724//2724 2722//2722 2610//2610
f 2607//2607 2723//2723 2611//2611
f 2395//2395 2511//2511 2617//2617
f 2397//2397 2395//2395 2617//2617
f 2397//2397 2617//2617 2823//2823
f 2512//2512 2613//2613 2732//2732
f 2290//2290 2730//2730 2618//2618
f 2196//2196 2619//2619 2396//2396
f 2511//2511 2402//2402 2620//2620
f 2403//2403 2290//2290 2618//2618
f 2735//2735 2620//2620 2402//2402
f 2397//2397 2735//2735 2398//2398
f 2513//2513 2516//2516 2626//2626
f 2513//2513 2626//2626 2516//2516
f 2403//2403 2826//2826 2405//2405
f 2405//2405 2826//2826 2627//2627
f 2625//2625 2406//2406 2738//2738
f 2515//2515 2405//2405 2739//2739
f 2515//2515 2739//2739 2405//2405
f 2406//2406 2628//2628 2740//2740
f 2406//2406 2740//2740 2628//2628
f 2630//2630 2632//2632 2292//2292
f 2631//2631 2633//2633 2638//2638
f 2630//2630 2518//2518 2632//2632
f 2632//2632 2518//2518 2292//2292
f 2292//2292 2518//2518 2636//2636
f 2518//2518 2520//2520 2636//2636
f 2519//2519 2748//2748 2524//2524
f 2519//2519 2522//2522 2748//2748
f 2522//2522 2643//2643 2748//2748
f 2103//2103 2750//2750 2528//2528
f 2197//2197 2412//2412 2520//2520
f 2642//2642 2853//2853 2521//2521
f 2522//2522 2524//2524 2527//2527
f 2522//2522 2527//2527 2643//2643
f 2753//2753 2641//2641 2644//2644
f 2412//2412 2299//2299 2520//2520
f 2521//2521 2853//2853 2646//2646
f 2521//2521 2646//2646 2853//2853
f 2528//2528 2750//2750 2536//2536
f 2299//2299 2762//2762 2520//2520
f 2521//2521 2646//2646 2529//2529
f 2524//2524 2643//2643 2527//2527
f 2647//2647 2530//2530 2648//2648
f 2299//2299 2534//2534 2762//2762
f 2763//2763 2535//2535 2532//2532
f 2647//2647 2533//2533 2530//2530
f 2533//2533 2765//2765 2651//2651
f 2533//2533 2651//2651 2530//2530
f 2649//2649 2652//2652 2535//2535
f 2535//2535 2652//2652 2532//2532
f 2765//2765 2650//2650 2651//2651
f 2649//2649 2654//2654 2652//2652
f 2418//2418 2653//2653 2651//2651
f 2536//2536 2773//2773 2653//2653
f 2534//2534 2537//2537 2868//2868
f 2418//2418 2775//2775 2653//2653
f 2651//2651 2653//2653 2775//2775
f 2651//2651 2775//2775 2418//2418
f 2653//2653 2538//2538 2312//2312
f 2775//2775 2538//2538 2653//2653
f 2537//2537 2311//2311 2429//2429
f 2537//2537 2429//2429 2777//2777
f 2775//2775 2780//2780 2538//2538
f 2429//2429 2657//2657 2777//2777
f 2542//2542 2538//2538 2781//2781
f 2542//2542 2781//2781 2780//2780
f 2432//2432 2539//2539 2428//2428
f 2429//2429 2314//2314 2656//2656
f 2314//2314 2546//2546 2657//2657
f 2314//2314 2657//2657 2656//2656
f 2542//2542 2780//2780 2662//2662
f 2542//2542 2662//2662 2781//2781
f 2780//2780 2781//2781 2662//2662
f 2122//2122 2781//2781 2658//2658
f 2122//2122 2658//2658 2543//2543
f 2432//2432 2659//2659 2539//2539
f 2539//2539 2659//2659 2544//2544
f 2539//2539 2544//2544 2660//2660
f 2539//2539 2660//2660 2655//2655
f 2655//2655 2660//2660 2545//2545
f 2541//2541 2665//2665 2656//2656
f 2541//2541 2656//2656 2314//2314
f 2314//2314 2656//2656 2546//2546
f 2656//2656 2657//2657 2546//2546
f 2543//2543 2658//2658 2548//2548
f 2548//2548 2658//2658 2784//2784
f 2548//2548 2784//2784 2324//2324
f 2658//2658 2543//2543 2784//2784
f 2324//2324 2784//2784 2663//2663
f 2432//2432 2668//2668 2659//2659
f 2544//2544 2659//2659 2664//2664
f 2544//2544 2664//2664 2660//2660
f 2541//2541 2549//2549 2665//2665
f 2549//2549 2786//2786 2665//2665
f 2541//2541 2665//2665 2786//2786
f 2547//2547 2436//2436 2782//2782
f 2437//2437 2663//2663 2554//2554
f 2554//2554 2663//2663 2668//2668
f 2544//2544 2664//2664 2668//2668
f 2669//2669 2670//2670 2220//2220
f 2545//2545 2670//2670 2669//2669
f 2550//2550 2553//2553 2671//2671
f 2550//2550 2671//2671 2673//2673
f 2439//2439 2672//2672 2552//2552
f 2550//2550 2673//2673 2553//2553
f 2671//2671 2553//2553 2673//2673
f 2439//2439 2674//2674 2672//2672
f 2552//2552 2672//2672 2674//2674
f 2556//2556 2224//2224 3113//3113
f 2224//2224 2557//2557 3113//3113
f 2330//2330 2328//2328 2677//2677
f 2328//2328 2442//2442 2677//2677
f 2676//2676 2883//2883 2333//2333
f 2678//2678 2884//2884 2442//2442
f 2333//2333 2883//2883 2791//2791
f 2446//2446 2886//2886 2444//2444
f 2444//2444 2679//2679 2559//2559
f 2445//2445 2791//2791 2680//2680
f 2445//2445 2680//2680 2447//2447
f 2457//2457 2564//2564 2565//2565
f 2564//2564 2566//2566 2565//2565
f 2461//2461 2563//2563 2682//2682
f 2563//2563 2681//2681 2682//2682
f 2682//2682 2681//2681 2684//2684
f 2684//2684 2681//2681 2459//2459
f 2565//2565 2566//2566 2683//2683
f 2683//2683 2568//2568 2685//2685
f 2686//2686 2684//2684 2687//2687
f 2686//2686 2687//2687 2573//2573
f 2685//2685 2568//2568 2690//2690
f 2685//2685 2690//2690 2689//2689
f 2568//2568 2691//2691 2690//2690
f 2688//2688 2686//2686 2575//2575
f 2686//2686 2573//2573 2575//2575
f 2689//2689 2690//2690 2576//2576
f 2689//2689 2576//2576 2472//2472
f 2690//2690 2691//2691 2576//2576
f 2694//2694 2582//2582 2695//2695
f 2582//2582 2484//2484 2695//2695
f 2483//2483 2581//2581 2696//2696
f 2695//2695 2484//2484 2792//2792
f 2583//2583 2792//2792 2484//2484
f 2696//2696 2697//2697 2487//2487
f 2696//2696 2581//2581 2697//2697
f 2487//2487 2697//2697 2794//2794
f 2792//2792 2583//2583 2698//2698
f 2792//2792 2698//2698 2699//2699
f 2487//2487 2794//2794 2700//2700
f 2698//2698 2701//2701 2699//2699
f 2487//2487 2700//2700 2584//2584
f 2586//2586 2702//2702 2701//2701
f 2370//2370 2796//2796 2587//2587
f 2796//2796 2703//2703 2587//2587
f 2702//2702 2588//2588 2590//2590
f 2587//2587 2703//2703 2589//2589
f 2589//2589 2703//2703 2591//2591
f 2490//2490 2798//2798 2590//2590
f 2798//2798 2372//2372 2704//2704
f 2372//2372 2271//2271 2704//2704
f 2491//2491 2797//2797 2592//2592
f 2271//2271 2904//2904 2704//2704
f 2271//2271 2492//2492 2706//2706
f 2904//2904 2271//2271 2706//2706
f 2272//2272 2905//2905 2706//2706
f 2373//2373 2708//2708 2802//2802
f 2801//2801 2803//2803 2593//2593
f 2274//2274 2493//2493 2708//2708
f 2802//2802 2708//2708 2493//2493
f 2169//2169 2908//2908 2493//2493
f 2802//2802 2493//2493 2908//2908
f 2594//2594 2907//2907 2804//2804
f 2169//2169 2069//2069 2908//2908
f 2384//2384 2806//2806 2069//2069
f 2806//2806 2908//2908 2069//2069
f 2715//2715 2496//2496 2712//2712
f 2602//2602 2711//2711 2714//2714
f 2496//2496 2604//2604 2712//2712
f 2715//2715 2718//2718 2390//2390
f 2714//2714 2913//2913 2288//2288
f 2504//2504 2288//2288 2912//2912
f 2912//2912 2288//2288 2913//2913
f 2289//2289 2718//2718 3010//3010
f 2289//2289 3010//3010 2719//2719
f 2725//2725 2509//2509 2812//2812
f 2610//2610 2722//2722 2724//2724
f 2607//2607 2723//2723 2917//2917
f 2723//2723 2608//2608 2814//2814
f 2725//2725 2817//2817 2609//2609
f 2724//2724 2609//2609 2815//2815
f 2607//2607 2611//2611 2723//2723
f 2611//2611 2727//2727 2510//2510
f 2608//2608 2510//2510 2814//2814
f 2609//2609 2817//2817 2615//2615
f 2615//2615 2815//2815 2609//2609
f 2726//2726 2616//2616 2727//2727
f 2612//2612 2614//2614 2613//2613
f 2726//2726 2819//2819 2820//2820
f 2726//2726 2820//2820 2616//2616
f 2511//2511 2620//2620 2617//2617
f 2614//2614 2729//2729 2613//2613
f 2613//2613 2729//2729 2732//2732
f 2729//2729 2821//2821 2615//2615
f 2615//2615 2821//2821 2731//2731
f 2616//2616 2820//2820 2823//2823
f 2620//2620 2735//2735 2617//2617
f 2614//2614 2622//2622 2729//2729
f 2619//2619 2624//2624 2623//2623
f 2397//2397 2823//2823 2735//2735
f 2823//2823 2617//2617 2735//2735
f 2621//2621 2732//2732 2622//2622
f 2732//2732 2729//2729 2622//2622
f 2923//2923 2627//2627 2826//2826
f 2403//2403 2734//2734 2826//2826
f 2624//2624 2625//2625 2623//2623
f 2627//2627 2736//2736 2515//2515
f 2515//2515 2736//2736 2627//2627
f 2628//2628 2927//2927 2738//2738
f 2515//2515 2736//2736 2739//2739
f 2515//2515 2739//2739 2736//2736
f 2627//2627 2828//2828 2405//2405
f 2736//2736 2739//2739 2828//2828
f 2736//2736 2828//2828 2627//2627
f 2627//2627 2826//2826 2828//2828
f 2738//2738 2406//2406 2831//2831
f 2625//2625 2738//2738 2831//2831
f 2628//2628 2738//2738 2831//2831
f 2628//2628 2740//2740 2927//2927
f 2405//2405 2828//2828 2629//2629
f 2406//2406 2740//2740 2831//2831
f 2628//2628 2831//2831 2740//2740
f 2629//2629 2838//2838 2405//2405
f 2740//2740 2406//2406 2934//2934
f 2631//2631 2517//2517 2742//2742
f 2741//2741 2836//2836 2835//2835
f 2934//2934 2632//2632 3041//3041
f 2517//2517 2633//2633 2935//2935
f 2517//2517 2935//2935 2742//2742
f 2631//2631 2935//2935 2633//2633
f 2834//2834 2829//2829 2841//2841
f 2829//2829 2741//2741 2841//2841
f 2741//2741 2743//2743 2841//2841
f 2741//2741 2835//2835 2743//2743
f 2405//2405 2838//2838 2633//2633
f 2406//2406 2292//2292 2934//2934
f 2633//2633 2838//2838 2837//2837
f 2633//2633 2837//2837 2844//2844
f 2841//2841 2743//2743 2749//2749
f 2292//2292 2636//2636 2934//2934
f 2633//2633 2844//2844 2638//2638
f 2638//2638 2844//2844 2851//2851
f 2748//2748 2643//2643 2524//2524
f 2749//2749 2641//2641 2845//2845
f 2642//2642 2852//2852 2853//2853
f 2520//2520 2853//2853 2852//2852
f 2642//2642 2521//2521 2852//2852
f 2521//2521 2853//2853 2852//2852
f 2641//2641 2948//2948 2644//2644
f 2753//2753 2644//2644 2856//2856
f 2753//2753 2856//2856 2757//2757
f 2755//2755 2756//2756 2757//2757
f 2756//2756 2753//2753 2757//2757
f 2644//2644 2758//2758 2856//2856
f 2647//2647 2648//2648 2761//2761
f 2763//2763 2532//2532 2764//2764
f 2533//2533 2761//2761 2859//2859
f 2647//2647 2761//2761 2533//2533
f 2761//2761 2648//2648 2766//2766
f 2648//2648 2530//2530 2766//2766
f 2762//2762 2534//2534 2865//2865
f 2535//2535 2763//2763 2649//2649
f 2532//2532 2767//2767 2764//2764
f 2764//2764 2767//2767 2860//2860
f 2761//2761 2766//2766 2765//2765
f 2536//2536 2773//2773 2766//2766
f 2865//2865 2534//2534 2866//2866
f 2865//2865 2866//2866 2868//2868
f 2763//2763 2767//2767 2649//2649
f 2763//2763 2764//2764 2767//2767
f 2652//2652 2767//2767 2532//2532
f 2533//2533 2768//2768 2765//2765
f 2530//2530 2651//2651 2766//2766
f 2534//2534 2868//2868 2866//2866
f 2649//2649 2770//2770 2654//2654
f 2866//2866 2770//2770 2649//2649
f 2767//2767 2652//2652 2867//2867
f 2767//2767 2867//2867 2860//2860
f 2765//2765 2768//2768 2650//2650
f 2651//2651 2772//2772 2766//2766
f 2536//2536 2766//2766 2773//2773
f 2868//2868 2770//2770 2866//2866
f 2868//2868 2866//2866 2770//2770
f 2768//2768 2771//2771 2650//2650
f 2651//2651 2650//2650 2772//2772
f 2773//2773 2774//2774 2653//2653
f 2652//2652 2654//2654 2867//2867
f 2772//2772 2775//2775 2773//2773
f 2653//2653 2774//2774 2775//2775
f 2773//2773 2775//2775 2774//2774
f 2537//2537 2777//2777 2868//2868
f 2868//2868 2777//2777 2770//2770
f 2770//2770 2777//2777 2654//2654
f 2775//2775 2774//2774 2538//2538
f 2868//2868 2777//2777 2429//2429
f 2775//2775 2538//2538 2780//2780
f 2538//2538 2778//2778 2781//2781
f 2538//2538 2872//2872 2778//2778
f 2429//2429 2777//2777 2657//2657
f 2781//2781 2778//2778 2658//2658
f 2779//2779 2429//2429 2656//2656
f 2658//2658 2876//2876 2543//2543
f 2541//2541 2786//2786 2665//2665
f 2656//2656 2665//2665 2779//2779
f 2543//2543 2876//2876 2784//2784
f 2876//2876 2988//2988 2784//2784
f 2784//2784 2785//2785 2663//2663
f 2663//2663 2785//2785 2659//2659
f 2663//2663 2659//2659 2668//2668
f 2664//2664 2659//2659 2660//2660
f 2545//2545 2660//2660 2670//2670
f 2670//2670 2783//2783 2786//2786
f 2556//2556 2996//2996 3203//3203
f 2556//2556 3113//3113 2996//2996
f 2557//2557 2787//2787 3113//3113
f 2330//2330 2677//2677 2676//2676
f 2556//2556 3203//3203 2788//2788
f 2556//2556 2788//2788 2443//2443
f 2676//2676 2882//2882 2883//2883
f 2442//2442 2884//2884 2677//2677
f 2678//2678 2790//2790 2884//2884
f 2788//2788 2789//2789 2446//2446
f 2446//2446 2789//2789 2886//2886
f 2444//2444 2886//2886 2887//2887
f 2444//2444 2887//2887 2679//2679
f 2694//2694 2695//2695 2693//2693
f 2693//2693 2695//2695 2888//2888
f 2697//2697 2581//2581 2889//2889
f 2581//2581 2693//2693 2888//2888
f 2581//2581 2888//2888 2889//2889
f 2888//2888 2695//2695 2793//2793
f 2695//2695 2792//2792 2793//2793
f 2792//2792 2891//2891 2793//2793
f 2792//2792 2699//2699 2891//2891
f 2794//2794 2697//2697 2795//2795
f 2700//2700 2794//2794 2795//2795
f 2891//2891 2699//2699 2892//2892
f 2699//2699 2701//2701 2892//2892
f 2701//2701 2702//2702 2892//2892
f 2700//2700 2795//2795 2796//2796
f 2795//2795 2895//2895 2796//2796
f 2796//2796 2895//2895 2703//2703
f 2895//2895 2896//2896 2703//2703
f 2898//2898 2893//2893 2590//2590
f 2893//2893 2702//2702 2590//2590
f 2703//2703 2896//2896 2900//2900
f 2703//2703 2900//2900 2591//2591
f 2590//2590 2798//2798 2901//2901
f 2591//2591 2797//2797 2491//2491
f 2797//2797 2799//2799 2592//2592
f 2592//2592 2799//2799 2705//2705
f 2705//2705 2707//2707 2800//2800
f 2272//2272 2373//2373 2905//2905
f 2803//2803 2909//2909 2374//2374
f 2374//2374 2909//2909 2380//2380
f 2380//2380 2909//2909 2709//2709
f 2804//2804 3006//3006 2710//2710
f 3007//3007 2714//2714 2711//2711
f 2604//2604 2719//2719 3010//3010
f 2509//2509 2724//2724 2915//2915
f 2509//2509 2915//2915 2812//2812
f 2724//2724 3132//3132 2915//2915
f 2723//2723 2814//2814 2917//2917
f 2814//2814 2608//2608 2816//2816
f 2724//2724 2916//2916 3132//3132
f 2814//2814 2816//2816 2608//2608
f 2724//2724 2815//2815 2916//2916
f 2607//2607 2917//2917 2611//2611
f 2723//2723 2611//2611 3016//3016
f 2723//2723 2919//2919 2611//2611
f 2723//2723 3016//3016 2919//2919
f 2611//2611 2919//2919 2727//2727
f 2813//2813 2727//2727 2919//2919
f 2814//2814 2510//2510 2816//2816
f 2727//2727 2816//2816 2510//2510
f 2813//2813 2814//2814 2816//2816
f 2813//2813 2816//2816 2727//2727
f 2817//2817 2725//2725 3020//3020
f 2727//2727 2919//2919 2728//2728
f 2726//2726 2727//2727 2728//2728
f 2815//2815 2615//2615 2731//2731
f 2817//2817 2815//2815 2731//2731
f 2727//2727 2616//2616 2728//2728
f 2729//2729 2615//2615 2817//2817
f 2730//2730 2396//2396 2818//2818
f 2616//2616 2823//2823 2728//2728
f 2729//2729 2817//2817 2821//2821
f 2817//2817 2731//2731 2821//2821
f 2819//2819 2728//2728 2820//2820
f 2728//2728 2823//2823 2820//2820
f 2403//2403 2618//2618 2922//2922
f 2820//2820 2823//2823 2822//2822
f 2820//2820 2822//2822 2823//2823
f 2821//2821 2923//2923 2734//2734
f 2403//2403 2922//2922 2734//2734
f 2822//2822 2623//2623 2824//2824
f 2923//2923 2926//2926 2627//2627
f 2923//2923 2826//2826 2926//2926
f 2627//2627 2926//2926 2826//2826
f 2625//2625 2824//2824 2825//2825
f 2625//2625 2825//2825 2824//2824
f 2736//2736 2827//2827 2739//2739
f 2627//2627 2828//2828 2736//2736
f 2739//2739 2827//2827 2828//2828
f 2736//2736 2828//2828 2827//2827
f 2826//2826 3029//3029 2828//2828
f 2738//2738 2927//2927 2831//2831
f 2927//2927 2928//2928 2831//2831
f 2927//2927 2740//2740 2928//2928
f 2831//2831 2928//2928 2740//2740
f 2828//2828 3029//3029 2629//2629
f 2742//2742 2838//2838 2929//2929
f 2629//2629 3029//3029 2838//2838
f 2829//2829 2830//2830 2741//2741
f 3030//3030 2933//2933 2830//2830
f 2741//2741 2933//2933 2930//2930
f 2741//2741 2930//2930 2836//2836
f 2740//2740 2934//2934 2831//2831
f 2929//2929 2838//2838 2742//2742
f 2829//2829 2834//2834 2833//2833
f 2829//2829 2833//2833 2834//2834
f 2930//2930 2835//2835 2836//2836
f 2934//2934 3041//3041 2632//2632
f 2631//2631 2742//2742 2935//2935
f 2632//2632 3041//3041 2939//2939
f 2632//2632 2939//2939 3041//3041
f 2934//2934 2636//2636 2843//2843
f 2749//2749 2845//2845 2841//2841
f 2848//2848 2841//2841 2845//2845
f 2743//2743 2842//2842 2749//2749
f 2636//2636 2747//2747 2843//2843
f 2636//2636 2839//2839 2850//2850
f 2747//2747 2636//2636 2850//2850
f 2636//2636 2850//2850 2839//2839
f 2634//2634 2640//2640 2847//2847
f 2746//2746 2847//2847 2640//2640
f 2634//2634 2847//2847 2640//2640
f 2636//2636 2520//2520 2850//2850
f 2642//2642 2852//2852 2850//2850
f 2748//2748 2750//2750 2851//2851
f 2844//2844 2837//2837 2851//2851
f 2746//2746 2640//2640 2847//2847
f 2747//2747 2850//2850 2520//2520
f 2642//2642 2850//2850 2852//2852
f 2748//2748 2851//2851 2750//2750
f 3060//3060 2845//2845 2641//2641
f 2749//2749 3059//3059 2641//2641
f 3059//3059 2948//2948 2641//2641
f 2747//2747 2520//2520 2852//2852
f 2747//2747 2852//2852 2953//2953
f 2520//2520 2852//2852 2853//2853
f 2953//2953 2852//2852 2520//2520
f 3060//3060 2641//2641 2753//2753
f 2644//2644 2948//2948 2758//2758
f 2755//2755 2951//2951 2756//2756
f 2753//2753 2756//2756 3060//3060
f 2758//2758 2956//2956 2759//2759
f 2758//2758 2759//2759 2856//2856
f 2647//2647 2648//2648 2857//2857
f 2535//2535 2763//2763 2858//2858
f 2647//2647 2857//2857 2648//2648
f 2750//2750 3073//3073 2536//2536
f 2535//2535 2858//2858 2763//2763
f 2536//2536 3073//3073 2864//2864
f 2536//2536 2864//2864 2773//2773
f 2859//2859 2963//2963 2533//2533
f 2761//2761 2765//2765 2963//2963
f 2761//2761 2963//2963 2859//2859
f 2766//2766 2964//2964 2765//2765
f 2866//2866 2649//2649 2966//2966
f 2649//2649 2767//2767 2966//2966
f 2767//2767 2764//2764 2862//2862
f 2764//2764 2860//2860 2862//2862
f 2533//2533 2963//2963 2768//2768
f 2963//2963 2765//2765 2863//2863
f 2766//2766 2863//2863 2964//2964
f 2865//2865 2866//2866 2966//2966
f 2966//2966 2767//2767 2862//2862
f 2860//2860 2867//2867 3077//3077
f 2860//2860 3077//3077 2862//2862
f 2963//2963 2863//2863 2771//2771
f 2766//2766 2772//2772 2863//2863
f 2650//2650 2863//2863 2772//2772
f 2861//2861 2865//2865 2868//2868
f 2866//2866 2966//2966 2869//2869
f 2866//2866 2869//2869 2770//2770
f 2966//2966 2862//2862 2869//2869
f 2773//2773 2774//2774 2772//2772
f 2773//2773 2864//2864 2774//2774
f 2769//2769 2969//2969 2973//2973
f 2654//2654 2869//2869 2867//2867
f 2771//2771 2871//2871 2650//2650
f 2650//2650 2871//2871 2772//2772
f 2772//2772 2774//2774 2775//2775
f 2868//2868 2875//2875 2777//2777
f 2777//2777 2875//2875 2975//2975
f 2868//2868 2770//2770 2975//2975
f 2868//2868 2975//2975 2875//2875
f 2654//2654 2975//2975 2869//2869
f 2777//2777 2975//2975 2654//2654
f 2770//2770 2869//2869 2975//2975
f 2869//2869 2975//2975 2976//2976
f 2869//2869 2976//2976 2867//2867
f 2774//2774 2872//2872 2538//2538
f 2868//2868 2429//2429 2873//2873
f 2868//2868 2873//2873 2974//2974
f 2974//2974 2873//2873 2875//2875
f 2429//2429 2779//2779 2873//2873
f 2980//2980 2876//2876 2778//2778
f 2989//2989 3089//3089 2665//2665
f 3089//3089 2779//2779 2665//2665
f 2778//2778 2876//2876 2658//2658
f 2784//2784 2988//2988 2785//2785
f 2988//2988 2877//2877 2785//2785
f 2659//2659 2785//2785 2877//2877
f 2659//2659 2877//2877 2660//2660
f 2660//2660 2877//2877 2783//2783
f 2877//2877 2989//2989 2783//2783
f 2660//2660 2783//2783 2670//2670
f 2783//2783 2989//2989 2786//2786
f 2786//2786 2989//2989 2665//2665
f 2988//2988 3105//3105 2785//2785
f 2877//2877 2785//2785 2783//2783
f 2676//2676 2677//2677 2882//2882
f 3114//3114 2887//2887 2886//2886
f 2558//2558 2679//2679 3114//3114
f 2887//2887 3114//3114 2679//2679
f 2791//2791 2883//2883 2680//2680
f 2883//2883 2885//2885 2680//2680
f 2680//2680 2885//2885 2790//2790
f 2680//2680 2790//2790 2678//2678
f 2889//2889 2888//2888 2998//2998
f 2888//2888 2793//2793 2998//2998
f 2793//2793 2891//2891 2998//2998
f 2697//2697 2890//2890 2795//2795
f 2697//2697 2889//2889 2890//2890
f 2889//2889 2998//2998 2890//2890
f 2998//2998 2891//2891 2999//2999
f 2795//2795 2890//2890 3000//3000
f 2891//2891 2892//2892 2999//2999
f 2999//2999 2892//2892 2894//2894
f 2894//2894 2892//2892 2893//2893
f 2795//2795 3000//3000 2896//2896
f 2702//2702 2893//2893 2892//2892
f 2795//2795 2896//2896 2895//2895
f 2898//2898 2894//2894 2893//2893
f 2896//2896 2897//2897 2900//2900
f 2897//2897 3001//3001 2900//2900
f 2897//2897 2899//2899 2901//2901
f 2897//2897 2901//2901 3001//3001
f 2899//2899 2898//2898 2901//2901
f 2898//2898 2590//2590 2901//2901
f 2900//2900 2902//2902 2591//2591
f 2591//2591 2902//2902 2797//2797
f 2901//2901 2798//2798 2903//2903
f 2798//2798 2704//2704 2903//2903
f 2705//2705 2799//2799 2707//2707
f 2706//2706 2905//2905 2904//2904
f 2707//2707 3003//3003 2800//2800
f 2373//2373 3005//3005 2905//2905
f 2800//2800 3004//3004 2801//2801
f 2373//2373 2802//2802 3005//3005
f 2801//2801 3004//3004 2803//2803
f 2906//2906 2804//2804 2907//2907
f 3219//3219 2802//2802 2908//2908
f 2711//2711 3127//3127 3126//3126
f 3007//3007 2711//2711 3126//3126
f 2711//2711 2912//2912 3127//3127
f 2712//2712 2604//2604 3008//3008
f 2712//2712 3008//3008 2911//2911
f 2714//2714 3007//3007 3222//3222
f 2714//2714 3222//3222 2913//2913
f 2913//2913 3009//3009 2912//2912
f 2718//2718 3128//3128 3010//3010
f 2715//2715 3128//3128 2718//2718
f 2604//2604 3010//3010 3008//3008
f 2917//2917 2814//2814 2918//2918
f 2814//2814 2816//2816 3225//3225
f 2812//2812 3011//3011 2725//2725
f 2814//2814 2813//2813 3225//3225
f 2814//2814 3225//3225 3013//3013
f 2725//2725 3011//3011 3226//3226
f 2725//2725 3226//3226 3015//3015
f 2915//2915 3132//3132 3018//3018
f 2611//2611 2917//2917 3016//3016
f 2919//2919 2727//2727 2920//2920
f 2813//2813 2919//2919 2920//2920
f 2814//2814 3013//3013 2920//2920
f 2814//2814 2920//2920 2816//2816
f 3013//3013 2816//2816 2920//2920
f 2725//2725 3015//3015 3020//3020
f 2817//2817 3020//3020 3018//3018
f 2817//2817 3018//3018 2815//2815
f 2915//2915 3018//3018 3020//3020
f 2726//2726 2728//2728 3016//3016
f 2728//2728 2920//2920 2727//2727
f 2919//2919 2920//2920 2728//2728
f 2726//2726 3016//3016 2819//2819
f 3016//3016 2728//2728 2819//2819
f 2728//2728 3017//3017 2920//2920
f 3019//3019 3136//3136 3020//3020
f 2730//2730 2818//2818 2618//2618
f 2396//2396 3138//3138 2818//2818
f 2396//2396 2619//2619 3138//3138
f 2619//2619 2623//2623 3031//3031
f 2821//2821 2734//2734 2923//2923
f 2623//2623 2822//2822 2824//2824
f 2736//2736 2926//2926 2925//2925
f 2736//2736 2925//2925 2926//2926
f 3029//3029 2826//2826 2734//2734
f 2623//2623 2625//2625 2831//2831
f 3031//3031 2623//2623 2831//2831
f 2927//2927 2928//2928 2825//2825
f 2825//2825 2928//2928 2924//2924
f 2925//2925 2827//2827 2926//2926
f 2927//2927 3142//3142 2928//2928
f 2827//2827 3028//3028 2929//2929
f 2929//2929 3037//3037 2827//2827
f 2829//2829 3043//3043 2830//2830
f 3030//3030 2830//2830 2933//2933
f 2928//2928 3038//3038 3041//3041
f 2928//2928 3041//3041 3033//3033
f 2929//2929 2935//2935 3037//3037
f 2838//2838 3029//3029 2932//2932
f 3029//3029 3144//3144 2932//2932
f 2829//2829 2834//2834 3043//3043
f 2834//2834 2833//2833 3043//3043
f 3043//3043 3044//3044 2830//2830
f 2741//2741 2830//2830 2933//2933
f 2835//2835 2930//2930 3047//3047
f 2835//2835 3047//3047 2836//2836
f 2931//2931 2831//2831 2934//2934
f 3038//3038 2939//2939 3041//3041
f 2743//2743 2835//2835 2938//2938
f 2835//2835 3047//3047 2938//2938
f 2835//2835 2836//2836 3047//3047
f 2931//2931 2934//2934 3050//3050
f 3038//3038 3048//3048 2939//2939
f 2833//2833 2937//2937 2936//2936
f 2833//2833 2834//2834 2937//2937
f 2834//2834 2841//2841 2937//2937
f 2830//2830 3049//3049 2933//2933
f 3047//3047 3050//3050 2938//2938
f 3050//3050 2934//2934 2843//2843
f 2939//2939 3048//3048 2839//2839
f 2837//2837 2838//2838 2932//2932
f 2841//2841 2848//2848 2937//2937
f 2743//2743 2938//2938 2842//2842
f 2839//2839 2940//2940 2939//2939
f 2939//2939 2940//2940 2941//2941
f 2745//2745 2935//2935 2942//2942
f 2745//2745 2942//2942 2844//2844
f 2745//2745 2844//2844 2943//2943
f 2745//2745 2943//2943 2837//2837
f 2746//2746 2944//2944 2932//2932
f 3050//3050 2843//2843 3051//3051
f 2839//2839 2850//2850 2940//2940
f 2844//2844 2942//2942 3052//3052
f 3052//3052 2943//2943 2844//2844
f 2746//2746 2932//2932 2944//2944
f 2846//2846 2849//2849 3054//3054
f 2846//2846 3051//3051 2849//2849
f 2849//2849 3051//3051 3054//3054
f 2846//2846 3054//3054 3051//3051
f 2843//2843 2747//2747 2850//2850
f 2843//2843 2850//2850 2839//2839
f 2943//2943 2944//2944 2837//2837
f 2848//2848 2845//2845 3060//3060
f 2749//2749 2842//2842 3059//3059
f 2850//2850 2954//2954 2940//2940
f 2946//2946 3063//3063 3052//3052
f 3052//3052 3063//3063 3064//3064
f 2837//2837 3171//3171 2851//2851
f 2837//2837 2944//2944 3171//3171
f 3051//3051 2747//2747 2953//2953
f 2954//2954 2955//2955 2940//2940
f 3063//3063 2957//2957 3064//3064
f 2851//2851 3171//3171 2750//2750
f 2951//2951 3060//3060 2756//2756
f 2948//2948 2952//2952 2758//2758
f 2758//2758 2952//2952 2956//2956
f 2952//2952 3070//3070 2956//2956
f 2954//2954 2854//2854 2955//2955
f 2957//2957 3063//3063 3071//3071
f 3172//3172 3071//3071 3063//3063
f 2957//2957 2857//2857 3064//3064
f 2750//2750 3171//3171 3073//3073
f 2951//2951 2755//2755 2855//2855
f 2757//2757 2856//2856 2958//2958
f 2520//2520 2762//2762 2953//2953
f 2954//2954 2959//2959 2854//2854
f 2854//2854 2959//2959 2960//2960
f 2755//2755 2757//2757 2855//2855
f 2757//2757 2958//2958 2855//2855
f 2856//2856 2759//2759 2961//2961
f 2858//2858 2960//2960 2959//2959
f 2959//2959 2960//2960 2858//2858
f 2864//2864 3073//3073 2965//2965
f 2762//2762 2865//2865 3177//3177
f 2765//2765 2964//2964 2863//2863
f 2865//2865 2861//2861 3177//3177
f 2865//2865 2966//2966 2967//2967
f 2864//2864 3076//3076 2964//2964
f 2964//2964 3076//3076 2864//2864
f 2966//2966 2866//2866 2967//2967
f 2865//2865 2967//2967 2866//2866
f 2965//2965 3081//3081 2864//2864
f 2768//2768 3080//3080 2771//2771
f 2771//2771 2863//2863 3080//3080
f 2650//2650 2772//2772 2863//2863
f 2864//2864 2968//2968 2774//2774
f 2864//2864 3081//3081 2968//2968
f 2769//2769 2973//2973 2969//2969
f 2861//2861 2868//2868 2974//2974
f 2869//2869 2971//2971 2975//2975
f 2869//2869 2862//2862 2971//2971
f 2771//2771 3080//3080 2871//2871
f 3080//3080 2863//2863 2972//2972
f 2863//2863 2772//2772 2972//2972
f 2774//2774 2968//2968 2872//2872
f 2872//2872 2968//2968 3081//3081
f 2969//2969 2870//2870 3084//3084
f 2867//2867 2976//2976 2971//2971
f 2975//2975 2971//2971 2976//2976
f 3080//3080 2972//2972 2871//2871
f 2772//2772 2871//2871 2972//2972
f 2973//2973 2776//2776 2977//2977
f 2973//2973 2977//2977 2776//2776
f 2973//2973 3084//3084 2977//2977
f 2870//2870 2969//2969 3084//3084
f 3089//3089 2974//2974 2873//2873
f 2974//2974 2875//2875 2873//2873
f 2875//2875 2978//2978 2975//2975
f 2975//2975 2978//2978 2875//2875
f 2984//2984 2979//2979 2972//2972
f 2778//2778 2872//2872 2980//2980
f 3081//3081 2980//2980 2872//2872
f 2779//2779 3089//3089 2873//2873
f 2979//2979 2984//2984 2985//2985
f 2874//2874 2981//2981 2977//2977
f 2982//2982 3084//3084 3088//3088
f 2875//2875 2986//2986 2983//2983
f 3090//3090 2986//2986 2875//2875
f 2875//2875 2983//2983 2986//2986
f 2878//2878 2984//2984 3101//3101
f 2876//2876 2980//2980 2988//2988
f 2980//2980 2981//2981 2988//2988
f 2988//2988 2981//2981 2877//2877
f 2877//2877 2981//2981 2874//2874
f 2877//2877 2874//2874 3098//3098
f 2877//2877 3098//3098 2989//2989
f 2982//2982 3088//3088 3098//3098
f 2982//2982 3098//3098 2874//2874
f 2989//2989 3098//3098 3085//3085
f 3088//3088 3085//3085 3098//3098
f 3085//3085 3089//3089 2989//2989
f 2983//2983 2986//2986 3100//3100
f 2983//2983 3100//3100 2978//2978
f 2878//2878 2987//2987 2984//2984
f 2785//2785 2877//2877 3097//3097
f 2785//2785 3097//3097 3094//3094
f 2877//2877 2783//2783 3098//3098
f 2877//2877 3098//3098 3097//3097
f 2989//2989 3085//3085 3103//3103
f 2783//2783 2989//2989 3103//3103
f 2988//2988 3108//3108 3105//3105
f 2988//2988 2785//2785 3105//3105
f 2785//2785 3094//3094 2991//2991
f 2785//2785 2991//2991 3094//3094
f 2785//2785 3094//3094 2992//2992
f 2785//2785 2992//2992 2783//2783
f 3097//3097 3098//3098 2992//2992
f 3098//3098 2783//2783 2992//2992
f 2989//2989 2783//2783 3103//3103
f 3094//3094 2991//2991 3200//3200
f 3094//3094 3200//3200 2992//2992
f 3113//3113 2881//2881 2996//2996
f 2677//2677 3206//3206 2882//2882
f 2677//2677 2997//2997 3206//3206
f 2677//2677 2884//2884 2997//2997
f 2788//2788 3203//3203 2789//2789
f 2787//2787 2558//2558 3207//3207
f 2882//2882 3204//3204 2883//2883
f 2558//2558 3114//3114 3207//3207
f 2998//2998 2999//2999 2890//2890
f 2890//2890 2999//2999 3000//3000
f 2999//2999 2894//2894 3000//3000
f 3000//3000 2894//2894 2899//2899
f 2896//2896 3000//3000 2897//2897
f 3000//3000 2899//2899 2897//2897
f 2898//2898 2899//2899 2894//2894
f 2900//2900 3001//3001 2902//2902
f 3001//3001 2901//2901 3115//3115
f 2901//2901 2903//2903 3115//3115
f 3001//3001 3115//3115 2902//2902
f 2797//2797 2902//2902 3116//3116
f 2902//2902 3117//3117 3116//3116
f 2797//2797 3116//3116 3118//3118
f 2797//2797 3118//3118 2799//2799
f 2903//2903 2704//2704 3002//3002
f 3002//3002 2704//2704 2904//2904
f 2799//2799 3118//3118 2707//2707
f 2904//2904 2905//2905 3002//3002
f 2707//2707 3118//3118 3003//3003
f 3002//3002 2905//2905 3215//3215
f 3120//3120 3121//3121 2906//2906
f 2906//2906 2907//2907 3123//3123
f 2907//2907 3125//3125 3123//3123
f 2804//2804 2906//2906 3006//3006
f 2907//2907 2910//2910 3125//3125
f 3296//3296 2709//2709 2909//2909
f 3219//3219 2908//2908 2806//2806
f 2709//2709 3125//3125 2910//2910
f 2710//2710 3006//3006 2806//2806
f 3127//3127 2912//2912 3009//3009
f 2712//2712 3220//3220 2715//2715
f 3007//3007 3221//3221 3222//3222
f 2913//2913 3222//3222 3009//3009
f 2914//2914 3011//3011 3131//3131
f 2812//2812 3012//3012 3011//3011
f 2812//2812 2915//2915 3132//3132
f 2812//2812 3132//3132 3012//3012
f 2918//2918 2814//2814 3130//3130
f 2814//2814 3225//3225 3130//3130
f 3225//3225 2816//2816 3223//3223
f 2914//2914 3131//3131 3011//3011
f 2915//2915 3015//3015 3133//3133
f 2915//2915 3133//3133 3132//3132
f 3132//3132 3133//3133 3018//3018
f 2917//2917 2918//2918 3014//3014
f 2919//2919 3014//3014 2920//2920
f 3130//3130 2813//2813 2920//2920
f 3130//3130 2920//2920 3014//3014
f 3015//3015 3226//3226 3020//3020
f 2915//2915 3020//3020 3015//3015
f 2815//2815 3018//3018 2916//2916
f 3133//3133 2916//2916 3018//3018
f 2919//2919 3016//3016 3014//3014
f 2917//2917 3014//3014 3016//3016
f 2728//2728 2920//2920 3017//3017
f 3019//3019 3020//3020 3226//3226
f 3226//3226 3015//3015 3020//3020
f 3017//3017 2921//2921 3021//3021
f 2921//2921 3017//3017 3022//3022
f 2921//2921 3022//3022 3021//3021
f 2619//2619 3031//3031 3138//3138
f 2925//2925 3025//3025 3023//3023
f 2925//2925 2926//2926 3025//3025
f 2922//2922 3141//3141 2734//2734
f 2924//2924 3024//3024 2825//2825
f 2925//2925 3023//3023 2827//2827
f 2825//2825 3024//3024 3142//3142
f 2825//2825 3142//3142 2927//2927
f 2924//2924 2928//2928 3027//3027
f 3023//3023 3028//3028 2827//2827
f 2827//2827 3025//3025 2926//2926
f 2734//2734 3141//3141 3029//3029
f 2928//2928 3033//3033 3027//3027
f 3026//3026 3030//3030 3143//3143
f 3031//3031 2831//2831 2931//2931
f 2928//2928 3142//3142 3038//3038
f 3028//3028 3036//3036 2929//2929
f 2827//2827 3037//3037 3025//3025
f 3033//3033 3041//3041 3042//3042
f 2935//2935 2929//2929 3036//3036
f 2933//2933 3040//3040 3047//3047
f 2933//2933 3047//3047 2930//2930
f 3041//3041 2939//2939 3042//3042
f 2936//2936 3144//3144 3145//3145
f 2936//2936 3145//3145 2833//2833
f 2833//2833 3145//3145 3043//3043
f 3047//3047 2931//2931 3050//3050
f 2935//2935 3154//3154 3037//3037
f 2932//2932 3144//3144 2936//2936
f 2936//2936 2937//2937 3045//3045
f 2936//2936 3045//3045 3145//3145
f 3145//3145 3045//3045 3043//3043
f 3043//3043 3045//3045 2937//2937
f 3043//3043 2937//2937 3044//3044
f 3044//3044 2937//2937 3061//3061
f 2830//2830 3044//3044 3049//3049
f 3040//3040 2938//2938 3046//3046
f 3040//3040 3046//3046 3047//3047
f 2938//2938 3050//3050 3047//3047
f 2938//2938 3047//3047 3046//3046
f 2939//2939 2941//2941 3042//3042
f 2935//2935 3036//3036 2942//2942
f 3036//3036 2946//2946 2942//2942
f 2935//2935 2745//2745 3154//3154
f 2745//2745 2837//2837 3154//3154
f 2837//2837 2932//2932 3154//3154
f 3154//3154 2932//2932 2936//2936
f 2936//2936 3145//3145 3151//3151
f 3044//3044 3061//3061 3049//3049
f 2933//2933 3049//3049 3040//3040
f 3040//3040 2842//2842 2938//2938
f 3047//3047 3050//3050 3155//3155
f 2843//2843 3048//3048 3050//3050
f 2843//2843 2839//2839 3048//3048
f 2932//2932 2944//2944 3053//3053
f 2937//2937 2848//2848 3061//3061
f 3049//3049 3061//3061 3040//3040
f 3050//3050 3051//3051 3054//3054
f 3155//3155 3050//3050 3054//3054
f 2843//2843 3050//3050 3051//3051
f 2941//2941 2940//2940 3157//3157
f 2946//2946 3052//3052 2942//2942
f 3052//3052 3056//3056 2943//2943
f 2943//2943 3056//3056 3053//3053
f 2943//2943 3053//3053 2944//2944
f 2847//2847 3057//3057 3058//3058
f 2847//2847 3058//3058 2947//2947
f 3051//3051 3055//3055 2747//2747
f 2747//2747 3055//3055 3156//3156
f 2747//2747 3156//3156 2850//2850
f 3052//3052 3064//3064 3056//3056
f 2932//2932 3057//3057 2944//2944
f 2847//2847 2947//2947 3057//3057
f 2947//2947 3058//3058 3057//3057
f 2848//2848 3060//3060 3167//3167
f 2848//2848 3167//3167 3061//3061
f 3040//3040 3061//3061 3059//3059
f 3040//3040 3059//3059 2842//2842
f 3055//3055 2954//2954 3156//3156
f 2850//2850 3156//3156 2954//2954
f 2944//2944 3053//3053 3171//3171
f 3053//3053 2944//2944 2949//2949
f 3053//3053 2949//2949 3171//3171
f 2944//2944 3057//3057 2949//2949
f 3057//3057 3163//3163 2949//2949
f 3167//3167 2950//2950 3061//3061
f 3059//3059 2945//2945 3062//3062
f 3059//3059 3062//3062 2948//2948
f 3054//3054 3070//3070 3249//3249
f 3054//3054 3051//3051 3070//3070
f 2940//2940 2955//2955 3157//3157
f 2946//2946 3172//3172 3063//3063
f 2949//2949 2951//2951 3171//3171
f 2949//2949 3171//3171 3169//3169
f 2949//2949 3169//3169 2951//2951
f 2949//2949 3163//3163 3169//3169
f 2951//2951 3169//3169 3060//3060
f 3163//3163 3060//3060 3169//3169
f 2948//2948 3062//3062 2952//2952
f 3062//3062 3249//3249 2952//2952
f 3249//3249 3070//3070 2952//2952
f 2951//2951 2855//2855 3171//3171
f 3171//3171 2855//2855 3169//3169
f 3060//3060 3065//3065 2958//2958
f 3060//3060 2958//2958 3167//3167
f 2950//2950 2958//2958 2856//2856
f 3167//3167 2958//2958 2950//2950
f 2950//2950 2856//2856 2961//2961
f 2950//2950 2961//2961 3061//3061
f 2961//2961 3069//3069 3061//3061
f 3061//3061 3069//3069 2948//2948
f 2952//2952 3170//3170 3070//3070
f 3070//3070 3051//3051 2953//2953
f 2854//2854 2960//2960 2955//2955
f 2955//2955 3072//3072 3157//3157
f 3071//3071 3067//3067 2957//2957
f 3064//3064 2857//2857 3068//3068
f 3169//3169 2855//2855 3065//3065
f 2956//2956 3070//3070 2759//2759
f 3170//3170 2759//2759 3070//3070
f 2954//2954 3066//3066 2959//2959
f 2959//2959 3173//3173 2960//2960
f 2960//2960 3072//3072 2955//2955
f 2957//2957 3067//3067 2857//2857
f 2857//2857 3067//3067 3068//3068
f 3065//3065 2855//2855 2958//2958
f 2961//2961 3170//3170 3069//3069
f 2961//2961 2759//2759 3170//3170
f 3067//3067 3174//3174 3068//3068
f 2762//2762 3177//3177 2953//2953
f 2861//2861 2970//2970 3179//3179
f 2771//2771 3080//3080 2963//2963
f 2768//2768 2963//2963 3080//3080
f 2968//2968 3078//3078 3178//3178
f 2965//2965 3180//3180 3081//3081
f 2861//2861 3089//3089 3079//3079
f 2862//2862 3077//3077 2971//2971
f 3077//3077 2867//2867 2971//2971
f 2968//2968 3178//3178 3078//3078
f 2973//2973 3271//3271 3084//3084
f 2861//2861 2974//2974 3089//3089
f 3180//3180 3083//3083 3081//3081
f 2973//2973 2977//2977 3271//3271
f 3079//3079 3089//3089 3085//3085
f 2979//2979 2985//2985 2972//2972
f 2977//2977 3087//3087 2874//2874
f 3084//3084 2982//2982 3091//3091
f 3090//3090 2875//2875 3185//3185
f 2978//2978 3185//3185 2983//2983
f 3185//3185 2978//2978 3092//3092
f 2972//2972 2985//2985 2984//2984
f 2984//2984 2985//2985 3086//3086
f 3081//3081 3083//3083 2980//2980
f 2980//2980 3087//3087 2981//2981
f 3083//3083 3087//3087 2980//2980
f 2977//2977 2981//2981 3087//3087
f 2874//2874 3087//3087 3091//3091
f 2874//2874 3091//3091 2982//2982
f 2875//2875 2986//2986 3185//3185
f 3090//3090 3185//3185 2986//2986
f 2983//2983 3185//3185 3192//3192
f 2986//2986 2983//2983 3192//3192
f 3185//3185 3092//3092 3192//3192
f 2984//2984 3086//3086 3101//3101
f 2981//2981 3188//3188 3094//3094
f 2981//2981 3188//3188 3087//3087
f 3085//3085 2989//2989 3095//3095
f 2978//2978 3100//3100 3092//3092
f 2984//2984 2987//2987 2985//2985
f 2981//2981 3094//3094 3188//3188
f 3085//3085 3095//3095 3103//3103
f 2989//2989 3194//3194 3095//3095
f 3100//3100 3099//3099 2990//2990
f 2986//2986 3099//3099 3100//3100
f 2990//2990 3099//3099 3100//3100
f 2987//2987 2878//2878 3101//3101
f 2987//2987 3102//3102 3096//3096
f 2988//2988 3093//3093 3108//3108
f 3093//3093 3193//3193 3108//3108
f 2988//2988 3105//3105 3093//3093
f 3093//3093 3105//3105 3108//3108
f 3094//3094 3097//3097 2991//2991
f 2989//2989 3103//3103 3194//3194
f 3095//3095 3194//3194 3103//3103
f 2991//2991 3097//3097 3110//3110
f 2991//2991 3110//3110 3200//3200
f 3097//3097 2992//2992 3110//3110
f 2991//2991 3112//3112 3110//3110
f 2991//2991 3110//3110 3112//3112
f 3110//3110 2992//2992 3200//3200
f 3113//3113 2787//2787 3207//3207
f 2882//2882 3206//3206 3205//3205
f 2790//2790 3209//3209 2997//2997
f 2790//2790 2997//2997 2884//2884
f 2789//2789 3290//3290 2886//2886
f 2883//2883 3204//3204 2885//2885
f 2885//2885 3208//3208 2790//2790
f 2902//2902 3115//3115 3117//3117
f 3116//3116 3117//3117 3210//3210
f 3115//3115 3119//3119 3117//3117
f 3115//3115 2903//2903 3119//3119
f 3118//3118 3116//3116 3210//3210
f 2903//2903 3002//3002 3119//3119
f 3117//3117 3119//3119 3211//3211
f 3003//3003 3118//3118 3213//3213
f 3002//3002 3215//3215 3214//3214
f 3120//3120 3211//3211 3121//3121
f 3211//3211 3212//3212 3121//3121
f 2800//2800 3003//3003 3004//3004
f 2905//2905 3005//3005 3215//3215
f 3215//3215 3005//3005 3122//3122
f 3121//3121 3217//3217 2906//2906
f 3004//3004 3295//3295 2803//2803
f 2906//2906 3123//3123 3120//3120
f 3005//3005 2802//2802 3122//3122
f 2802//2802 3219//3219 3122//3122
f 2803//2803 3295//3295 3296//3296
f 2906//2906 3124//3124 3006//3006
f 2906//2906 3217//3217 3124//3124
f 2803//2803 3296//3296 2909//2909
f 2709//2709 3296//3296 3125//3125
f 3124//3124 3218//3218 2806//2806
f 3124//3124 2806//2806 3006//3006
f 2806//2806 3218//3218 3219//3219
f 2712//2712 2911//2911 3220//3220
f 3126//3126 3221//3221 3007//3007
f 3220//3220 3128//3128 2715//2715
f 3010//3010 3129//3129 3008//3008
f 3132//3132 2916//2916 3134//3134
f 2917//2917 2918//2918 3224//3224
f 3133//3133 3134//3134 2916//2916
f 2917//2917 3224//3224 2918//2918
f 2918//2918 3130//3130 3224//3224
f 3130//3130 3225//3225 2813//2813
f 3013//3013 3223//3223 2816//2816
f 3011//3011 3012//3012 3226//3226
f 3015//3015 3134//3134 3133//3133
f 2918//2918 3224//3224 3227//3227
f 2918//2918 3227//3227 3014//3014
f 3130//3130 3014//3014 3229//3229
f 3130//3130 3229//3229 3225//3225
f 3013//3013 3225//3225 2920//2920
f 2920//2920 3225//3225 3013//3013
f 3225//3225 3223//3223 3013//3013
f 3015//3015 3228//3228 3134//3134
f 3226//3226 3228//3228 3015//3015
f 3019//3019 3226//3226 3135//3135
f 3226//3226 3020//3020 3228//3228
f 3227//3227 3017//3017 3229//3229
f 3229//3229 3017//3017 3021//3021
f 3136//3136 3231//3231 3020//3020
f 2818//2818 3137//3137 2618//2618
f 2818//2818 3138//3138 3137//3137
f 3019//3019 3135//3135 3139//3139
f 3017//3017 3230//3230 3022//3022
f 3139//3139 3136//3136 3019//3019
f 3137//3137 3138//3138 3232//3232
f 3021//3021 3022//3022 3140//3140
f 2618//2618 3141//3141 2922//2922
f 2618//2618 3137//3137 3141//3141
f 3138//3138 3031//3031 3232//3232
f 2924//2924 3140//3140 3024//3024
f 2924//2924 3027//3027 3140//3140
f 3232//3232 3031//3031 3233//3233
f 3024//3024 3027//3027 3142//3142
f 3141//3141 3026//3026 3234//3234
f 3026//3026 3143//3143 3234//3234
f 3026//3026 3143//3143 3030//3030
f 3026//3026 3233//3233 3143//3143
f 3142//3142 3027//3027 3033//3033
f 3028//3028 3023//3023 3037//3037
f 3023//3023 3025//3025 3037//3037
f 3028//3028 3148//3148 3036//3036
f 3028//3028 3037//3037 3148//3148
f 3029//3029 3243//3243 3144//3144
f 3029//3029 3141//3141 3243//3243
f 3233//3233 3146//3146 3244//3244
f 3233//3233 3031//3031 2931//2931
f 3233//3233 2931//2931 3146//3146
f 3142//3142 3033//3033 3042//3042
f 3142//3142 3042//3042 3038//3038
f 3037//3037 3154//3154 3148//3148
f 3144//3144 3243//3243 3145//3145
f 3047//3047 3146//3146 2931//2931
f 3038//3038 3042//3042 3239//3239
f 3038//3038 3239//3239 3147//3147
f 3042//3042 2941//2941 3239//3239
f 3036//3036 3148//3148 3240//3240
f 3154//3154 2936//2936 3148//3148
f 3148//3148 2936//2936 3144//3144
f 3144//3144 2936//2936 3149//3149
f 3145//3145 3243//3243 3152//3152
f 3146//3146 3050//3050 3147//3147
f 3050//3050 3048//3048 3147//3147
f 3038//3038 3147//3147 3048//3048
f 3036//3036 3240//3240 2946//2946
f 2936//2936 3151//3151 3149//3149
f 2932//2932 3241//3241 3151//3151
f 3149//3149 3151//3151 3145//3145
f 3045//3045 3151//3151 3152//3152
f 3145//3145 3152//3152 3151//3151
f 3160//3160 3244//3244 3046//3046
f 3047//3047 3155//3155 3146//3146
f 3046//3046 3244//3244 3155//3155
f 3244//3244 3146//3146 3155//3155
f 3050//3050 3302//3302 3245//3245
f 2932//2932 3053//3053 3241//3241
f 3150//3150 3241//3241 3053//3053
f 3151//3151 3057//3057 2932//2932
f 3152//3152 3243//3243 3159//3159
f 3152//3152 3159//3159 3045//3045
f 3050//3050 3245//3245 3051//3051
f 3056//3056 3158//3158 3053//3053
f 3150//3150 3053//3053 3158//3158
f 3057//3057 3151//3151 3163//3163
f 3151//3151 3045//3045 3163//3163
f 3045//3045 3159//3159 3163//3163
f 3046//3046 3155//3155 3249//3249
f 3046//3046 3249//3249 3160//3160
f 3051//3051 3245//3245 3055//3055
f 3245//3245 3161//3161 3055//3055
f 3163//3163 3159//3159 3254//3254
f 3058//3058 3254//3254 3159//3159
f 3058//3058 3159//3159 3060//3060
f 3060//3060 3159//3159 3167//3167
f 3059//3059 3165//3165 3062//3062
f 3059//3059 3062//3062 2945//2945
f 3160//3160 3062//3062 3165//3165
f 3160//3160 3249//3249 3062//3062
f 3054//3054 3166//3166 3155//3155
f 3054//3054 3249//3249 3166//3166
f 3249//3249 3155//3155 3166//3166
f 3056//3056 3256//3256 3158//3158
f 3058//3058 3060//3060 3254//3254
f 3163//3163 3254//3254 3060//3060
f 3167//3167 3159//3159 3164//3164
f 3059//3059 3061//3061 3165//3165
f 3055//3055 3252//3252 2954//2954
f 3056//3056 3064//3064 3316//3316
f 3056//3056 3316//3316 3256//3256
f 2949//2949 3162//3162 3171//3171
f 2949//2949 3169//3169 3253//3253
f 2949//2949 3253//3253 3162//3162
f 3254//3254 3167//3167 3164//3164
f 3165//3165 3061//3061 3250//3250
f 3165//3165 3250//3250 3062//3062
f 3070//3070 3166//3166 3257//3257
f 3070//3070 3257//3257 2952//2952
f 2952//2952 3257//3257 3168//3168
f 3162//3162 3253//3253 3171//3171
f 3169//3169 3065//3065 3254//3254
f 3060//3060 3167//3167 3065//3065
f 3254//3254 3065//3065 3167//3167
f 2948//2948 3069//3069 3061//3061
f 3061//3061 3069//3069 3250//3250
f 3250//3250 3069//3069 3170//3170
f 3250//3250 3170//3170 3168//3168
f 2952//2952 3168//3168 3170//3170
f 3070//3070 2953//2953 3166//3166
f 3257//3257 3166//3166 2953//2953
f 3068//3068 3316//3316 3064//3064
f 3066//3066 2954//2954 3255//3255
f 3066//3066 3255//3255 3175//3175
f 2959//2959 3175//3175 3173//3173
f 2960//2960 3173//3173 3072//3072
f 3071//3071 3174//3174 3067//3067
f 3171//3171 3322//3322 3073//3073
f 2953//2953 3177//3177 3257//3257
f 2959//2959 3066//3066 3175//3175
f 3066//3066 3173//3173 3175//3175
f 3174//3174 3176//3176 3068//3068
f 3073//3073 3322//3322 3327//3327
f 3066//3066 3259//3259 3173//3173
f 3066//3066 3263//3263 3259//3259
f 3176//3176 3074//3074 3068//3068
f 3066//3066 3075//3075 3263//3263
f 2965//2965 3073//3073 3327//3327
f 2965//2965 3267//3267 3178//3178
f 3178//3178 3267//3267 2965//2965
f 2965//2965 3327//3327 3180//3180
f 3177//3177 2861//2861 3079//3079
f 2861//2861 3179//3179 2970//2970
f 3178//3178 3078//3078 3267//3267
f 3180//3180 3327//3327 3083//3083
f 3267//3267 3181//3181 3180//3180
f 3079//3079 3184//3184 3273//3273
f 3271//3271 2977//2977 3275//3275
f 3271//3271 3275//3275 3084//3084
f 2977//2977 3084//3084 3275//3275
f 3183//3183 3079//3079 3085//3085
f 3083//3083 3182//3182 3087//3087
f 3182//3182 3281//3281 3087//3087
f 3182//3182 3275//3275 3281//3281
f 3087//3087 3281//3281 3277//3277
f 3087//3087 3277//3277 3091//3091
f 3091//3091 3277//3277 3084//3084
f 3275//3275 3183//3183 3277//3277
f 3084//3084 3277//3277 3183//3183
f 3084//3084 3183//3183 3088//3088
f 3088//3088 3183//3183 3085//3085
f 2980//2980 3191//3191 3280//3280
f 2981//2981 3087//3087 3188//3188
f 3091//3091 3088//3088 3189//3189
f 3085//3085 3282//3282 3095//3095
f 3086//3086 3190//3190 3101//3101
f 2985//2985 3190//3190 3086//3086
f 2980//2980 3280//3280 3093//3093
f 2980//2980 3093//3093 3191//3191
f 3088//3088 3091//3091 3189//3189
f 3085//3085 3095//3095 3282//3282
f 3192//3192 3099//3099 2986//2986
f 3092//3092 3100//3100 3192//3192
f 2985//2985 2987//2987 3096//3096
f 2985//2985 3096//3096 3190//3190
f 3101//3101 3190//3190 3096//3096
f 3101//3101 3096//3096 2987//2987
f 3280//3280 3191//3191 3093//3093
f 3095//3095 3194//3194 3282//3282
f 3095//3095 3282//3282 3194//3194
f 3100//3100 3099//3099 3192//3192
f 2987//2987 3096//3096 3102//3102
f 3093//3093 3108//3108 3283//3283
f 3193//3193 3283//3283 3108//3108
f 3093//3093 3283//3283 3193//3193
f 3285//3285 3195//3195 3198//3198
f 3096//3096 3102//3102 3196//3196
f 3108//3108 3109//3109 3202//3202
f 3108//3108 3202//3202 3109//3109
f 2996//2996 2881//2881 3203//3203
f 2997//2997 3209//3209 3206//3206
f 3203//3203 3290//3290 2789//2789
f 3203//3203 2881//2881 3290//3290
f 2790//2790 3208//3208 3209//3209
f 2886//2886 3291//3291 3114//3114
f 2885//2885 3384//3384 3208//3208
f 3119//3119 3212//3212 3211//3211
f 3210//3210 3117//3117 3211//3211
f 3119//3119 3002//3002 3212//3212
f 3118//3118 3210//3210 3213//3213
f 3210//3210 3211//3211 3213//3213
f 3213//3213 3211//3211 3120//3120
f 3212//3212 3002//3002 3214//3214
f 3003//3003 3213//3213 3216//3216
f 3213//3213 3292//3292 3216//3216
f 3213//3213 3120//3120 3292//3292
f 3212//3212 3214//3214 3294//3294
f 3212//3212 3294//3294 3121//3121
f 3214//3214 3215//3215 3293//3293
f 3003//3003 3216//3216 3004//3004
f 3215//3215 3122//3122 3293//3293
f 3004//3004 3216//3216 3295//3295
f 3292//3292 3120//3120 3297//3297
f 3121//3121 3294//3294 3217//3217
f 3297//3297 3120//3120 3123//3123
f 3123//3123 3125//3125 3297//3297
f 3217//3217 3294//3294 3124//3124
f 3122//3122 3219//3219 3218//3218
f 3296//3296 3297//3297 3125//3125
f 3127//3127 3009//3009 3222//3222
f 2911//2911 3008//3008 3129//3129
f 3010//3010 3128//3128 3129//3129
f 3132//3132 3134//3134 3012//3012
f 3012//3012 3134//3134 3226//3226
f 3224//3224 3130//3130 3014//3014
f 3224//3224 3014//3014 3227//3227
f 3130//3130 3225//3225 3229//3229
f 3130//3130 3229//3229 3014//3014
f 3226//3226 3134//3134 3228//3228
f 3226//3226 3231//3231 3135//3135
f 3226//3226 3228//3228 3231//3231
f 3227//3227 3229//3229 3230//3230
f 3020//3020 3231//3231 3228//3228
f 3017//3017 3227//3227 3230//3230
f 3230//3230 3229//3229 3140//3140
f 3229//3229 3021//3021 3140//3140
f 3135//3135 3231//3231 3139//3139
f 3022//3022 3230//3230 3140//3140
f 3136//3136 3139//3139 3231//3231
f 3137//3137 3298//3298 3141//3141
f 3137//3137 3232//3232 3298//3298
f 3140//3140 3027//3027 3024//3024
f 3026//3026 3141//3141 3233//3233
f 3298//3298 3233//3233 3141//3141
f 3298//3298 3232//3232 3233//3233
f 3141//3141 3234//3234 3233//3233
f 3143//3143 3299//3299 3234//3234
f 3233//3233 3234//3234 3299//3299
f 3143//3143 3233//3233 3299//3299
f 3299//3299 3233//3233 3346//3346
f 3141//3141 3236//3236 3243//3243
f 3141//3141 3234//3234 3236//3236
f 3346//3346 3233//3233 3244//3244
f 3148//3148 3144//3144 3235//3235
f 3146//3146 3237//3237 3301//3301
f 3146//3146 3147//3147 3237//3237
f 3144//3144 3149//3149 3235//3235
f 3149//3149 3145//3145 3242//3242
f 3235//3235 3149//3149 3242//3242
f 3346//3346 3244//3244 3160//3160
f 3239//3239 2941//2941 3304//3304
f 3145//3145 3151//3151 3242//3242
f 3151//3151 3241//3241 3242//3242
f 3149//3149 3242//3242 3241//3241
f 3236//3236 3238//3238 3243//3243
f 3146//3146 3301//3301 3303//3303
f 3146//3146 3303//3303 3155//3155
f 3146//3146 3155//3155 3302//3302
f 3155//3155 3303//3303 3302//3302
f 3050//3050 3146//3146 3302//3302
f 2946//2946 3240//3240 3153//3153
f 3243//3243 3238//3238 3159//3159
f 3239//3239 3156//3156 3353//3353
f 3156//3156 3239//3239 3304//3304
f 3156//3156 3304//3304 3353//3353
f 2941//2941 3157//3157 3304//3304
f 3056//3056 3246//3246 3158//3158
f 3246//3246 3150//3150 3158//3158
f 3245//3245 3308//3308 3161//3161
f 3056//3056 3305//3305 3246//3246
f 3056//3056 3158//3158 3305//3305
f 3053//3053 3309//3309 3158//3158
f 3158//3158 3309//3309 3053//3053
f 3158//3158 3309//3309 3162//3162
f 3158//3158 3162//3162 3310//3310
f 3162//3162 3057//3057 3310//3310
f 3159//3159 3238//3238 3306//3306
f 3389//3389 3160//3160 3165//3165
f 3165//3165 3062//3062 3250//3250
f 3165//3165 3250//3250 3307//3307
f 3055//3055 3161//3161 3252//3252
f 3308//3308 3252//3252 3161//3161
f 3256//3256 3309//3309 3158//3158
f 3256//3256 3162//3162 3309//3309
f 3057//3057 3162//3162 3253//3253
f 3057//3057 3253//3253 3310//3310
f 3248//3248 3164//3164 3247//3247
f 3159//3159 3306//3306 3164//3164
f 3062//3062 3249//3249 3251//3251
f 3062//3062 3251//3251 3249//3249
f 3166//3166 3252//3252 3251//3251
f 3162//3162 3256//3256 3253//3253
f 3169//3169 3254//3254 3253//3253
f 3248//3248 3254//3254 3164//3164
f 3164//3164 3306//3306 3254//3254
f 3165//3165 3168//3168 3306//3306
f 3165//3165 3250//3250 3168//3168
f 3249//3249 3168//3168 3251//3251
f 3251//3251 3168//3168 3257//3257
f 3166//3166 3251//3251 3359//3359
f 3251//3251 3257//3257 3359//3359
f 3166//3166 3359//3359 3255//3255
f 3166//3166 3255//3255 3252//3252
f 2946//2946 3153//3153 3172//3172
f 3253//3253 3254//3254 3322//3322
f 3254//3254 3306//3306 3322//3322
f 3252//3252 3255//3255 2954//2954
f 3157//3157 3072//3072 3312//3312
f 3172//3172 3153//3153 3258//3258
f 3253//3253 3322//3322 3171//3171
f 3172//3172 3258//3258 3071//3071
f 3067//3067 3316//3316 3068//3068
f 3255//3255 3320//3320 3175//3175
f 3173//3173 3318//3318 3072//3072
f 3175//3175 3320//3320 3323//3323
f 3066//3066 3175//3175 3323//3323
f 3173//3173 3259//3259 3318//3318
f 3174//3174 3071//3071 3258//3258
f 3067//3067 3068//3068 3326//3326
f 3174//3174 3258//3258 3260//3260
f 3174//3174 3260//3260 3176//3176
f 3258//3258 3325//3325 3260//3260
f 3068//3068 3074//3074 3326//3326
f 3329//3329 3257//3257 3177//3177
f 3066//3066 3323//3323 3075//3075
f 3259//3259 3263//3263 3261//3261
f 3074//3074 3264//3264 3326//3326
f 3074//3074 3176//3176 3264//3264
f 3176//3176 3326//3326 3264//3264
f 3329//3329 3177//3177 3079//3079
f 3075//3075 3265//3265 3263//3263
f 3075//3075 3263//3263 3265//3265
f 3263//3263 3266//3266 3261//3261
f 3260//3260 3264//3264 3176//3176
f 3265//3265 3266//3266 3263//3263
f 3329//3329 3079//3079 3183//3183
f 3178//3178 3267//3267 3078//3078
f 3267//3267 3180//3180 3272//3272
f 3327//3327 3268//3268 3271//3271
f 3267//3267 3272//3272 3181//3181
f 3181//3181 3272//3272 3180//3180
f 3083//3083 3327//3327 3182//3182
f 3327//3327 3271//3271 3182//3182
f 3268//3268 3329//3329 3183//3183
f 3268//3268 3183//3183 3271//3271
f 3079//3079 3273//3273 3184//3184
f 3181//3181 3186//3186 3334//3334
f 3272//3272 3181//3181 3334//3334
f 3271//3271 3275//3275 3182//3182
f 3275//3275 3332//3332 3183//3183
f 3271//3271 3332//3332 3275//3275
f 3271//3271 3183//3183 3332//3332
f 3273//3273 3187//3187 3184//3184
f 3184//3184 3276//3276 3273//3273
f 3181//3181 3334//3334 3186//3186
f 3334//3334 3186//3186 3274//3274
f 3182//3182 3274//3274 3281//3281
f 3182//3182 3281//3281 3275//3275
f 3275//3275 3277//3277 3332//3332
f 3332//3332 3277//3277 3278//3278
f 3333//3333 3279//3279 3187//3187
f 3186//3186 3191//3191 3274//3274
f 3274//3274 3191//3191 3188//3188
f 3274//3274 3188//3188 3281//3281
f 3277//3277 3189//3189 3278//3278
f 3278//3278 3189//3189 3279//3279
f 3278//3278 3279//3279 3333//3333
f 3189//3189 3095//3095 3279//3279
f 3187//3187 3279//3279 3282//3282
f 3279//3279 3187//3187 3282//3282
f 3189//3189 3279//3279 3095//3095
f 3096//3096 3196//3196 3102//3102
f 3196//3196 3193//3193 3286//3286
f 3195//3195 3285//3285 3198//3198
f 3193//3193 3196//3196 3286//3286
f 2881//2881 3113//3113 3342//3342
f 3113//3113 3207//3207 3382//3382
f 2882//2882 3205//3205 3383//3383
f 3205//3205 3206//3206 3341//3341
f 2881//2881 3342//3342 3290//3290
f 3206//3206 3208//3208 3341//3341
f 3206//3206 3209//3209 3208//3208
f 3290//3290 3342//3342 2886//2886
f 2886//2886 3342//3342 3291//3291
f 3207//3207 3114//3114 3291//3291
f 3214//3214 3293//3293 3294//3294
f 3216//3216 3297//3297 3295//3295
f 3216//3216 3292//3292 3297//3297
f 3293//3293 3122//3122 3294//3294
f 3295//3295 3297//3297 3296//3296
f 3294//3294 3122//3122 3218//3218
f 3124//3124 3294//3294 3218//3218
f 3221//3221 3126//3126 3343//3343
f 3126//3126 3127//3127 3343//3343
f 3220//3220 2911//2911 3344//3344
f 2911//2911 3129//3129 3344//3344
f 3221//3221 3385//3385 3222//3222
f 3385//3385 3127//3127 3222//3222
f 3128//3128 3386//3386 3129//3129
f 3141//3141 3233//3233 3299//3299
f 3141//3141 3299//3299 3234//3234
f 3234//3234 3299//3299 3300//3300
f 3300//3300 3299//3299 3346//3346
f 3234//3234 3300//3300 3236//3236
f 3148//3148 3235//3235 3345//3345
f 3346//3346 3160//3160 3389//3389
f 3237//3237 3147//3147 3308//3308
f 3148//3148 3345//3345 3240//3240
f 3345//3345 3347//3347 3240//3240
f 3150//3150 3347//3347 3241//3241
f 3239//3239 3353//3353 3147//3147
f 3147//3147 3353//3353 3308//3308
f 3302//3302 3308//3308 3245//3245
f 3246//3246 3305//3305 3150//3150
f 3158//3158 3310//3310 3305//3305
f 3238//3238 3389//3389 3306//3306
f 3305//3305 3310//3310 3309//3309
f 3310//3310 3355//3355 3248//3248
f 3310//3310 3248//3248 3247//3247
f 3307//3307 3250//3250 3351//3351
f 3250//3250 3249//3249 3356//3356
f 3250//3250 3356//3356 3351//3351
f 3308//3308 3352//3352 3252//3252
f 3252//3252 3352//3352 3251//3251
f 3157//3157 3312//3312 3317//3317
f 3310//3310 3253//3253 3355//3355
f 3253//3253 3163//3163 3355//3355
f 3247//3247 3164//3164 3358//3358
f 3165//3165 3306//3306 3389//3389
f 3307//3307 3394//3394 3165//3165
f 3165//3165 3394//3394 3314//3314
f 3165//3165 3314//3314 3250//3250
f 3250//3250 3314//3314 3249//3249
f 3249//3249 3251//3251 3356//3356
f 3356//3356 3251//3251 3311//3311
f 3256//3256 3393//3393 3253//3253
f 3163//3163 3253//3253 3313//3313
f 3163//3163 3313//3313 3355//3355
f 3253//3253 3393//3393 3313//3313
f 3248//3248 3313//3313 3254//3254
f 3355//3355 3313//3313 3248//3248
f 3164//3164 3254//3254 3313//3313
f 3164//3164 3313//3313 3358//3358
f 3249//3249 3314//3314 3168//3168
f 3168//3168 3314//3314 3359//3359
f 3168//3168 3359//3359 3257//3257
f 3306//3306 3168//3168 3319//3319
f 3317//3317 3312//3312 3318//3318
f 3153//3153 3315//3315 3258//3258
f 3322//3322 3306//3306 3362//3362
f 3072//3072 3318//3318 3312//3312
f 3315//3315 3321//3321 3258//3258
f 3315//3315 3316//3316 3321//3321
f 3315//3315 3357//3357 3316//3316
f 3317//3317 3318//3318 3320//3320
f 3316//3316 3067//3067 3326//3326
f 3321//3321 3316//3316 3326//3326
f 3168//3168 3257//3257 3319//3319
f 3320//3320 3318//3318 3259//3259
f 3319//3319 3257//3257 3329//3329
f 3323//3323 3320//3320 3363//3363
f 3320//3320 3259//3259 3363//3363
f 3322//3322 3362//3362 3327//3327
f 3319//3319 3329//3329 3324//3324
f 3075//3075 3323//3323 3263//3263
f 3323//3323 3363//3363 3261//3261
f 3176//3176 3364//3364 3326//3326
f 3325//3325 3326//3326 3364//3364
f 3325//3325 3364//3364 3260//3260
f 3176//3176 3264//3264 3364//3364
f 3362//3362 3324//3324 3327//3327
f 3263//3263 3323//3323 3261//3261
f 3265//3265 3263//3263 3261//3261
f 3265//3265 3261//3261 3365//3365
f 3327//3327 3324//3324 3268//3268
f 3324//3324 3329//3329 3268//3268
f 3265//3265 3365//3365 3266//3266
f 3181//3181 3272//3272 3334//3334
f 3271//3271 3371//3371 3275//3275
f 3182//3182 3275//3275 3371//3371
f 3275//3275 3332//3332 3271//3271
f 3273//3273 3276//3276 3187//3187
f 3187//3187 3276//3276 3184//3184
f 3334//3334 3274//3274 3370//3370
f 3182//3182 3371//3371 3274//3274
f 3274//3274 3371//3371 3370//3370
f 3274//3274 3370//3370 3371//3371
f 3281//3281 3371//3371 3277//3277
f 3277//3277 3371//3371 3278//3278
f 3271//3271 3332//3332 3278//3278
f 3271//3271 3278//3278 3371//3371
f 3332//3332 3278//3278 3333//3333
f 3333//3333 3187//3187 3279//3279
f 3186//3186 3334//3334 3370//3370
f 3186//3186 3370//3370 3191//3191
f 3191//3191 3370//3370 3371//3371
f 3281//3281 3188//3188 3371//3371
f 3191//3191 3371//3371 3188//3188
f 3277//3277 3278//3278 3189//3189
f 3189//3189 3278//3278 3336//3336
f 3189//3189 3336//3336 3279//3279
f 3278//3278 3333//3333 3336//3336
f 3333//3333 3279//3279 3336//3336
f 3113//3113 3382//3382 3342//3342
f 3383//3383 3205//3205 3341//3341
f 2882//2882 3383//3383 3204//3204
f 3383//3383 3341//3341 3384//3384
f 3382//3382 3291//3291 3342//3342
f 3204//3204 3384//3384 2885//2885
f 3208//3208 3384//3384 3341//3341
f 3343//3343 3385//3385 3221//3221
f 3344//3344 3129//3129 3386//3386
f 3385//3385 3343//3343 3127//3127
f 3220//3220 3344//3344 3128//3128
f 3128//3128 3344//3344 3386//3386
f 3149//3149 3235//3235 3242//3242
f 3236//3236 3388//3388 3238//3238
f 3302//3302 3303//3303 3237//3237
f 3301//3301 3237//3237 3303//3303
f 3347//3347 3348//3348 3241//3241
f 3347//3347 3345//3345 3348//3348
f 3149//3149 3348//3348 3235//3235
f 3241//3241 3348//3348 3149//3149
f 3345//3345 3235//3235 3348//3348
f 3237//3237 3349//3349 3302//3302
f 3308//3308 3349//3349 3237//3237
f 3302//3302 3349//3349 3308//3308
f 3308//3308 3353//3353 3349//3349
f 3240//3240 3347//3347 3392//3392
f 3150//3150 3392//3392 3347//3347
f 3349//3349 3353//3353 3308//3308
f 3150//3150 3305//3305 3392//3392
f 3350//3350 3354//3354 3310//3310
f 3350//3350 3310//3310 3390//3390
f 3310//3310 3247//3247 3390//3390
f 3356//3356 3311//3311 3351//3351
f 3308//3308 3353//3353 3352//3352
f 3304//3304 3157//3157 3353//3353
f 3240//3240 3315//3315 3153//3153
f 3310//3310 3354//3354 3305//3305
f 3310//3310 3305//3305 3309//3309
f 3392//3392 3305//3305 3354//3354
f 3310//3310 3309//3309 3354//3354
f 3310//3310 3354//3354 3355//3355
f 3309//3309 3310//3310 3355//3355
f 3309//3309 3355//3355 3354//3354
f 3247//3247 3358//3358 3390//3390
f 3311//3311 3251//3251 3352//3352
f 3311//3311 3352//3352 3391//3391
f 3157//3157 3317//3317 3353//3353
f 3315//3315 3240//3240 3357//3357
f 3240//3240 3392//3392 3357//3357
f 3352//3352 3353//3353 3361//3361
f 3314//3314 3360//3360 3359//3359
f 3316//3316 3357//3357 3393//3393
f 3316//3316 3393//3393 3256//3256
f 3359//3359 3360//3360 3361//3361
f 3359//3359 3361//3361 3255//3255
f 3255//3255 3361//3361 3317//3317
f 3361//3361 3353//3353 3317//3317
f 3306//3306 3319//3319 3362//3362
f 3255//3255 3317//3317 3320//3320
f 3258//3258 3321//3321 3325//3325
f 3321//3321 3326//3326 3325//3325
f 3362//3362 3319//3319 3324//3324
f 3259//3259 3261//3261 3363//3363
f 3261//3261 3266//3266 3363//3363
f 3363//3363 3266//3266 3261//3261
f 3260//3260 3364//3364 3264//3264
f 3261//3261 3266//3266 3365//3365
f 3274//3274 3371//3371 3368//3368
f 3332//3332 3333//3333 3369//3369
f 3274//3274 3368//3368 3370//3370
f 3368//3368 3371//3371 3370//3370
f 3332//3332 3369//3369 3278//3278
f 3278//3278 3369//3369 3333//3333
f 3333//3333 3374//3374 3336//3336
f 3333//3333 3336//3336 3374//3374
f 3373//3373 3400//3400 3377//3377
f 3372//3372 3336//3336 3380//3380
f 3382//3382 3207//3207 3291//3291
f 3204//3204 3383//3383 3384//3384
f 3236//3236 3300//3300 3388//3388
f 3300//3300 3387//3387 3388//3388
f 3300//3300 3346//3346 3387//3387
f 3238//3238 3388//3388 3389//3389
f 3388//3388 3387//3387 3389//3389
f 3346//3346 3389//3389 3387//3387
f 3390//3390 3358//3358 3350//3350
f 3351//3351 3394//3394 3307//3307
f 3351//3351 3311//3311 3394//3394
f 3354//3354 3350//3350 3393//3393
f 3350//3350 3358//3358 3393//3393
f 3394//3394 3311//3311 3361//3361
f 3391//3391 3361//3361 3311//3311
f 3352//3352 3361//3361 3391//3391
f 3354//3354 3393//3393 3392//3392
f 3313//3313 3393//3393 3358//3358
f 3314//3314 3394//3394 3360//3360
f 3394//3394 3361//3361 3360//3360
f 3392//3392 3393//3393 3357//3357
f 3397//3397 3373//3373 3399//3399
f 3373//3373 3377//3377 3400//3400
f 3336//3336 3372//3372 3406//3406
f 3372//3372 3398//3398 3406//3406
f 3373//3373 3397//3397 3376//3376
f 3373//3373 3376//3376 3399//3399
f 3374//3374 3336//3336 3406//3406
f 3336//3336 3406//3406 3380//3380
f 3372//3372 3380//3380 3398//3398
f 3336//3336 3374//3374 3406//3406
f 3397//3397 3399//3399 3376//3376
f 3406//3406 3398//3398 3380//3380
f 3415//3415 3407//3407 3414//3414
f 3407//3407 3415//3415 3414//3414
